xrun(64): 25.03-s003: (c) Copyright 1995-2025 Cadence Design Systems, Inc.
TOOL:	xrun(64)	25.03-s003: Started on Feb 20, 2026 at 16:55:15 EST
xrun
	-64bit
	-sv
	-linedebug
	-access +rwc
	-timescale 1ns/10ps
	+define+SIM=1
	+define+INST_FILE=""
	+testname=
	+incdir+sym_links
	-coverage all
	-licqueue
	-covoverwrite
	-f sym_links/sim_no_path.include
		sym_links/calculator_pkg.sv
		sym_links/adder32.sv
		sym_links/controller.sv
		sym_links/full_adder.sv
		sym_links/result_buffer.sv
		sym_links/CF_SRAM_1024x32.tt_180V_25C.v
		sym_links/top_lvl.sv
		sym_links/calc_seq_item.svh
		sym_links/calc_tb_pkg.sv
		sym_links/calc_driver.svh
		sym_links/calc_monitor.svh
		sym_links/calc_sb.svh
		sym_links/calc_sequencer.svh
		sym_links/calc_if.sv
		sym_links/calc_tb_top.sv
	-logfile simulation.log

   User defined plus("+") options:
	+testname=

xrun: *W,BADPRF: The -linedebug option may have an adverse performance impact.
Recompiling... reason: file './sym_links/calc_tb_top.sv' is newer than expected.
	expected: Fri Feb 20 16:49:58 2026
	actual:   Fri Feb 20 16:55:08 2026
file: sym_links/calc_tb_top.sv
	module worklib.calc_tb_top:sv
		errors: 0, warnings: 0
		Caching library 'worklib' ....... Done
	Elaborating the design hierarchy:
	Top level design units:
		$unit_0x268d732d
		calculator_pkg
		calc_tb_pkg
		calc_tb_top

	Extracting FSMs for coverage:
		worklib.controller
			FSM extracted for state register state
xmelab: *W,COVDNC: Coverage inside Verilog library cells and VHDL vital cells is not enabled by default; if needed, use the set_libcell_scoring command at elaboration.
		worklib.full_adder
		worklib.adder32
		worklib.result_buffer
		worklib.top_lvl
		worklib.calc_tb_top
	Total FSMs extracted = 1
	Building instance overlay tables: ..
xmelab: *W,COVFDP: FSM description matching across instance of a module for "COVFDM" warning has been moved from elaboration to simulation dumping. To restore old matching behavior, use "set_backward_compat -COVFDM_during_elab". Also, it is recommended to use set_parameterized_module_coverage CCF command to avoid coverage loss due to FSM description difference across instances of a module.
xmelab: *W,COVFHT: FSM hold transitions (transitions to the current state) are not extracted for any FSM in default mode.
.................. Done
	Enabling instrumentation for coverage types: block expression FSM toggle functional
xmelab: *W,COVDCL: By default expression coverage is scored only for Verilog logical operators (|| and &&) and VHDL logical operators (OR, AND, NOR, and NAND), and is scored only in condition expressions. To score coverage for other operators and for expressions in other statements, use the "set_expr_coverable_operators" and "set_expr_coverable_statements" coverage configuration file commands with suitable options at elaboration.
	Generating native compiled code:
		worklib.calc_tb_top:sv <0x44d994e9>
			streams:  42, words: 60442
xmelab: *W,COVNOEN: By default, toggle coverage is not supported for systemverilog enumerated nets and variables. To enable toggle coverage of these objects, specify the 'set_toggle_scoring -sv_enum' command in the coverage configuration file.
	Building instance specific data structures.
	Loading native compiled code:     .................... Done
	Design hierarchy summary:
		                     Instances  Unique
		Modules:                    41       8
		Interfaces:                  1       1
		Verilog packages:            2       2
		Primitives:                  6       2
		Registers:                 317     287
		Scalar wires:              430       -
		Expanded wires:             64       2
		Vectored wires:             43       -
		Named events:               11       7
		Always blocks:              64      41
		Initial blocks:             20      13
		Clocking blocks:             1       1
		Clocking items:             19      19
		Parallel blocks:             2       2
		Cont. assignments:         175      91
		Pseudo assignments:        160       -
		Assertions:                  3       3
		Compilation units:           1       1
		SV Class declarations:       5      10
		SV Class specializations:    5       5
		Simulation timescale:      1ps
	Writing initial simulation snapshot: worklib.calc_tb_top:sv
Loading snapshot worklib.calc_tb_top:sv .................... Done
SVSEED default: 1
xcelium> source /tools/software/cadence/xcelium/latest/tools/xcelium/files/xmsimrc
xcelium> run
xmsim: *W,SHMPOPT: Some objects excluded from $shm_probe due to optimizations.
            File: ./sym_links/calc_tb_top.sv, line = 50, pos = 37
           Scope: calc_tb_top
            Time: 0 FS + 0

        95 --- Starting Memory Initialization ---
       105 [DRIVER] Init SRAM block 0 at Addr 0x000 with Data 0x12153524
       105 Mon: Initialize SRAM; Write to SRAM A, Addr: 0x0, Data: 0x12153524
       105 SB: Initialized memory A at address 0x0
       115 [DRIVER] Init SRAM block 1 at Addr 0x000 with Data 0xc0895e81
       115 Mon: Initialize SRAM; Write to SRAM B, Addr: 0x0, Data: 0xc0895e81
       115 SB: Initialized memory B at address 0x0
       125 [DRIVER] Init SRAM block 0 at Addr 0x001 with Data 0x8484d609
       125 Mon: Initialize SRAM; Write to SRAM A, Addr: 0x1, Data: 0x8484d609
       125 SB: Initialized memory A at address 0x1
       135 [DRIVER] Init SRAM block 1 at Addr 0x001 with Data 0xb1f05663
       135 Mon: Initialize SRAM; Write to SRAM B, Addr: 0x1, Data: 0xb1f05663
       135 SB: Initialized memory B at address 0x1
       145 [DRIVER] Init SRAM block 0 at Addr 0x002 with Data 0x06b97b0d
       145 Mon: Initialize SRAM; Write to SRAM A, Addr: 0x2, Data: 0x6b97b0d
       145 SB: Initialized memory A at address 0x2
       155 [DRIVER] Init SRAM block 1 at Addr 0x002 with Data 0x46df998d
       155 Mon: Initialize SRAM; Write to SRAM B, Addr: 0x2, Data: 0x46df998d
       155 SB: Initialized memory B at address 0x2
       165 [DRIVER] Init SRAM block 0 at Addr 0x003 with Data 0xb2c28465
       165 Mon: Initialize SRAM; Write to SRAM A, Addr: 0x3, Data: 0xb2c28465
       165 SB: Initialized memory A at address 0x3
       175 [DRIVER] Init SRAM block 1 at Addr 0x003 with Data 0x89375212
       175 Mon: Initialize SRAM; Write to SRAM B, Addr: 0x3, Data: 0x89375212
       175 SB: Initialized memory B at address 0x3
       185 [DRIVER] Init SRAM block 0 at Addr 0x004 with Data 0x00f3e301
       185 Mon: Initialize SRAM; Write to SRAM A, Addr: 0x4, Data: 0xf3e301
       185 SB: Initialized memory A at address 0x4
       195 [DRIVER] Init SRAM block 1 at Addr 0x004 with Data 0x06d7cd0d
       195 Mon: Initialize SRAM; Write to SRAM B, Addr: 0x4, Data: 0x6d7cd0d
       195 SB: Initialized memory B at address 0x4
       205 [DRIVER] Init SRAM block 0 at Addr 0x005 with Data 0x3b23f176
       205 Mon: Initialize SRAM; Write to SRAM A, Addr: 0x5, Data: 0x3b23f176
       205 SB: Initialized memory A at address 0x5
       215 [DRIVER] Init SRAM block 1 at Addr 0x005 with Data 0x1e8dcd3d
       215 Mon: Initialize SRAM; Write to SRAM B, Addr: 0x5, Data: 0x1e8dcd3d
       215 SB: Initialized memory B at address 0x5
       225 [DRIVER] Init SRAM block 0 at Addr 0x006 with Data 0x76d457ed
       225 Mon: Initialize SRAM; Write to SRAM A, Addr: 0x6, Data: 0x76d457ed
       225 SB: Initialized memory A at address 0x6
       235 [DRIVER] Init SRAM block 1 at Addr 0x006 with Data 0x462df78c
       235 Mon: Initialize SRAM; Write to SRAM B, Addr: 0x6, Data: 0x462df78c
       235 SB: Initialized memory B at address 0x6
       245 [DRIVER] Init SRAM block 0 at Addr 0x007 with Data 0x7cfde9f9
       245 Mon: Initialize SRAM; Write to SRAM A, Addr: 0x7, Data: 0x7cfde9f9
       245 SB: Initialized memory A at address 0x7
       255 [DRIVER] Init SRAM block 1 at Addr 0x007 with Data 0xe33724c6
       255 Mon: Initialize SRAM; Write to SRAM B, Addr: 0x7, Data: 0xe33724c6
       255 SB: Initialized memory B at address 0x7
       265 [DRIVER] Init SRAM block 0 at Addr 0x008 with Data 0xe2f784c5
       265 Mon: Initialize SRAM; Write to SRAM A, Addr: 0x8, Data: 0xe2f784c5
       265 SB: Initialized memory A at address 0x8
       275 [DRIVER] Init SRAM block 1 at Addr 0x008 with Data 0xd513d2aa
       275 Mon: Initialize SRAM; Write to SRAM B, Addr: 0x8, Data: 0xd513d2aa
       275 SB: Initialized memory B at address 0x8
       285 [DRIVER] Init SRAM block 0 at Addr 0x009 with Data 0x72aff7e5
       285 Mon: Initialize SRAM; Write to SRAM A, Addr: 0x9, Data: 0x72aff7e5
       285 SB: Initialized memory A at address 0x9
       295 [DRIVER] Init SRAM block 1 at Addr 0x009 with Data 0xbbd27277
       295 Mon: Initialize SRAM; Write to SRAM B, Addr: 0x9, Data: 0xbbd27277
       295 SB: Initialized memory B at address 0x9
       305 [DRIVER] Init SRAM block 0 at Addr 0x00a with Data 0x8932d612
       305 Mon: Initialize SRAM; Write to SRAM A, Addr: 0xa, Data: 0x8932d612
       305 SB: Initialized memory A at address 0xa
       315 [DRIVER] Init SRAM block 1 at Addr 0x00a with Data 0x47ecdb8f
       315 Mon: Initialize SRAM; Write to SRAM B, Addr: 0xa, Data: 0x47ecdb8f
       315 SB: Initialized memory B at address 0xa
       325 [DRIVER] Init SRAM block 0 at Addr 0x00b with Data 0x793069f2
       325 Mon: Initialize SRAM; Write to SRAM A, Addr: 0xb, Data: 0x793069f2
       325 SB: Initialized memory A at address 0xb
       335 [DRIVER] Init SRAM block 1 at Addr 0x00b with Data 0xe77696ce
       335 Mon: Initialize SRAM; Write to SRAM B, Addr: 0xb, Data: 0xe77696ce
       335 SB: Initialized memory B at address 0xb
       345 [DRIVER] Init SRAM block 0 at Addr 0x00c with Data 0xf4007ae8
       345 Mon: Initialize SRAM; Write to SRAM A, Addr: 0xc, Data: 0xf4007ae8
       345 SB: Initialized memory A at address 0xc
       355 [DRIVER] Init SRAM block 1 at Addr 0x00c with Data 0xe2ca4ec5
       355 Mon: Initialize SRAM; Write to SRAM B, Addr: 0xc, Data: 0xe2ca4ec5
       355 SB: Initialized memory B at address 0xc
       365 [DRIVER] Init SRAM block 0 at Addr 0x00d with Data 0x2e58495c
       365 Mon: Initialize SRAM; Write to SRAM A, Addr: 0xd, Data: 0x2e58495c
       365 SB: Initialized memory A at address 0xd
       375 [DRIVER] Init SRAM block 1 at Addr 0x00d with Data 0xde8e28bd
       375 Mon: Initialize SRAM; Write to SRAM B, Addr: 0xd, Data: 0xde8e28bd
       375 SB: Initialized memory B at address 0xd
       385 [DRIVER] Init SRAM block 0 at Addr 0x00e with Data 0x96ab582d
       385 Mon: Initialize SRAM; Write to SRAM A, Addr: 0xe, Data: 0x96ab582d
       385 SB: Initialized memory A at address 0xe
       395 [DRIVER] Init SRAM block 1 at Addr 0x00e with Data 0xb2a72665
       395 Mon: Initialize SRAM; Write to SRAM B, Addr: 0xe, Data: 0xb2a72665
       395 SB: Initialized memory B at address 0xe
       405 [DRIVER] Init SRAM block 0 at Addr 0x00f with Data 0xb1ef6263
       405 Mon: Initialize SRAM; Write to SRAM A, Addr: 0xf, Data: 0xb1ef6263
       405 SB: Initialized memory A at address 0xf
       415 [DRIVER] Init SRAM block 1 at Addr 0x00f with Data 0x0573870a
       415 Mon: Initialize SRAM; Write to SRAM B, Addr: 0xf, Data: 0x573870a
       415 SB: Initialized memory B at address 0xf
       425 [DRIVER] Init SRAM block 0 at Addr 0x010 with Data 0xc03b2280
       425 Mon: Initialize SRAM; Write to SRAM A, Addr: 0x10, Data: 0xc03b2280
       425 SB: Initialized memory A at address 0x10
       435 [DRIVER] Init SRAM block 1 at Addr 0x010 with Data 0x10642120
       435 Mon: Initialize SRAM; Write to SRAM B, Addr: 0x10, Data: 0x10642120
       435 SB: Initialized memory B at address 0x10
       445 [DRIVER] Init SRAM block 0 at Addr 0x011 with Data 0x557845aa
       445 Mon: Initialize SRAM; Write to SRAM A, Addr: 0x11, Data: 0x557845aa
       445 SB: Initialized memory A at address 0x11
       455 [DRIVER] Init SRAM block 1 at Addr 0x011 with Data 0xcecccc9d
       455 Mon: Initialize SRAM; Write to SRAM B, Addr: 0x11, Data: 0xcecccc9d
       455 SB: Initialized memory B at address 0x11
       465 [DRIVER] Init SRAM block 0 at Addr 0x012 with Data 0xcb203e96
       465 Mon: Initialize SRAM; Write to SRAM A, Addr: 0x12, Data: 0xcb203e96
       465 SB: Initialized memory A at address 0x12
       475 [DRIVER] Init SRAM block 1 at Addr 0x012 with Data 0x8983b813
       475 Mon: Initialize SRAM; Write to SRAM B, Addr: 0x12, Data: 0x8983b813
       475 SB: Initialized memory B at address 0x12
       485 [DRIVER] Init SRAM block 0 at Addr 0x013 with Data 0x86bc380d
       485 Mon: Initialize SRAM; Write to SRAM A, Addr: 0x13, Data: 0x86bc380d
       485 SB: Initialized memory A at address 0x13
       495 [DRIVER] Init SRAM block 1 at Addr 0x013 with Data 0xa9a7d653
       495 Mon: Initialize SRAM; Write to SRAM B, Addr: 0x13, Data: 0xa9a7d653
       495 SB: Initialized memory B at address 0x13
       505 [DRIVER] Init SRAM block 0 at Addr 0x014 with Data 0x359fdd6b
       505 Mon: Initialize SRAM; Write to SRAM A, Addr: 0x14, Data: 0x359fdd6b
       505 SB: Initialized memory A at address 0x14
       515 [DRIVER] Init SRAM block 1 at Addr 0x014 with Data 0xeaa62ad5
       515 Mon: Initialize SRAM; Write to SRAM B, Addr: 0x14, Data: 0xeaa62ad5
       515 SB: Initialized memory B at address 0x14
       525 [DRIVER] Init SRAM block 0 at Addr 0x015 with Data 0x81174a02
       525 Mon: Initialize SRAM; Write to SRAM A, Addr: 0x15, Data: 0x81174a02
       525 SB: Initialized memory A at address 0x15
       535 [DRIVER] Init SRAM block 1 at Addr 0x015 with Data 0xd7563eae
       535 Mon: Initialize SRAM; Write to SRAM B, Addr: 0x15, Data: 0xd7563eae
       535 SB: Initialized memory B at address 0x15
       545 [DRIVER] Init SRAM block 0 at Addr 0x016 with Data 0x0effe91d
       545 Mon: Initialize SRAM; Write to SRAM A, Addr: 0x16, Data: 0xeffe91d
       545 SB: Initialized memory A at address 0x16
       555 [DRIVER] Init SRAM block 1 at Addr 0x016 with Data 0xe7c572cf
       555 Mon: Initialize SRAM; Write to SRAM B, Addr: 0x16, Data: 0xe7c572cf
       555 SB: Initialized memory B at address 0x16
       565 [DRIVER] Init SRAM block 0 at Addr 0x017 with Data 0x11844923
       565 Mon: Initialize SRAM; Write to SRAM A, Addr: 0x17, Data: 0x11844923
       565 SB: Initialized memory A at address 0x17
       575 [DRIVER] Init SRAM block 1 at Addr 0x017 with Data 0x0509650a
       575 Mon: Initialize SRAM; Write to SRAM B, Addr: 0x17, Data: 0x509650a
       575 SB: Initialized memory B at address 0x17
       585 [DRIVER] Init SRAM block 0 at Addr 0x018 with Data 0xe5730aca
       585 Mon: Initialize SRAM; Write to SRAM A, Addr: 0x18, Data: 0xe5730aca
       585 SB: Initialized memory A at address 0x18
       595 [DRIVER] Init SRAM block 1 at Addr 0x018 with Data 0x9e314c3c
       595 Mon: Initialize SRAM; Write to SRAM B, Addr: 0x18, Data: 0x9e314c3c
       595 SB: Initialized memory B at address 0x18
       605 [DRIVER] Init SRAM block 0 at Addr 0x019 with Data 0x7968bdf2
       605 Mon: Initialize SRAM; Write to SRAM A, Addr: 0x19, Data: 0x7968bdf2
       605 SB: Initialized memory A at address 0x19
       615 [DRIVER] Init SRAM block 1 at Addr 0x019 with Data 0x452e618a
       615 Mon: Initialize SRAM; Write to SRAM B, Addr: 0x19, Data: 0x452e618a
       615 SB: Initialized memory B at address 0x19
       625 [DRIVER] Init SRAM block 0 at Addr 0x01a with Data 0x20c4b341
       625 Mon: Initialize SRAM; Write to SRAM A, Addr: 0x1a, Data: 0x20c4b341
       625 SB: Initialized memory A at address 0x1a
       635 [DRIVER] Init SRAM block 1 at Addr 0x01a with Data 0xec4b34d8
       635 Mon: Initialize SRAM; Write to SRAM B, Addr: 0x1a, Data: 0xec4b34d8
       635 SB: Initialized memory B at address 0x1a
       645 [DRIVER] Init SRAM block 0 at Addr 0x01b with Data 0x3c20f378
       645 Mon: Initialize SRAM; Write to SRAM A, Addr: 0x1b, Data: 0x3c20f378
       645 SB: Initialized memory A at address 0x1b
       655 [DRIVER] Init SRAM block 1 at Addr 0x01b with Data 0xc48a1289
       655 Mon: Initialize SRAM; Write to SRAM B, Addr: 0x1b, Data: 0xc48a1289
       655 SB: Initialized memory B at address 0x1b
       665 [DRIVER] Init SRAM block 0 at Addr 0x01c with Data 0x75c50deb
       665 Mon: Initialize SRAM; Write to SRAM A, Addr: 0x1c, Data: 0x75c50deb
       665 SB: Initialized memory A at address 0x1c
       675 [DRIVER] Init SRAM block 1 at Addr 0x01c with Data 0x5b0265b6
       675 Mon: Initialize SRAM; Write to SRAM B, Addr: 0x1c, Data: 0x5b0265b6
       675 SB: Initialized memory B at address 0x1c
       685 [DRIVER] Init SRAM block 0 at Addr 0x01d with Data 0x634bf9c6
       685 Mon: Initialize SRAM; Write to SRAM A, Addr: 0x1d, Data: 0x634bf9c6
       685 SB: Initialized memory A at address 0x1d
       695 [DRIVER] Init SRAM block 1 at Addr 0x01d with Data 0x571513ae
       695 Mon: Initialize SRAM; Write to SRAM B, Addr: 0x1d, Data: 0x571513ae
       695 SB: Initialized memory B at address 0x1d
       705 [DRIVER] Init SRAM block 0 at Addr 0x01e with Data 0xde7502bc
       705 Mon: Initialize SRAM; Write to SRAM A, Addr: 0x1e, Data: 0xde7502bc
       705 SB: Initialized memory A at address 0x1e
       715 [DRIVER] Init SRAM block 1 at Addr 0x01e with Data 0x150fdd2a
       715 Mon: Initialize SRAM; Write to SRAM B, Addr: 0x1e, Data: 0x150fdd2a
       715 SB: Initialized memory B at address 0x1e
       725 [DRIVER] Init SRAM block 0 at Addr 0x01f with Data 0x85d79a0b
       725 Mon: Initialize SRAM; Write to SRAM A, Addr: 0x1f, Data: 0x85d79a0b
       725 SB: Initialized memory A at address 0x1f
       735 [DRIVER] Init SRAM block 1 at Addr 0x01f with Data 0xb897be71
       735 Mon: Initialize SRAM; Write to SRAM B, Addr: 0x1f, Data: 0xb897be71
       735 SB: Initialized memory B at address 0x1f
       745 [DRIVER] Init SRAM block 0 at Addr 0x020 with Data 0x42f24185
       745 Mon: Initialize SRAM; Write to SRAM A, Addr: 0x20, Data: 0x42f24185
       745 SB: Initialized memory A at address 0x20
       755 [DRIVER] Init SRAM block 1 at Addr 0x020 with Data 0x27f2554f
       755 Mon: Initialize SRAM; Write to SRAM B, Addr: 0x20, Data: 0x27f2554f
       755 SB: Initialized memory B at address 0x20
       765 [DRIVER] Init SRAM block 0 at Addr 0x021 with Data 0x9dcc603b
       765 Mon: Initialize SRAM; Write to SRAM A, Addr: 0x21, Data: 0x9dcc603b
       765 SB: Initialized memory A at address 0x21
       775 [DRIVER] Init SRAM block 1 at Addr 0x021 with Data 0x1d06333a
       775 Mon: Initialize SRAM; Write to SRAM B, Addr: 0x21, Data: 0x1d06333a
       775 SB: Initialized memory B at address 0x21
       785 [DRIVER] Init SRAM block 0 at Addr 0x022 with Data 0xbf23327e
       785 Mon: Initialize SRAM; Write to SRAM A, Addr: 0x22, Data: 0xbf23327e
       785 SB: Initialized memory A at address 0x22
       795 [DRIVER] Init SRAM block 1 at Addr 0x022 with Data 0x0aaa4b15
       795 Mon: Initialize SRAM; Write to SRAM B, Addr: 0x22, Data: 0xaaa4b15
       795 SB: Initialized memory B at address 0x22
       805 [DRIVER] Init SRAM block 0 at Addr 0x023 with Data 0x78d99bf1
       805 Mon: Initialize SRAM; Write to SRAM A, Addr: 0x23, Data: 0x78d99bf1
       805 SB: Initialized memory A at address 0x23
       815 [DRIVER] Init SRAM block 1 at Addr 0x023 with Data 0x6c9c4bd9
       815 Mon: Initialize SRAM; Write to SRAM B, Addr: 0x23, Data: 0x6c9c4bd9
       815 SB: Initialized memory B at address 0x23
       825 [DRIVER] Init SRAM block 0 at Addr 0x024 with Data 0x31230762
       825 Mon: Initialize SRAM; Write to SRAM A, Addr: 0x24, Data: 0x31230762
       825 SB: Initialized memory A at address 0x24
       835 [DRIVER] Init SRAM block 1 at Addr 0x024 with Data 0x2635fb4c
       835 Mon: Initialize SRAM; Write to SRAM B, Addr: 0x24, Data: 0x2635fb4c
       835 SB: Initialized memory B at address 0x24
       845 [DRIVER] Init SRAM block 0 at Addr 0x025 with Data 0x4fa1559f
       845 Mon: Initialize SRAM; Write to SRAM A, Addr: 0x25, Data: 0x4fa1559f
       845 SB: Initialized memory A at address 0x25
       855 [DRIVER] Init SRAM block 1 at Addr 0x025 with Data 0x47b9a18f
       855 Mon: Initialize SRAM; Write to SRAM B, Addr: 0x25, Data: 0x47b9a18f
       855 SB: Initialized memory B at address 0x25
       865 [DRIVER] Init SRAM block 0 at Addr 0x026 with Data 0x7c6da9f8
       865 Mon: Initialize SRAM; Write to SRAM A, Addr: 0x26, Data: 0x7c6da9f8
       865 SB: Initialized memory A at address 0x26
       875 [DRIVER] Init SRAM block 1 at Addr 0x026 with Data 0xdbcd60b7
       875 Mon: Initialize SRAM; Write to SRAM B, Addr: 0x26, Data: 0xdbcd60b7
       875 SB: Initialized memory B at address 0x26
       885 [DRIVER] Init SRAM block 0 at Addr 0x027 with Data 0xcfc4569f
       885 Mon: Initialize SRAM; Write to SRAM A, Addr: 0x27, Data: 0xcfc4569f
       885 SB: Initialized memory A at address 0x27
       895 [DRIVER] Init SRAM block 1 at Addr 0x027 with Data 0xae7d945c
       895 Mon: Initialize SRAM; Write to SRAM B, Addr: 0x27, Data: 0xae7d945c
       895 SB: Initialized memory B at address 0x27
       905 [DRIVER] Init SRAM block 0 at Addr 0x028 with Data 0xadcbc05b
       905 Mon: Initialize SRAM; Write to SRAM A, Addr: 0x28, Data: 0xadcbc05b
       905 SB: Initialized memory A at address 0x28
       915 [DRIVER] Init SRAM block 1 at Addr 0x028 with Data 0x44de3789
       915 Mon: Initialize SRAM; Write to SRAM B, Addr: 0x28, Data: 0x44de3789
       915 SB: Initialized memory B at address 0x28
       925 [DRIVER] Init SRAM block 0 at Addr 0x029 with Data 0xa4ae3249
       925 Mon: Initialize SRAM; Write to SRAM A, Addr: 0x29, Data: 0xa4ae3249
       925 SB: Initialized memory A at address 0x29
       935 [DRIVER] Init SRAM block 1 at Addr 0x029 with Data 0xe8233ed0
       935 Mon: Initialize SRAM; Write to SRAM B, Addr: 0x29, Data: 0xe8233ed0
       935 SB: Initialized memory B at address 0x29
       945 [DRIVER] Init SRAM block 0 at Addr 0x02a with Data 0xebfec0d7
       945 Mon: Initialize SRAM; Write to SRAM A, Addr: 0x2a, Data: 0xebfec0d7
       945 SB: Initialized memory A at address 0x2a
       955 [DRIVER] Init SRAM block 1 at Addr 0x02a with Data 0xa8c7fc51
       955 Mon: Initialize SRAM; Write to SRAM B, Addr: 0x2a, Data: 0xa8c7fc51
       955 SB: Initialized memory B at address 0x2a
       965 [DRIVER] Init SRAM block 0 at Addr 0x02b with Data 0x4b212f96
       965 Mon: Initialize SRAM; Write to SRAM A, Addr: 0x2b, Data: 0x4b212f96
       965 SB: Initialized memory A at address 0x2b
       975 [DRIVER] Init SRAM block 1 at Addr 0x02b with Data 0x061d7f0c
       975 Mon: Initialize SRAM; Write to SRAM B, Addr: 0x2b, Data: 0x61d7f0c
       975 SB: Initialized memory B at address 0x2b
       985 [DRIVER] Init SRAM block 0 at Addr 0x02c with Data 0xe12ccec2
       985 Mon: Initialize SRAM; Write to SRAM A, Addr: 0x2c, Data: 0xe12ccec2
       985 SB: Initialized memory A at address 0x2c
       995 [DRIVER] Init SRAM block 1 at Addr 0x02c with Data 0x6457edc8
       995 Mon: Initialize SRAM; Write to SRAM B, Addr: 0x2c, Data: 0x6457edc8
       995 SB: Initialized memory B at address 0x2c
      1005 [DRIVER] Init SRAM block 0 at Addr 0x02d with Data 0xbb825a77
      1005 Mon: Initialize SRAM; Write to SRAM A, Addr: 0x2d, Data: 0xbb825a77
      1005 SB: Initialized memory A at address 0x2d
      1015 [DRIVER] Init SRAM block 1 at Addr 0x02d with Data 0x1ef2ed3d
      1015 Mon: Initialize SRAM; Write to SRAM B, Addr: 0x2d, Data: 0x1ef2ed3d
      1015 SB: Initialized memory B at address 0x2d
      1025 [DRIVER] Init SRAM block 0 at Addr 0x02e with Data 0x090cdb12
      1025 Mon: Initialize SRAM; Write to SRAM A, Addr: 0x2e, Data: 0x90cdb12
      1025 SB: Initialized memory A at address 0x2e
      1035 [DRIVER] Init SRAM block 1 at Addr 0x02e with Data 0xbf05007e
      1035 Mon: Initialize SRAM; Write to SRAM B, Addr: 0x2e, Data: 0xbf05007e
      1035 SB: Initialized memory B at address 0x2e
      1045 [DRIVER] Init SRAM block 0 at Addr 0x02f with Data 0x36e5816d
      1045 Mon: Initialize SRAM; Write to SRAM A, Addr: 0x2f, Data: 0x36e5816d
      1045 SB: Initialized memory A at address 0x2f
      1055 [DRIVER] Init SRAM block 1 at Addr 0x02f with Data 0x1cd9e739
      1055 Mon: Initialize SRAM; Write to SRAM B, Addr: 0x2f, Data: 0x1cd9e739
      1055 SB: Initialized memory B at address 0x2f
      1065 [DRIVER] Init SRAM block 0 at Addr 0x030 with Data 0x0fd28f1f
      1065 Mon: Initialize SRAM; Write to SRAM A, Addr: 0x30, Data: 0xfd28f1f
      1065 SB: Initialized memory A at address 0x30
      1075 [DRIVER] Init SRAM block 1 at Addr 0x030 with Data 0xe9ebf6d3
      1075 Mon: Initialize SRAM; Write to SRAM B, Addr: 0x30, Data: 0xe9ebf6d3
      1075 SB: Initialized memory B at address 0x30
      1085 [DRIVER] Init SRAM block 0 at Addr 0x031 with Data 0x42d92f85
      1085 Mon: Initialize SRAM; Write to SRAM A, Addr: 0x31, Data: 0x42d92f85
      1085 SB: Initialized memory A at address 0x31
      1095 [DRIVER] Init SRAM block 1 at Addr 0x031 with Data 0xbc148878
      1095 Mon: Initialize SRAM; Write to SRAM B, Addr: 0x31, Data: 0xbc148878
      1095 SB: Initialized memory B at address 0x31
      1105 [DRIVER] Init SRAM block 0 at Addr 0x032 with Data 0x2dda595b
      1105 Mon: Initialize SRAM; Write to SRAM A, Addr: 0x32, Data: 0x2dda595b
      1105 SB: Initialized memory A at address 0x32
      1115 [DRIVER] Init SRAM block 1 at Addr 0x032 with Data 0x248b4b49
      1115 Mon: Initialize SRAM; Write to SRAM B, Addr: 0x32, Data: 0x248b4b49
      1115 SB: Initialized memory B at address 0x32
      1125 [DRIVER] Init SRAM block 0 at Addr 0x033 with Data 0x9ff2ae3f
      1125 Mon: Initialize SRAM; Write to SRAM A, Addr: 0x33, Data: 0x9ff2ae3f
      1125 SB: Initialized memory A at address 0x33
      1135 [DRIVER] Init SRAM block 1 at Addr 0x033 with Data 0x150caf2a
      1135 Mon: Initialize SRAM; Write to SRAM B, Addr: 0x33, Data: 0x150caf2a
      1135 SB: Initialized memory B at address 0x33
      1145 [DRIVER] Init SRAM block 0 at Addr 0x034 with Data 0x2c156358
      1145 Mon: Initialize SRAM; Write to SRAM A, Addr: 0x34, Data: 0x2c156358
      1145 SB: Initialized memory A at address 0x34
      1155 [DRIVER] Init SRAM block 1 at Addr 0x034 with Data 0xc33f3886
      1155 Mon: Initialize SRAM; Write to SRAM B, Addr: 0x34, Data: 0xc33f3886
      1155 SB: Initialized memory B at address 0x34
      1165 [DRIVER] Init SRAM block 0 at Addr 0x035 with Data 0xc71a0c8e
      1165 Mon: Initialize SRAM; Write to SRAM A, Addr: 0x35, Data: 0xc71a0c8e
      1165 SB: Initialized memory A at address 0x35
      1175 [DRIVER] Init SRAM block 1 at Addr 0x035 with Data 0xce2ff29c
      1175 Mon: Initialize SRAM; Write to SRAM B, Addr: 0x35, Data: 0xce2ff29c
      1175 SB: Initialized memory B at address 0x35
      1185 [DRIVER] Init SRAM block 0 at Addr 0x036 with Data 0x7d3599fa
      1185 Mon: Initialize SRAM; Write to SRAM A, Addr: 0x36, Data: 0x7d3599fa
      1185 SB: Initialized memory A at address 0x36
      1195 [DRIVER] Init SRAM block 1 at Addr 0x036 with Data 0x937dbc26
      1195 Mon: Initialize SRAM; Write to SRAM B, Addr: 0x36, Data: 0x937dbc26
      1195 SB: Initialized memory B at address 0x36
      1205 [DRIVER] Init SRAM block 0 at Addr 0x037 with Data 0x39961773
      1205 Mon: Initialize SRAM; Write to SRAM A, Addr: 0x37, Data: 0x39961773
      1205 SB: Initialized memory A at address 0x37
      1215 [DRIVER] Init SRAM block 1 at Addr 0x037 with Data 0xd18bb4a3
      1215 Mon: Initialize SRAM; Write to SRAM B, Addr: 0x37, Data: 0xd18bb4a3
      1215 SB: Initialized memory B at address 0x37
      1225 [DRIVER] Init SRAM block 0 at Addr 0x038 with Data 0x9799a82f
      1225 Mon: Initialize SRAM; Write to SRAM A, Addr: 0x38, Data: 0x9799a82f
      1225 SB: Initialized memory A at address 0x38
      1235 [DRIVER] Init SRAM block 1 at Addr 0x038 with Data 0xd9d292b3
      1235 Mon: Initialize SRAM; Write to SRAM B, Addr: 0x38, Data: 0xd9d292b3
      1235 SB: Initialized memory B at address 0x38
      1245 [DRIVER] Init SRAM block 0 at Addr 0x039 with Data 0xafd8565f
      1245 Mon: Initialize SRAM; Write to SRAM A, Addr: 0x39, Data: 0xafd8565f
      1245 SB: Initialized memory A at address 0x39
      1255 [DRIVER] Init SRAM block 1 at Addr 0x039 with Data 0x22290d44
      1255 Mon: Initialize SRAM; Write to SRAM B, Addr: 0x39, Data: 0x22290d44
      1255 SB: Initialized memory B at address 0x39
      1265 [DRIVER] Init SRAM block 0 at Addr 0x03a with Data 0x7bf8fdf7
      1265 Mon: Initialize SRAM; Write to SRAM A, Addr: 0x3a, Data: 0x7bf8fdf7
      1265 SB: Initialized memory A at address 0x3a
      1275 [DRIVER] Init SRAM block 1 at Addr 0x03a with Data 0xe59b36cb
      1275 Mon: Initialize SRAM; Write to SRAM B, Addr: 0x3a, Data: 0xe59b36cb
      1275 SB: Initialized memory B at address 0x3a
      1285 [DRIVER] Init SRAM block 0 at Addr 0x03b with Data 0xf3091ae6
      1285 Mon: Initialize SRAM; Write to SRAM A, Addr: 0x3b, Data: 0xf3091ae6
      1285 SB: Initialized memory A at address 0x3b
      1295 [DRIVER] Init SRAM block 1 at Addr 0x03b with Data 0x2d28db5a
      1295 Mon: Initialize SRAM; Write to SRAM B, Addr: 0x3b, Data: 0x2d28db5a
      1295 SB: Initialized memory B at address 0x3b
      1305 [DRIVER] Init SRAM block 0 at Addr 0x03c with Data 0x14cfc129
      1305 Mon: Initialize SRAM; Write to SRAM A, Addr: 0x3c, Data: 0x14cfc129
      1305 SB: Initialized memory A at address 0x3c
      1315 [DRIVER] Init SRAM block 1 at Addr 0x03c with Data 0xf682e2ed
      1315 Mon: Initialize SRAM; Write to SRAM B, Addr: 0x3c, Data: 0xf682e2ed
      1315 SB: Initialized memory B at address 0x3c
      1325 [DRIVER] Init SRAM block 0 at Addr 0x03d with Data 0xed536cda
      1325 Mon: Initialize SRAM; Write to SRAM A, Addr: 0x3d, Data: 0xed536cda
      1325 SB: Initialized memory A at address 0x3d
      1335 [DRIVER] Init SRAM block 1 at Addr 0x03d with Data 0xb29fb665
      1335 Mon: Initialize SRAM; Write to SRAM B, Addr: 0x3d, Data: 0xb29fb665
      1335 SB: Initialized memory B at address 0x3d
      1345 [DRIVER] Init SRAM block 0 at Addr 0x03e with Data 0xda8ae2b5
      1345 Mon: Initialize SRAM; Write to SRAM A, Addr: 0x3e, Data: 0xda8ae2b5
      1345 SB: Initialized memory A at address 0x3e
      1355 [DRIVER] Init SRAM block 1 at Addr 0x03e with Data 0xefbe94df
      1355 Mon: Initialize SRAM; Write to SRAM B, Addr: 0x3e, Data: 0xefbe94df
      1355 SB: Initialized memory B at address 0x3e
      1365 [DRIVER] Init SRAM block 0 at Addr 0x03f with Data 0x3cf11979
      1365 Mon: Initialize SRAM; Write to SRAM A, Addr: 0x3f, Data: 0x3cf11979
      1365 SB: Initialized memory A at address 0x3f
      1375 [DRIVER] Init SRAM block 1 at Addr 0x03f with Data 0x2231ff44
      1375 Mon: Initialize SRAM; Write to SRAM B, Addr: 0x3f, Data: 0x2231ff44
      1375 SB: Initialized memory B at address 0x3f
      1385 [DRIVER] Init SRAM block 0 at Addr 0x040 with Data 0xe8740cd0
      1385 Mon: Initialize SRAM; Write to SRAM A, Addr: 0x40, Data: 0xe8740cd0
      1385 SB: Initialized memory A at address 0x40
      1395 [DRIVER] Init SRAM block 1 at Addr 0x040 with Data 0x15090b2a
      1395 Mon: Initialize SRAM; Write to SRAM B, Addr: 0x40, Data: 0x15090b2a
      1395 SB: Initialized memory B at address 0x40
      1405 [DRIVER] Init SRAM block 0 at Addr 0x041 with Data 0x55f6adab
      1405 Mon: Initialize SRAM; Write to SRAM A, Addr: 0x41, Data: 0x55f6adab
      1405 SB: Initialized memory A at address 0x41
      1415 [DRIVER] Init SRAM block 1 at Addr 0x041 with Data 0x076fcf0e
      1415 Mon: Initialize SRAM; Write to SRAM B, Addr: 0x41, Data: 0x76fcf0e
      1415 SB: Initialized memory B at address 0x41
      1425 [DRIVER] Init SRAM block 0 at Addr 0x042 with Data 0x6e5daddc
      1425 Mon: Initialize SRAM; Write to SRAM A, Addr: 0x42, Data: 0x6e5daddc
      1425 SB: Initialized memory A at address 0x42
      1435 [DRIVER] Init SRAM block 1 at Addr 0x042 with Data 0xcd5ebc9a
      1435 Mon: Initialize SRAM; Write to SRAM B, Addr: 0x42, Data: 0xcd5ebc9a
      1435 SB: Initialized memory B at address 0x42
      1445 [DRIVER] Init SRAM block 0 at Addr 0x043 with Data 0xfedf72fd
      1445 Mon: Initialize SRAM; Write to SRAM A, Addr: 0x43, Data: 0xfedf72fd
      1445 SB: Initialized memory A at address 0x43
      1455 [DRIVER] Init SRAM block 1 at Addr 0x043 with Data 0xe1f102c3
      1455 Mon: Initialize SRAM; Write to SRAM B, Addr: 0x43, Data: 0xe1f102c3
      1455 SB: Initialized memory B at address 0x43
      1465 [DRIVER] Init SRAM block 0 at Addr 0x044 with Data 0x2b0eed56
      1465 Mon: Initialize SRAM; Write to SRAM A, Addr: 0x44, Data: 0x2b0eed56
      1465 SB: Initialized memory A at address 0x44
      1475 [DRIVER] Init SRAM block 1 at Addr 0x044 with Data 0x2779e94e
      1475 Mon: Initialize SRAM; Write to SRAM B, Addr: 0x44, Data: 0x2779e94e
      1475 SB: Initialized memory B at address 0x44
      1485 [DRIVER] Init SRAM block 0 at Addr 0x045 with Data 0xb3d97667
      1485 Mon: Initialize SRAM; Write to SRAM A, Addr: 0x45, Data: 0xb3d97667
      1485 SB: Initialized memory A at address 0x45
      1495 [DRIVER] Init SRAM block 1 at Addr 0x045 with Data 0x8531340a
      1495 Mon: Initialize SRAM; Write to SRAM B, Addr: 0x45, Data: 0x8531340a
      1495 SB: Initialized memory B at address 0x45
      1505 [DRIVER] Init SRAM block 0 at Addr 0x046 with Data 0x5b6fb9b6
      1505 Mon: Initialize SRAM; Write to SRAM A, Addr: 0x46, Data: 0x5b6fb9b6
      1505 SB: Initialized memory A at address 0x46
      1515 [DRIVER] Init SRAM block 1 at Addr 0x046 with Data 0x9c0e8a38
      1515 Mon: Initialize SRAM; Write to SRAM B, Addr: 0x46, Data: 0x9c0e8a38
      1515 SB: Initialized memory B at address 0x46
      1525 [DRIVER] Init SRAM block 0 at Addr 0x047 with Data 0x3cd18779
      1525 Mon: Initialize SRAM; Write to SRAM A, Addr: 0x47, Data: 0x3cd18779
      1525 SB: Initialized memory A at address 0x47
      1535 [DRIVER] Init SRAM block 1 at Addr 0x047 with Data 0xdc2bc4b8
      1535 Mon: Initialize SRAM; Write to SRAM B, Addr: 0x47, Data: 0xdc2bc4b8
      1535 SB: Initialized memory B at address 0x47
      1545 [DRIVER] Init SRAM block 0 at Addr 0x048 with Data 0x4a74bf94
      1545 Mon: Initialize SRAM; Write to SRAM A, Addr: 0x48, Data: 0x4a74bf94
      1545 SB: Initialized memory A at address 0x48
      1555 [DRIVER] Init SRAM block 1 at Addr 0x048 with Data 0x49c65d93
      1555 Mon: Initialize SRAM; Write to SRAM B, Addr: 0x48, Data: 0x49c65d93
      1555 SB: Initialized memory B at address 0x48
      1565 [DRIVER] Init SRAM block 0 at Addr 0x049 with Data 0x823f2c04
      1565 Mon: Initialize SRAM; Write to SRAM A, Addr: 0x49, Data: 0x823f2c04
      1565 SB: Initialized memory A at address 0x49
      1575 [DRIVER] Init SRAM block 1 at Addr 0x049 with Data 0xacb7ca59
      1575 Mon: Initialize SRAM; Write to SRAM B, Addr: 0x49, Data: 0xacb7ca59
      1575 SB: Initialized memory B at address 0x49
      1585 [DRIVER] Init SRAM block 0 at Addr 0x04a with Data 0x6dcb69db
      1585 Mon: Initialize SRAM; Write to SRAM A, Addr: 0x4a, Data: 0x6dcb69db
      1585 SB: Initialized memory A at address 0x4a
      1595 [DRIVER] Init SRAM block 1 at Addr 0x04a with Data 0xa6fcde4d
      1595 Mon: Initialize SRAM; Write to SRAM B, Addr: 0x4a, Data: 0xa6fcde4d
      1595 SB: Initialized memory B at address 0x4a
      1605 [DRIVER] Init SRAM block 0 at Addr 0x04b with Data 0x6cb0b7d9
      1605 Mon: Initialize SRAM; Write to SRAM A, Addr: 0x4b, Data: 0x6cb0b7d9
      1605 SB: Initialized memory A at address 0x4b
      1615 [DRIVER] Init SRAM block 1 at Addr 0x04b with Data 0xb6a4266d
      1615 Mon: Initialize SRAM; Write to SRAM B, Addr: 0x4b, Data: 0xb6a4266d
      1615 SB: Initialized memory B at address 0x4b
      1625 [DRIVER] Init SRAM block 0 at Addr 0x04c with Data 0xbb45e276
      1625 Mon: Initialize SRAM; Write to SRAM A, Addr: 0x4c, Data: 0xbb45e276
      1625 SB: Initialized memory A at address 0x4c
      1635 [DRIVER] Init SRAM block 1 at Addr 0x04c with Data 0x653b49ca
      1635 Mon: Initialize SRAM; Write to SRAM B, Addr: 0x4c, Data: 0x653b49ca
      1635 SB: Initialized memory B at address 0x4c
      1645 [DRIVER] Init SRAM block 0 at Addr 0x04d with Data 0x5b172db6
      1645 Mon: Initialize SRAM; Write to SRAM A, Addr: 0x4d, Data: 0x5b172db6
      1645 SB: Initialized memory A at address 0x4d
      1655 [DRIVER] Init SRAM block 1 at Addr 0x04d with Data 0x4a937195
      1655 Mon: Initialize SRAM; Write to SRAM B, Addr: 0x4d, Data: 0x4a937195
      1655 SB: Initialized memory B at address 0x4d
      1665 [DRIVER] Init SRAM block 0 at Addr 0x04e with Data 0xa3071a46
      1665 Mon: Initialize SRAM; Write to SRAM A, Addr: 0x4e, Data: 0xa3071a46
      1665 SB: Initialized memory A at address 0x4e
      1675 [DRIVER] Init SRAM block 1 at Addr 0x04e with Data 0x02749b04
      1675 Mon: Initialize SRAM; Write to SRAM B, Addr: 0x4e, Data: 0x2749b04
      1675 SB: Initialized memory B at address 0x4e
      1685 [DRIVER] Init SRAM block 0 at Addr 0x04f with Data 0x7bd261f7
      1685 Mon: Initialize SRAM; Write to SRAM A, Addr: 0x4f, Data: 0x7bd261f7
      1685 SB: Initialized memory A at address 0x4f
      1695 [DRIVER] Init SRAM block 1 at Addr 0x04f with Data 0x34980769
      1695 Mon: Initialize SRAM; Write to SRAM B, Addr: 0x4f, Data: 0x34980769
      1695 SB: Initialized memory B at address 0x4f
      1705 [DRIVER] Init SRAM block 0 at Addr 0x050 with Data 0xda6ebab4
      1705 Mon: Initialize SRAM; Write to SRAM A, Addr: 0x50, Data: 0xda6ebab4
      1705 SB: Initialized memory A at address 0x50
      1715 [DRIVER] Init SRAM block 1 at Addr 0x050 with Data 0x44018d88
      1715 Mon: Initialize SRAM; Write to SRAM B, Addr: 0x50, Data: 0x44018d88
      1715 SB: Initialized memory B at address 0x50
      1725 [DRIVER] Init SRAM block 0 at Addr 0x051 with Data 0x147cd928
      1725 Mon: Initialize SRAM; Write to SRAM A, Addr: 0x51, Data: 0x147cd928
      1725 SB: Initialized memory A at address 0x51
      1735 [DRIVER] Init SRAM block 1 at Addr 0x051 with Data 0x9690042d
      1735 Mon: Initialize SRAM; Write to SRAM B, Addr: 0x51, Data: 0x9690042d
      1735 SB: Initialized memory B at address 0x51
      1745 [DRIVER] Init SRAM block 0 at Addr 0x052 with Data 0xe3c530c7
      1745 Mon: Initialize SRAM; Write to SRAM A, Addr: 0x52, Data: 0xe3c530c7
      1745 SB: Initialized memory A at address 0x52
      1755 [DRIVER] Init SRAM block 1 at Addr 0x052 with Data 0x975c9c2e
      1755 Mon: Initialize SRAM; Write to SRAM B, Addr: 0x52, Data: 0x975c9c2e
      1755 SB: Initialized memory B at address 0x52
      1765 [DRIVER] Init SRAM block 0 at Addr 0x053 with Data 0x8477e408
      1765 Mon: Initialize SRAM; Write to SRAM A, Addr: 0x53, Data: 0x8477e408
      1765 SB: Initialized memory A at address 0x53
      1775 [DRIVER] Init SRAM block 1 at Addr 0x053 with Data 0x0e41451c
      1775 Mon: Initialize SRAM; Write to SRAM B, Addr: 0x53, Data: 0xe41451c
      1775 SB: Initialized memory B at address 0x53
      1785 [DRIVER] Init SRAM block 0 at Addr 0x054 with Data 0xfea7a6fd
      1785 Mon: Initialize SRAM; Write to SRAM A, Addr: 0x54, Data: 0xfea7a6fd
      1785 SB: Initialized memory A at address 0x54
      1795 [DRIVER] Init SRAM block 1 at Addr 0x054 with Data 0x149e0729
      1795 Mon: Initialize SRAM; Write to SRAM B, Addr: 0x54, Data: 0x149e0729
      1795 SB: Initialized memory B at address 0x54
      1805 [DRIVER] Init SRAM block 0 at Addr 0x055 with Data 0x8e37901c
      1805 Mon: Initialize SRAM; Write to SRAM A, Addr: 0x55, Data: 0x8e37901c
      1805 SB: Initialized memory A at address 0x55
      1815 [DRIVER] Init SRAM block 1 at Addr 0x055 with Data 0x43356786
      1815 Mon: Initialize SRAM; Write to SRAM B, Addr: 0x55, Data: 0x43356786
      1815 SB: Initialized memory B at address 0x55
      1825 [DRIVER] Init SRAM block 0 at Addr 0x056 with Data 0xed3408da
      1825 Mon: Initialize SRAM; Write to SRAM A, Addr: 0x56, Data: 0xed3408da
      1825 SB: Initialized memory A at address 0x56
      1835 [DRIVER] Init SRAM block 1 at Addr 0x056 with Data 0x9eb7c63d
      1835 Mon: Initialize SRAM; Write to SRAM B, Addr: 0x56, Data: 0x9eb7c63d
      1835 SB: Initialized memory B at address 0x56
      1845 [DRIVER] Init SRAM block 0 at Addr 0x057 with Data 0x334ea766
      1845 Mon: Initialize SRAM; Write to SRAM A, Addr: 0x57, Data: 0x334ea766
      1845 SB: Initialized memory A at address 0x57
      1855 [DRIVER] Init SRAM block 1 at Addr 0x057 with Data 0xb855c470
      1855 Mon: Initialize SRAM; Write to SRAM B, Addr: 0x57, Data: 0xb855c470
      1855 SB: Initialized memory B at address 0x57
      1865 [DRIVER] Init SRAM block 0 at Addr 0x058 with Data 0xb9f50473
      1865 Mon: Initialize SRAM; Write to SRAM A, Addr: 0x58, Data: 0xb9f50473
      1865 SB: Initialized memory A at address 0x58
      1875 [DRIVER] Init SRAM block 1 at Addr 0x058 with Data 0x5d7199ba
      1875 Mon: Initialize SRAM; Write to SRAM B, Addr: 0x58, Data: 0x5d7199ba
      1875 SB: Initialized memory B at address 0x58
      1885 [DRIVER] Init SRAM block 0 at Addr 0x059 with Data 0x2f3ab35e
      1885 Mon: Initialize SRAM; Write to SRAM A, Addr: 0x59, Data: 0x2f3ab35e
      1885 SB: Initialized memory A at address 0x59
      1895 [DRIVER] Init SRAM block 1 at Addr 0x059 with Data 0x7d4779fa
      1895 Mon: Initialize SRAM; Write to SRAM B, Addr: 0x59, Data: 0x7d4779fa
      1895 SB: Initialized memory B at address 0x59
      1905 [DRIVER] Init SRAM block 0 at Addr 0x05a with Data 0x6a8e05d5
      1905 Mon: Initialize SRAM; Write to SRAM A, Addr: 0x5a, Data: 0x6a8e05d5
      1905 SB: Initialized memory A at address 0x5a
      1915 [DRIVER] Init SRAM block 1 at Addr 0x05a with Data 0x8d24f61a
      1915 Mon: Initialize SRAM; Write to SRAM B, Addr: 0x5a, Data: 0x8d24f61a
      1915 SB: Initialized memory B at address 0x5a
      1925 [DRIVER] Init SRAM block 0 at Addr 0x05b with Data 0xdcf000b9
      1925 Mon: Initialize SRAM; Write to SRAM A, Addr: 0x5b, Data: 0xdcf000b9
      1925 SB: Initialized memory A at address 0x5b
      1935 [DRIVER] Init SRAM block 1 at Addr 0x05b with Data 0x1b876137
      1935 Mon: Initialize SRAM; Write to SRAM B, Addr: 0x5b, Data: 0x1b876137
      1935 SB: Initialized memory B at address 0x5b
      1945 [DRIVER] Init SRAM block 0 at Addr 0x05c with Data 0x4b273796
      1945 Mon: Initialize SRAM; Write to SRAM A, Addr: 0x5c, Data: 0x4b273796
      1945 SB: Initialized memory A at address 0x5c
      1955 [DRIVER] Init SRAM block 1 at Addr 0x05c with Data 0x603921c0
      1955 Mon: Initialize SRAM; Write to SRAM B, Addr: 0x5c, Data: 0x603921c0
      1955 SB: Initialized memory B at address 0x5c
      1965 [DRIVER] Init SRAM block 0 at Addr 0x05d with Data 0x13259f26
      1965 Mon: Initialize SRAM; Write to SRAM A, Addr: 0x5d, Data: 0x13259f26
      1965 SB: Initialized memory A at address 0x5d
      1975 [DRIVER] Init SRAM block 1 at Addr 0x05d with Data 0xdb461ab6
      1975 Mon: Initialize SRAM; Write to SRAM B, Addr: 0x5d, Data: 0xdb461ab6
      1975 SB: Initialized memory B at address 0x5d
      1985 [DRIVER] Init SRAM block 0 at Addr 0x05e with Data 0x3e99837d
      1985 Mon: Initialize SRAM; Write to SRAM A, Addr: 0x5e, Data: 0x3e99837d
      1985 SB: Initialized memory A at address 0x5e
      1995 [DRIVER] Init SRAM block 1 at Addr 0x05e with Data 0x6e5f0fdc
      1995 Mon: Initialize SRAM; Write to SRAM B, Addr: 0x5e, Data: 0x6e5f0fdc
      1995 SB: Initialized memory B at address 0x5e
      2005 [DRIVER] Init SRAM block 0 at Addr 0x05f with Data 0x43615786
      2005 Mon: Initialize SRAM; Write to SRAM A, Addr: 0x5f, Data: 0x43615786
      2005 SB: Initialized memory A at address 0x5f
      2015 [DRIVER] Init SRAM block 1 at Addr 0x05f with Data 0x3c03ff78
      2015 Mon: Initialize SRAM; Write to SRAM B, Addr: 0x5f, Data: 0x3c03ff78
      2015 SB: Initialized memory B at address 0x5f
      2025 [DRIVER] Init SRAM block 0 at Addr 0x060 with Data 0x3f5a9b7e
      2025 Mon: Initialize SRAM; Write to SRAM A, Addr: 0x60, Data: 0x3f5a9b7e
      2025 SB: Initialized memory A at address 0x60
      2035 [DRIVER] Init SRAM block 1 at Addr 0x060 with Data 0xed8d80db
      2035 Mon: Initialize SRAM; Write to SRAM B, Addr: 0x60, Data: 0xed8d80db
      2035 SB: Initialized memory B at address 0x60
      2045 [DRIVER] Init SRAM block 0 at Addr 0x061 with Data 0xe7c3b6cf
      2045 Mon: Initialize SRAM; Write to SRAM A, Addr: 0x61, Data: 0xe7c3b6cf
      2045 SB: Initialized memory A at address 0x61
      2055 [DRIVER] Init SRAM block 1 at Addr 0x061 with Data 0x3ced2b79
      2055 Mon: Initialize SRAM; Write to SRAM B, Addr: 0x61, Data: 0x3ced2b79
      2055 SB: Initialized memory B at address 0x61
      2065 [DRIVER] Init SRAM block 0 at Addr 0x062 with Data 0xfd28e4fa
      2065 Mon: Initialize SRAM; Write to SRAM A, Addr: 0x62, Data: 0xfd28e4fa
      2065 SB: Initialized memory A at address 0x62
      2075 [DRIVER] Init SRAM block 1 at Addr 0x062 with Data 0xb0bcee61
      2075 Mon: Initialize SRAM; Write to SRAM B, Addr: 0x62, Data: 0xb0bcee61
      2075 SB: Initialized memory B at address 0x62
      2085 [DRIVER] Init SRAM block 0 at Addr 0x063 with Data 0x0b940917
      2085 Mon: Initialize SRAM; Write to SRAM A, Addr: 0x63, Data: 0xb940917
      2085 SB: Initialized memory A at address 0x63
      2095 [DRIVER] Init SRAM block 1 at Addr 0x063 with Data 0xd0f578a1
      2095 Mon: Initialize SRAM; Write to SRAM B, Addr: 0x63, Data: 0xd0f578a1
      2095 SB: Initialized memory B at address 0x63
      2105 [DRIVER] Init SRAM block 0 at Addr 0x064 with Data 0x43779186
      2105 Mon: Initialize SRAM; Write to SRAM A, Addr: 0x64, Data: 0x43779186
      2105 SB: Initialized memory A at address 0x64
      2115 [DRIVER] Init SRAM block 1 at Addr 0x064 with Data 0xa8639650
      2115 Mon: Initialize SRAM; Write to SRAM B, Addr: 0x64, Data: 0xa8639650
      2115 SB: Initialized memory B at address 0x64
      2125 [DRIVER] Init SRAM block 0 at Addr 0x065 with Data 0x7a8c59f5
      2125 Mon: Initialize SRAM; Write to SRAM A, Addr: 0x65, Data: 0x7a8c59f5
      2125 SB: Initialized memory A at address 0x65
      2135 [DRIVER] Init SRAM block 1 at Addr 0x065 with Data 0x9ab48835
      2135 Mon: Initialize SRAM; Write to SRAM B, Addr: 0x65, Data: 0x9ab48835
      2135 SB: Initialized memory B at address 0x65
      2145 [DRIVER] Init SRAM block 0 at Addr 0x066 with Data 0x949a8a29
      2145 Mon: Initialize SRAM; Write to SRAM A, Addr: 0x66, Data: 0x949a8a29
      2145 SB: Initialized memory A at address 0x66
      2155 [DRIVER] Init SRAM block 1 at Addr 0x066 with Data 0x60b175c1
      2155 Mon: Initialize SRAM; Write to SRAM B, Addr: 0x66, Data: 0x60b175c1
      2155 SB: Initialized memory B at address 0x66
      2165 [DRIVER] Init SRAM block 0 at Addr 0x067 with Data 0xe2e574c5
      2165 Mon: Initialize SRAM; Write to SRAM A, Addr: 0x67, Data: 0xe2e574c5
      2165 SB: Initialized memory A at address 0x67
      2175 [DRIVER] Init SRAM block 1 at Addr 0x067 with Data 0xcc01b498
      2175 Mon: Initialize SRAM; Write to SRAM B, Addr: 0x67, Data: 0xcc01b498
      2175 SB: Initialized memory B at address 0x67
      2185 [DRIVER] Init SRAM block 0 at Addr 0x068 with Data 0x25b27b4b
      2185 Mon: Initialize SRAM; Write to SRAM A, Addr: 0x68, Data: 0x25b27b4b
      2185 SB: Initialized memory A at address 0x68
      2195 [DRIVER] Init SRAM block 1 at Addr 0x068 with Data 0xb98c4273
      2195 Mon: Initialize SRAM; Write to SRAM B, Addr: 0x68, Data: 0xb98c4273
      2195 SB: Initialized memory B at address 0x68
      2205 [DRIVER] Init SRAM block 0 at Addr 0x069 with Data 0xf622e6ec
      2205 Mon: Initialize SRAM; Write to SRAM A, Addr: 0x69, Data: 0xf622e6ec
      2205 SB: Initialized memory A at address 0x69
      2215 [DRIVER] Init SRAM block 1 at Addr 0x069 with Data 0xc550168a
      2215 Mon: Initialize SRAM; Write to SRAM B, Addr: 0x69, Data: 0xc550168a
      2215 SB: Initialized memory B at address 0x69
      2225 [DRIVER] Init SRAM block 0 at Addr 0x06a with Data 0x2758d14e
      2225 Mon: Initialize SRAM; Write to SRAM A, Addr: 0x6a, Data: 0x2758d14e
      2225 SB: Initialized memory A at address 0x6a
      2235 [DRIVER] Init SRAM block 1 at Addr 0x06a with Data 0xd44b80a8
      2235 Mon: Initialize SRAM; Write to SRAM B, Addr: 0x6a, Data: 0xd44b80a8
      2235 SB: Initialized memory B at address 0x6a
      2245 [DRIVER] Init SRAM block 0 at Addr 0x06b with Data 0x549efda9
      2245 Mon: Initialize SRAM; Write to SRAM A, Addr: 0x6b, Data: 0x549efda9
      2245 SB: Initialized memory A at address 0x6b
      2255 [DRIVER] Init SRAM block 1 at Addr 0x06b with Data 0xd0ca8ca1
      2255 Mon: Initialize SRAM; Write to SRAM B, Addr: 0x6b, Data: 0xd0ca8ca1
      2255 SB: Initialized memory B at address 0x6b
      2265 [DRIVER] Init SRAM block 0 at Addr 0x06c with Data 0x070bb90e
      2265 Mon: Initialize SRAM; Write to SRAM A, Addr: 0x6c, Data: 0x70bb90e
      2265 SB: Initialized memory A at address 0x6c
      2275 [DRIVER] Init SRAM block 1 at Addr 0x06c with Data 0xf33466e6
      2275 Mon: Initialize SRAM; Write to SRAM B, Addr: 0x6c, Data: 0xf33466e6
      2275 SB: Initialized memory B at address 0x6c
      2285 [DRIVER] Init SRAM block 0 at Addr 0x06d with Data 0xcfd6c09f
      2285 Mon: Initialize SRAM; Write to SRAM A, Addr: 0x6d, Data: 0xcfd6c09f
      2285 SB: Initialized memory A at address 0x6d
      2295 [DRIVER] Init SRAM block 1 at Addr 0x06d with Data 0x152fb52a
      2295 Mon: Initialize SRAM; Write to SRAM B, Addr: 0x6d, Data: 0x152fb52a
      2295 SB: Initialized memory B at address 0x6d
      2305 [DRIVER] Init SRAM block 0 at Addr 0x06e with Data 0x155a1d2a
      2305 Mon: Initialize SRAM; Write to SRAM A, Addr: 0x6e, Data: 0x155a1d2a
      2305 SB: Initialized memory A at address 0x6e
      2315 [DRIVER] Init SRAM block 1 at Addr 0x06e with Data 0xc6b5f48d
      2315 Mon: Initialize SRAM; Write to SRAM B, Addr: 0x6e, Data: 0xc6b5f48d
      2315 SB: Initialized memory B at address 0x6e
      2325 [DRIVER] Init SRAM block 0 at Addr 0x06f with Data 0x4f75ff9e
      2325 Mon: Initialize SRAM; Write to SRAM A, Addr: 0x6f, Data: 0x4f75ff9e
      2325 SB: Initialized memory A at address 0x6f
      2335 [DRIVER] Init SRAM block 1 at Addr 0x06f with Data 0x9c6de638
      2335 Mon: Initialize SRAM; Write to SRAM B, Addr: 0x6f, Data: 0x9c6de638
      2335 SB: Initialized memory B at address 0x6f
      2345 [DRIVER] Init SRAM block 0 at Addr 0x070 with Data 0xbccfa879
      2345 Mon: Initialize SRAM; Write to SRAM A, Addr: 0x70, Data: 0xbccfa879
      2345 SB: Initialized memory A at address 0x70
      2355 [DRIVER] Init SRAM block 1 at Addr 0x070 with Data 0x6464e3c8
      2355 Mon: Initialize SRAM; Write to SRAM B, Addr: 0x70, Data: 0x6464e3c8
      2355 SB: Initialized memory B at address 0x70
      2365 [DRIVER] Init SRAM block 0 at Addr 0x071 with Data 0x652345ca
      2365 Mon: Initialize SRAM; Write to SRAM A, Addr: 0x71, Data: 0x652345ca
      2365 SB: Initialized memory A at address 0x71
      2375 [DRIVER] Init SRAM block 1 at Addr 0x071 with Data 0x09ff4113
      2375 Mon: Initialize SRAM; Write to SRAM B, Addr: 0x71, Data: 0x9ff4113
      2375 SB: Initialized memory B at address 0x71
      2385 [DRIVER] Init SRAM block 0 at Addr 0x072 with Data 0x35a0c96b
      2385 Mon: Initialize SRAM; Write to SRAM A, Addr: 0x72, Data: 0x35a0c96b
      2385 SB: Initialized memory A at address 0x72
      2395 [DRIVER] Init SRAM block 1 at Addr 0x072 with Data 0xe3b7aec7
      2395 Mon: Initialize SRAM; Write to SRAM B, Addr: 0x72, Data: 0xe3b7aec7
      2395 SB: Initialized memory B at address 0x72
      2405 [DRIVER] Init SRAM block 0 at Addr 0x073 with Data 0x5b0bddb6
      2405 Mon: Initialize SRAM; Write to SRAM A, Addr: 0x73, Data: 0x5b0bddb6
      2405 SB: Initialized memory A at address 0x73
      2415 [DRIVER] Init SRAM block 1 at Addr 0x073 with Data 0x5d059dba
      2415 Mon: Initialize SRAM; Write to SRAM B, Addr: 0x73, Data: 0x5d059dba
      2415 SB: Initialized memory B at address 0x73
      2425 [DRIVER] Init SRAM block 0 at Addr 0x074 with Data 0x6216abc4
      2425 Mon: Initialize SRAM; Write to SRAM A, Addr: 0x74, Data: 0x6216abc4
      2425 SB: Initialized memory A at address 0x74
      2435 [DRIVER] Init SRAM block 1 at Addr 0x074 with Data 0x5c8295b9
      2435 Mon: Initialize SRAM; Write to SRAM B, Addr: 0x74, Data: 0x5c8295b9
      2435 SB: Initialized memory B at address 0x74
      2445 [DRIVER] Init SRAM block 0 at Addr 0x075 with Data 0x492fd392
      2445 Mon: Initialize SRAM; Write to SRAM A, Addr: 0x75, Data: 0x492fd392
      2445 SB: Initialized memory A at address 0x75
      2455 [DRIVER] Init SRAM block 1 at Addr 0x075 with Data 0xda269ab4
      2455 Mon: Initialize SRAM; Write to SRAM B, Addr: 0x75, Data: 0xda269ab4
      2455 SB: Initialized memory B at address 0x75
      2465 [DRIVER] Init SRAM block 0 at Addr 0x076 with Data 0x3fbb3b7f
      2465 Mon: Initialize SRAM; Write to SRAM A, Addr: 0x76, Data: 0x3fbb3b7f
      2465 SB: Initialized memory A at address 0x76
      2475 [DRIVER] Init SRAM block 1 at Addr 0x076 with Data 0xc3339086
      2475 Mon: Initialize SRAM; Write to SRAM B, Addr: 0x76, Data: 0xc3339086
      2475 SB: Initialized memory B at address 0x76
      2485 [DRIVER] Init SRAM block 0 at Addr 0x077 with Data 0x7d6df5fa
      2485 Mon: Initialize SRAM; Write to SRAM A, Addr: 0x77, Data: 0x7d6df5fa
      2485 SB: Initialized memory A at address 0x77
      2495 [DRIVER] Init SRAM block 1 at Addr 0x077 with Data 0xf92794f2
      2495 Mon: Initialize SRAM; Write to SRAM B, Addr: 0x77, Data: 0xf92794f2
      2495 SB: Initialized memory B at address 0x77
      2505 [DRIVER] Init SRAM block 0 at Addr 0x078 with Data 0x19452132
      2505 Mon: Initialize SRAM; Write to SRAM A, Addr: 0x78, Data: 0x19452132
      2505 SB: Initialized memory A at address 0x78
      2515 [DRIVER] Init SRAM block 1 at Addr 0x078 with Data 0xdece5ebd
      2515 Mon: Initialize SRAM; Write to SRAM B, Addr: 0x78, Data: 0xdece5ebd
      2515 SB: Initialized memory B at address 0x78
      2525 [DRIVER] Init SRAM block 0 at Addr 0x079 with Data 0x424fcd84
      2525 Mon: Initialize SRAM; Write to SRAM A, Addr: 0x79, Data: 0x424fcd84
      2525 SB: Initialized memory A at address 0x79
      2535 [DRIVER] Init SRAM block 1 at Addr 0x079 with Data 0xf249a4e4
      2535 Mon: Initialize SRAM; Write to SRAM B, Addr: 0x79, Data: 0xf249a4e4
      2535 SB: Initialized memory B at address 0x79
      2545 [DRIVER] Init SRAM block 0 at Addr 0x07a with Data 0x6543cfca
      2545 Mon: Initialize SRAM; Write to SRAM A, Addr: 0x7a, Data: 0x6543cfca
      2545 SB: Initialized memory A at address 0x7a
      2555 [DRIVER] Init SRAM block 1 at Addr 0x07a with Data 0x54a879a9
      2555 Mon: Initialize SRAM; Write to SRAM B, Addr: 0x7a, Data: 0x54a879a9
      2555 SB: Initialized memory B at address 0x7a
      2565 [DRIVER] Init SRAM block 0 at Addr 0x07b with Data 0xd095a8a1
      2565 Mon: Initialize SRAM; Write to SRAM A, Addr: 0x7b, Data: 0xd095a8a1
      2565 SB: Initialized memory A at address 0x7b
      2575 [DRIVER] Init SRAM block 1 at Addr 0x07b with Data 0x4765a98e
      2575 Mon: Initialize SRAM; Write to SRAM B, Addr: 0x7b, Data: 0x4765a98e
      2575 SB: Initialized memory B at address 0x7b
      2585 [DRIVER] Init SRAM block 0 at Addr 0x07c with Data 0xfd8b6afb
      2585 Mon: Initialize SRAM; Write to SRAM A, Addr: 0x7c, Data: 0xfd8b6afb
      2585 SB: Initialized memory A at address 0x7c
      2595 [DRIVER] Init SRAM block 1 at Addr 0x07c with Data 0x85e51e0b
      2595 Mon: Initialize SRAM; Write to SRAM B, Addr: 0x7c, Data: 0x85e51e0b
      2595 SB: Initialized memory B at address 0x7c
      2605 [DRIVER] Init SRAM block 0 at Addr 0x07d with Data 0xf78290ef
      2605 Mon: Initialize SRAM; Write to SRAM A, Addr: 0x7d, Data: 0xf78290ef
      2605 SB: Initialized memory A at address 0x7d
      2615 [DRIVER] Init SRAM block 1 at Addr 0x07d with Data 0x64c83dc9
      2615 Mon: Initialize SRAM; Write to SRAM B, Addr: 0x7d, Data: 0x64c83dc9
      2615 SB: Initialized memory B at address 0x7d
      2625 [DRIVER] Init SRAM block 0 at Addr 0x07e with Data 0x1b60e536
      2625 Mon: Initialize SRAM; Write to SRAM A, Addr: 0x7e, Data: 0x1b60e536
      2625 SB: Initialized memory A at address 0x7e
      2635 [DRIVER] Init SRAM block 1 at Addr 0x07e with Data 0xbab14875
      2635 Mon: Initialize SRAM; Write to SRAM B, Addr: 0x7e, Data: 0xbab14875
      2635 SB: Initialized memory B at address 0x7e
      2645 [DRIVER] Init SRAM block 0 at Addr 0x07f with Data 0xc7e8568f
      2645 Mon: Initialize SRAM; Write to SRAM A, Addr: 0x7f, Data: 0xc7e8568f
      2645 SB: Initialized memory A at address 0x7f
      2655 [DRIVER] Init SRAM block 1 at Addr 0x07f with Data 0x35cdbf6b
      2655 Mon: Initialize SRAM; Write to SRAM B, Addr: 0x7f, Data: 0x35cdbf6b
      2655 SB: Initialized memory B at address 0x7f
      2665 [DRIVER] Init SRAM block 0 at Addr 0x080 with Data 0x4465e788
      2665 Mon: Initialize SRAM; Write to SRAM A, Addr: 0x80, Data: 0x4465e788
      2665 SB: Initialized memory A at address 0x80
      2675 [DRIVER] Init SRAM block 1 at Addr 0x080 with Data 0xd73fb4ae
      2675 Mon: Initialize SRAM; Write to SRAM B, Addr: 0x80, Data: 0xd73fb4ae
      2675 SB: Initialized memory B at address 0x80
      2685 [DRIVER] Init SRAM block 0 at Addr 0x081 with Data 0x4df3819b
      2685 Mon: Initialize SRAM; Write to SRAM A, Addr: 0x81, Data: 0x4df3819b
      2685 SB: Initialized memory A at address 0x81
      2695 [DRIVER] Init SRAM block 1 at Addr 0x081 with Data 0x493e4592
      2695 Mon: Initialize SRAM; Write to SRAM B, Addr: 0x81, Data: 0x493e4592
      2695 SB: Initialized memory B at address 0x81
      2705 [DRIVER] Init SRAM block 0 at Addr 0x082 with Data 0x1444df28
      2705 Mon: Initialize SRAM; Write to SRAM A, Addr: 0x82, Data: 0x1444df28
      2705 SB: Initialized memory A at address 0x82
      2715 [DRIVER] Init SRAM block 1 at Addr 0x082 with Data 0x9684e02d
      2715 Mon: Initialize SRAM; Write to SRAM B, Addr: 0x82, Data: 0x9684e02d
      2715 SB: Initialized memory B at address 0x82
      2725 [DRIVER] Init SRAM block 0 at Addr 0x083 with Data 0x25b75f4b
      2725 Mon: Initialize SRAM; Write to SRAM A, Addr: 0x83, Data: 0x25b75f4b
      2725 SB: Initialized memory A at address 0x83
      2735 [DRIVER] Init SRAM block 1 at Addr 0x083 with Data 0xe169b0c2
      2735 Mon: Initialize SRAM; Write to SRAM B, Addr: 0x83, Data: 0xe169b0c2
      2735 SB: Initialized memory B at address 0x83
      2745 [DRIVER] Init SRAM block 0 at Addr 0x084 with Data 0x8f1cf61e
      2745 Mon: Initialize SRAM; Write to SRAM A, Addr: 0x84, Data: 0x8f1cf61e
      2745 SB: Initialized memory A at address 0x84
      2755 [DRIVER] Init SRAM block 1 at Addr 0x084 with Data 0x06b3050d
      2755 Mon: Initialize SRAM; Write to SRAM B, Addr: 0x84, Data: 0x6b3050d
      2755 SB: Initialized memory B at address 0x84
      2765 [DRIVER] Init SRAM block 0 at Addr 0x085 with Data 0x7679fdec
      2765 Mon: Initialize SRAM; Write to SRAM A, Addr: 0x85, Data: 0x7679fdec
      2765 SB: Initialized memory A at address 0x85
      2775 [DRIVER] Init SRAM block 1 at Addr 0x085 with Data 0x0c039d18
      2775 Mon: Initialize SRAM; Write to SRAM B, Addr: 0x85, Data: 0xc039d18
      2775 SB: Initialized memory B at address 0x85
      2785 [DRIVER] Init SRAM block 0 at Addr 0x086 with Data 0x68ae1bd1
      2785 Mon: Initialize SRAM; Write to SRAM A, Addr: 0x86, Data: 0x68ae1bd1
      2785 SB: Initialized memory A at address 0x86
      2795 [DRIVER] Init SRAM block 1 at Addr 0x086 with Data 0xc3761c86
      2795 Mon: Initialize SRAM; Write to SRAM B, Addr: 0x86, Data: 0xc3761c86
      2795 SB: Initialized memory B at address 0x86
      2805 [DRIVER] Init SRAM block 0 at Addr 0x087 with Data 0xa0c02441
      2805 Mon: Initialize SRAM; Write to SRAM A, Addr: 0x87, Data: 0xa0c02441
      2805 SB: Initialized memory A at address 0x87
      2815 [DRIVER] Init SRAM block 1 at Addr 0x087 with Data 0x9dbf643b
      2815 Mon: Initialize SRAM; Write to SRAM B, Addr: 0x87, Data: 0x9dbf643b
      2815 SB: Initialized memory B at address 0x87
      2825 [DRIVER] Init SRAM block 0 at Addr 0x088 with Data 0x6c44f9d8
      2825 Mon: Initialize SRAM; Write to SRAM A, Addr: 0x88, Data: 0x6c44f9d8
      2825 SB: Initialized memory A at address 0x88
      2835 [DRIVER] Init SRAM block 1 at Addr 0x088 with Data 0x29efe953
      2835 Mon: Initialize SRAM; Write to SRAM B, Addr: 0x88, Data: 0x29efe953
      2835 SB: Initialized memory B at address 0x88
      2845 [DRIVER] Init SRAM block 0 at Addr 0x089 with Data 0xab196256
      2845 Mon: Initialize SRAM; Write to SRAM A, Addr: 0x89, Data: 0xab196256
      2845 SB: Initialized memory A at address 0x89
      2855 [DRIVER] Init SRAM block 1 at Addr 0x089 with Data 0xadac225b
      2855 Mon: Initialize SRAM; Write to SRAM B, Addr: 0x89, Data: 0xadac225b
      2855 SB: Initialized memory B at address 0x89
      2865 [DRIVER] Init SRAM block 0 at Addr 0x08a with Data 0xf166fae2
      2865 Mon: Initialize SRAM; Write to SRAM A, Addr: 0x8a, Data: 0xf166fae2
      2865 SB: Initialized memory A at address 0x8a
      2875 [DRIVER] Init SRAM block 1 at Addr 0x08a with Data 0x8273e204
      2875 Mon: Initialize SRAM; Write to SRAM B, Addr: 0x8a, Data: 0x8273e204
      2875 SB: Initialized memory B at address 0x8a
      2885 [DRIVER] Init SRAM block 0 at Addr 0x08b with Data 0x39ac0373
      2885 Mon: Initialize SRAM; Write to SRAM A, Addr: 0x8b, Data: 0x39ac0373
      2885 SB: Initialized memory A at address 0x8b
      2895 [DRIVER] Init SRAM block 1 at Addr 0x08b with Data 0xec50b4d8
      2895 Mon: Initialize SRAM; Write to SRAM B, Addr: 0x8b, Data: 0xec50b4d8
      2895 SB: Initialized memory B at address 0x8b
      2905 [DRIVER] Init SRAM block 0 at Addr 0x08c with Data 0x093e4d12
      2905 Mon: Initialize SRAM; Write to SRAM A, Addr: 0x8c, Data: 0x93e4d12
      2905 SB: Initialized memory A at address 0x8c
      2915 [DRIVER] Init SRAM block 1 at Addr 0x08c with Data 0xdc0344b8
      2915 Mon: Initialize SRAM; Write to SRAM B, Addr: 0x8c, Data: 0xdc0344b8
      2915 SB: Initialized memory B at address 0x8c
      2925 [DRIVER] Init SRAM block 0 at Addr 0x08d with Data 0x9c811239
      2925 Mon: Initialize SRAM; Write to SRAM A, Addr: 0x8d, Data: 0x9c811239
      2925 SB: Initialized memory A at address 0x8d
      2935 [DRIVER] Init SRAM block 1 at Addr 0x08d with Data 0xf287b6e5
      2935 Mon: Initialize SRAM; Write to SRAM B, Addr: 0x8d, Data: 0xf287b6e5
      2935 SB: Initialized memory B at address 0x8d
      2945 [DRIVER] Init SRAM block 0 at Addr 0x08e with Data 0xd0c5dca1
      2945 Mon: Initialize SRAM; Write to SRAM A, Addr: 0x8e, Data: 0xd0c5dca1
      2945 SB: Initialized memory A at address 0x8e
      2955 [DRIVER] Init SRAM block 1 at Addr 0x08e with Data 0x15890f2b
      2955 Mon: Initialize SRAM; Write to SRAM B, Addr: 0x8e, Data: 0x15890f2b
      2955 SB: Initialized memory B at address 0x8e
      2965 [DRIVER] Init SRAM block 0 at Addr 0x08f with Data 0x40905d81
      2965 Mon: Initialize SRAM; Write to SRAM A, Addr: 0x8f, Data: 0x40905d81
      2965 SB: Initialized memory A at address 0x8f
      2975 [DRIVER] Init SRAM block 1 at Addr 0x08f with Data 0x641b85c8
      2975 Mon: Initialize SRAM; Write to SRAM B, Addr: 0x8f, Data: 0x641b85c8
      2975 SB: Initialized memory B at address 0x8f
      2985 [DRIVER] Init SRAM block 0 at Addr 0x090 with Data 0x13b55527
      2985 Mon: Initialize SRAM; Write to SRAM A, Addr: 0x90, Data: 0x13b55527
      2985 SB: Initialized memory A at address 0x90
      2995 [DRIVER] Init SRAM block 1 at Addr 0x090 with Data 0x50d5f9a1
      2995 Mon: Initialize SRAM; Write to SRAM B, Addr: 0x90, Data: 0x50d5f9a1
      2995 SB: Initialized memory B at address 0x90
      3005 [DRIVER] Init SRAM block 0 at Addr 0x091 with Data 0x8f8c6e1f
      3005 Mon: Initialize SRAM; Write to SRAM A, Addr: 0x91, Data: 0x8f8c6e1f
      3005 SB: Initialized memory A at address 0x91
      3015 [DRIVER] Init SRAM block 1 at Addr 0x091 with Data 0x82223a04
      3015 Mon: Initialize SRAM; Write to SRAM B, Addr: 0x91, Data: 0x82223a04
      3015 SB: Initialized memory B at address 0x91
      3025 [DRIVER] Init SRAM block 0 at Addr 0x092 with Data 0x2c2d2358
      3025 Mon: Initialize SRAM; Write to SRAM A, Addr: 0x92, Data: 0x2c2d2358
      3025 SB: Initialized memory A at address 0x92
      3035 [DRIVER] Init SRAM block 1 at Addr 0x092 with Data 0xcb5c8096
      3035 Mon: Initialize SRAM; Write to SRAM B, Addr: 0x92, Data: 0xcb5c8096
      3035 SB: Initialized memory B at address 0x92
      3045 [DRIVER] Init SRAM block 0 at Addr 0x093 with Data 0x0a6e9314
      3045 Mon: Initialize SRAM; Write to SRAM A, Addr: 0x93, Data: 0xa6e9314
      3045 SB: Initialized memory A at address 0x93
      3055 [DRIVER] Init SRAM block 1 at Addr 0x093 with Data 0x8919b412
      3055 Mon: Initialize SRAM; Write to SRAM B, Addr: 0x93, Data: 0x8919b412
      3055 SB: Initialized memory B at address 0x93
      3065 [DRIVER] Init SRAM block 0 at Addr 0x094 with Data 0xcb227096
      3065 Mon: Initialize SRAM; Write to SRAM A, Addr: 0x94, Data: 0xcb227096
      3065 SB: Initialized memory A at address 0x94
      3075 [DRIVER] Init SRAM block 1 at Addr 0x094 with Data 0xd8ace2b1
      3075 Mon: Initialize SRAM; Write to SRAM B, Addr: 0x94, Data: 0xd8ace2b1
      3075 SB: Initialized memory B at address 0x94
      3085 [DRIVER] Init SRAM block 0 at Addr 0x095 with Data 0x2ac2d555
      3085 Mon: Initialize SRAM; Write to SRAM A, Addr: 0x95, Data: 0x2ac2d555
      3085 SB: Initialized memory A at address 0x95
      3095 [DRIVER] Init SRAM block 1 at Addr 0x095 with Data 0xf6c38eed
      3095 Mon: Initialize SRAM; Write to SRAM B, Addr: 0x95, Data: 0xf6c38eed
      3095 SB: Initialized memory B at address 0x95
      3105 [DRIVER] Init SRAM block 0 at Addr 0x096 with Data 0x158b2b2b
      3105 Mon: Initialize SRAM; Write to SRAM A, Addr: 0x96, Data: 0x158b2b2b
      3105 SB: Initialized memory A at address 0x96
      3115 [DRIVER] Init SRAM block 1 at Addr 0x096 with Data 0x7ab11bf5
      3115 Mon: Initialize SRAM; Write to SRAM B, Addr: 0x96, Data: 0x7ab11bf5
      3115 SB: Initialized memory B at address 0x96
      3125 [DRIVER] Init SRAM block 0 at Addr 0x097 with Data 0x56b403ad
      3125 Mon: Initialize SRAM; Write to SRAM A, Addr: 0x97, Data: 0x56b403ad
      3125 SB: Initialized memory A at address 0x97
      3135 [DRIVER] Init SRAM block 1 at Addr 0x097 with Data 0x93c12227
      3135 Mon: Initialize SRAM; Write to SRAM B, Addr: 0x97, Data: 0x93c12227
      3135 SB: Initialized memory B at address 0x97
      3145 [DRIVER] Init SRAM block 0 at Addr 0x098 with Data 0x4249ff84
      3145 Mon: Initialize SRAM; Write to SRAM A, Addr: 0x98, Data: 0x4249ff84
      3145 SB: Initialized memory A at address 0x98
      3155 [DRIVER] Init SRAM block 1 at Addr 0x098 with Data 0xd3a8e4a7
      3155 Mon: Initialize SRAM; Write to SRAM B, Addr: 0x98, Data: 0xd3a8e4a7
      3155 SB: Initialized memory B at address 0x98
      3165 [DRIVER] Init SRAM block 0 at Addr 0x099 with Data 0xf3d7a6e7
      3165 Mon: Initialize SRAM; Write to SRAM A, Addr: 0x99, Data: 0xf3d7a6e7
      3165 SB: Initialized memory A at address 0x99
      3175 [DRIVER] Init SRAM block 1 at Addr 0x099 with Data 0xdcef90b9
      3175 Mon: Initialize SRAM; Write to SRAM B, Addr: 0x99, Data: 0xdcef90b9
      3175 SB: Initialized memory B at address 0x99
      3185 [DRIVER] Init SRAM block 0 at Addr 0x09a with Data 0xa4da5649
      3185 Mon: Initialize SRAM; Write to SRAM A, Addr: 0x9a, Data: 0xa4da5649
      3185 SB: Initialized memory A at address 0x9a
      3195 [DRIVER] Init SRAM block 1 at Addr 0x09a with Data 0x6de5bbdb
      3195 Mon: Initialize SRAM; Write to SRAM B, Addr: 0x9a, Data: 0x6de5bbdb
      3195 SB: Initialized memory B at address 0x9a
      3205 [DRIVER] Init SRAM block 0 at Addr 0x09b with Data 0x64ba0fc9
      3205 Mon: Initialize SRAM; Write to SRAM A, Addr: 0x9b, Data: 0x64ba0fc9
      3205 SB: Initialized memory A at address 0x9b
      3215 [DRIVER] Init SRAM block 1 at Addr 0x09b with Data 0x2883b151
      3215 Mon: Initialize SRAM; Write to SRAM B, Addr: 0x9b, Data: 0x2883b151
      3215 SB: Initialized memory B at address 0x9b
      3225 [DRIVER] Init SRAM block 0 at Addr 0x09c with Data 0xd0bc5ea1
      3225 Mon: Initialize SRAM; Write to SRAM A, Addr: 0x9c, Data: 0xd0bc5ea1
      3225 SB: Initialized memory A at address 0x9c
      3235 [DRIVER] Init SRAM block 1 at Addr 0x09c with Data 0x1546dd2a
      3235 Mon: Initialize SRAM; Write to SRAM B, Addr: 0x9c, Data: 0x1546dd2a
      3235 SB: Initialized memory B at address 0x9c
      3245 [DRIVER] Init SRAM block 0 at Addr 0x09d with Data 0x7d2a45fa
      3245 Mon: Initialize SRAM; Write to SRAM A, Addr: 0x9d, Data: 0x7d2a45fa
      3245 SB: Initialized memory A at address 0x9d
      3255 [DRIVER] Init SRAM block 1 at Addr 0x09d with Data 0xa2e62045
      3255 Mon: Initialize SRAM; Write to SRAM B, Addr: 0x9d, Data: 0xa2e62045
      3255 SB: Initialized memory B at address 0x9d
      3265 [DRIVER] Init SRAM block 0 at Addr 0x09e with Data 0x41a10583
      3265 Mon: Initialize SRAM; Write to SRAM A, Addr: 0x9e, Data: 0x41a10583
      3265 SB: Initialized memory A at address 0x9e
      3275 [DRIVER] Init SRAM block 1 at Addr 0x09e with Data 0xbe75427c
      3275 Mon: Initialize SRAM; Write to SRAM B, Addr: 0x9e, Data: 0xbe75427c
      3275 SB: Initialized memory B at address 0x9e
      3285 [DRIVER] Init SRAM block 0 at Addr 0x09f with Data 0xb9461472
      3285 Mon: Initialize SRAM; Write to SRAM A, Addr: 0x9f, Data: 0xb9461472
      3285 SB: Initialized memory A at address 0x9f
      3295 [DRIVER] Init SRAM block 1 at Addr 0x09f with Data 0xff4f3cfe
      3295 Mon: Initialize SRAM; Write to SRAM B, Addr: 0x9f, Data: 0xff4f3cfe
      3295 SB: Initialized memory B at address 0x9f
      3305 [DRIVER] Init SRAM block 0 at Addr 0x0a0 with Data 0xb455f268
      3305 Mon: Initialize SRAM; Write to SRAM A, Addr: 0xa0, Data: 0xb455f268
      3305 SB: Initialized memory A at address 0xa0
      3315 [DRIVER] Init SRAM block 1 at Addr 0x0a0 with Data 0xb7dfaa6f
      3315 Mon: Initialize SRAM; Write to SRAM B, Addr: 0xa0, Data: 0xb7dfaa6f
      3315 SB: Initialized memory B at address 0xa0
      3325 [DRIVER] Init SRAM block 0 at Addr 0x0a1 with Data 0x43460d86
      3325 Mon: Initialize SRAM; Write to SRAM A, Addr: 0xa1, Data: 0x43460d86
      3325 SB: Initialized memory A at address 0xa1
      3335 [DRIVER] Init SRAM block 1 at Addr 0x0a1 with Data 0x782321f0
      3335 Mon: Initialize SRAM; Write to SRAM B, Addr: 0xa1, Data: 0x782321f0
      3335 SB: Initialized memory B at address 0xa1
      3345 [DRIVER] Init SRAM block 0 at Addr 0x0a2 with Data 0x1c719738
      3345 Mon: Initialize SRAM; Write to SRAM A, Addr: 0xa2, Data: 0x1c719738
      3345 SB: Initialized memory A at address 0xa2
      3355 [DRIVER] Init SRAM block 1 at Addr 0x0a2 with Data 0x20769140
      3355 Mon: Initialize SRAM; Write to SRAM B, Addr: 0xa2, Data: 0x20769140
      3355 SB: Initialized memory B at address 0xa2
      3365 [DRIVER] Init SRAM block 0 at Addr 0x0a3 with Data 0x94097628
      3365 Mon: Initialize SRAM; Write to SRAM A, Addr: 0xa3, Data: 0x94097628
      3365 SB: Initialized memory A at address 0xa3
      3375 [DRIVER] Init SRAM block 1 at Addr 0x0a3 with Data 0x7b0da9f6
      3375 Mon: Initialize SRAM; Write to SRAM B, Addr: 0xa3, Data: 0x7b0da9f6
      3375 SB: Initialized memory B at address 0xa3
      3385 [DRIVER] Init SRAM block 0 at Addr 0x0a4 with Data 0xe2bf1ac5
      3385 Mon: Initialize SRAM; Write to SRAM A, Addr: 0xa4, Data: 0xe2bf1ac5
      3385 SB: Initialized memory A at address 0xa4
      3395 [DRIVER] Init SRAM block 1 at Addr 0x0a4 with Data 0x602831c0
      3395 Mon: Initialize SRAM; Write to SRAM B, Addr: 0xa4, Data: 0x602831c0
      3395 SB: Initialized memory B at address 0xa4
      3405 [DRIVER] Init SRAM block 0 at Addr 0x0a5 with Data 0x3a625f74
      3405 Mon: Initialize SRAM; Write to SRAM A, Addr: 0xa5, Data: 0x3a625f74
      3405 SB: Initialized memory A at address 0xa5
      3415 [DRIVER] Init SRAM block 1 at Addr 0x0a5 with Data 0x1cde7139
      3415 Mon: Initialize SRAM; Write to SRAM B, Addr: 0xa5, Data: 0x1cde7139
      3415 SB: Initialized memory B at address 0xa5
      3425 [DRIVER] Init SRAM block 0 at Addr 0x0a6 with Data 0xd86a6ab0
      3425 Mon: Initialize SRAM; Write to SRAM A, Addr: 0xa6, Data: 0xd86a6ab0
      3425 SB: Initialized memory A at address 0xa6
      3435 [DRIVER] Init SRAM block 1 at Addr 0x0a6 with Data 0x1e1c873c
      3435 Mon: Initialize SRAM; Write to SRAM B, Addr: 0xa6, Data: 0x1e1c873c
      3435 SB: Initialized memory B at address 0xa6
      3445 [DRIVER] Init SRAM block 0 at Addr 0x0a7 with Data 0x1521932a
      3445 Mon: Initialize SRAM; Write to SRAM A, Addr: 0xa7, Data: 0x1521932a
      3445 SB: Initialized memory A at address 0xa7
      3455 [DRIVER] Init SRAM block 1 at Addr 0x0a7 with Data 0x3124d362
      3455 Mon: Initialize SRAM; Write to SRAM B, Addr: 0xa7, Data: 0x3124d362
      3455 SB: Initialized memory B at address 0xa7
      3465 [DRIVER] Init SRAM block 0 at Addr 0x0a8 with Data 0x0aec3515
      3465 Mon: Initialize SRAM; Write to SRAM A, Addr: 0xa8, Data: 0xaec3515
      3465 SB: Initialized memory A at address 0xa8
      3475 [DRIVER] Init SRAM block 1 at Addr 0x0a8 with Data 0xf0b14ee1
      3475 Mon: Initialize SRAM; Write to SRAM B, Addr: 0xa8, Data: 0xf0b14ee1
      3475 SB: Initialized memory B at address 0xa8
      3485 [DRIVER] Init SRAM block 0 at Addr 0x0a9 with Data 0x0be29d17
      3485 Mon: Initialize SRAM; Write to SRAM A, Addr: 0xa9, Data: 0xbe29d17
      3485 SB: Initialized memory A at address 0xa9
      3495 [DRIVER] Init SRAM block 1 at Addr 0x0a9 with Data 0xa18bee43
      3495 Mon: Initialize SRAM; Write to SRAM B, Addr: 0xa9, Data: 0xa18bee43
      3495 SB: Initialized memory B at address 0xa9
      3505 [DRIVER] Init SRAM block 0 at Addr 0x0aa with Data 0x64b5e3c9
      3505 Mon: Initialize SRAM; Write to SRAM A, Addr: 0xaa, Data: 0x64b5e3c9
      3505 SB: Initialized memory A at address 0xaa
      3515 [DRIVER] Init SRAM block 1 at Addr 0x0aa with Data 0xc3360486
      3515 Mon: Initialize SRAM; Write to SRAM B, Addr: 0xaa, Data: 0xc3360486
      3515 SB: Initialized memory B at address 0xaa
      3525 [DRIVER] Init SRAM block 0 at Addr 0x0ab with Data 0x1297cb25
      3525 Mon: Initialize SRAM; Write to SRAM A, Addr: 0xab, Data: 0x1297cb25
      3525 SB: Initialized memory A at address 0xab
      3535 [DRIVER] Init SRAM block 1 at Addr 0x0ab with Data 0x60f69dc1
      3535 Mon: Initialize SRAM; Write to SRAM B, Addr: 0xab, Data: 0x60f69dc1
      3535 SB: Initialized memory B at address 0xab
      3545 [DRIVER] Init SRAM block 0 at Addr 0x0ac with Data 0xc69da28d
      3545 Mon: Initialize SRAM; Write to SRAM A, Addr: 0xac, Data: 0xc69da28d
      3545 SB: Initialized memory A at address 0xac
      3555 [DRIVER] Init SRAM block 1 at Addr 0x0ac with Data 0xad67e25a
      3555 Mon: Initialize SRAM; Write to SRAM B, Addr: 0xac, Data: 0xad67e25a
      3555 SB: Initialized memory B at address 0xac
      3565 [DRIVER] Init SRAM block 0 at Addr 0x0ad with Data 0x03d62707
      3565 Mon: Initialize SRAM; Write to SRAM A, Addr: 0xad, Data: 0x3d62707
      3565 SB: Initialized memory A at address 0xad
      3575 [DRIVER] Init SRAM block 1 at Addr 0x0ad with Data 0x165b7b2c
      3575 Mon: Initialize SRAM; Write to SRAM B, Addr: 0xad, Data: 0x165b7b2c
      3575 SB: Initialized memory B at address 0xad
      3585 [DRIVER] Init SRAM block 0 at Addr 0x0ae with Data 0x060a5d0c
      3585 Mon: Initialize SRAM; Write to SRAM A, Addr: 0xae, Data: 0x60a5d0c
      3585 SB: Initialized memory A at address 0xae
      3595 [DRIVER] Init SRAM block 1 at Addr 0x0ae with Data 0xb8ade671
      3595 Mon: Initialize SRAM; Write to SRAM B, Addr: 0xae, Data: 0xb8ade671
      3595 SB: Initialized memory B at address 0xae
      3605 [DRIVER] Init SRAM block 0 at Addr 0x0af with Data 0x9de17c3b
      3605 Mon: Initialize SRAM; Write to SRAM A, Addr: 0xaf, Data: 0x9de17c3b
      3605 SB: Initialized memory A at address 0xaf
      3615 [DRIVER] Init SRAM block 1 at Addr 0x0af with Data 0x5b60e5b6
      3615 Mon: Initialize SRAM; Write to SRAM B, Addr: 0xaf, Data: 0x5b60e5b6
      3615 SB: Initialized memory B at address 0xaf
      3625 [DRIVER] Init SRAM block 0 at Addr 0x0b0 with Data 0xfbdfc2f7
      3625 Mon: Initialize SRAM; Write to SRAM A, Addr: 0xb0, Data: 0xfbdfc2f7
      3625 SB: Initialized memory A at address 0xb0
      3635 [DRIVER] Init SRAM block 1 at Addr 0x0b0 with Data 0xcf14ce9e
      3635 Mon: Initialize SRAM; Write to SRAM B, Addr: 0xb0, Data: 0xcf14ce9e
      3635 SB: Initialized memory B at address 0xb0
      3645 [DRIVER] Init SRAM block 0 at Addr 0x0b1 with Data 0xae78585c
      3645 Mon: Initialize SRAM; Write to SRAM A, Addr: 0xb1, Data: 0xae78585c
      3645 SB: Initialized memory A at address 0xb1
      3655 [DRIVER] Init SRAM block 1 at Addr 0x0b1 with Data 0x2ab8f755
      3655 Mon: Initialize SRAM; Write to SRAM B, Addr: 0xb1, Data: 0x2ab8f755
      3655 SB: Initialized memory B at address 0xb1
      3665 [DRIVER] Init SRAM block 0 at Addr 0x0b2 with Data 0x902a3a20
      3665 Mon: Initialize SRAM; Write to SRAM A, Addr: 0xb2, Data: 0x902a3a20
      3665 SB: Initialized memory A at address 0xb2
      3675 [DRIVER] Init SRAM block 1 at Addr 0x0b2 with Data 0xd00b12a0
      3675 Mon: Initialize SRAM; Write to SRAM B, Addr: 0xb2, Data: 0xd00b12a0
      3675 SB: Initialized memory B at address 0xb2
      3685 [DRIVER] Init SRAM block 0 at Addr 0x0b3 with Data 0x39600972
      3685 Mon: Initialize SRAM; Write to SRAM A, Addr: 0xb3, Data: 0x39600972
      3685 SB: Initialized memory A at address 0xb3
      3695 [DRIVER] Init SRAM block 1 at Addr 0x0b3 with Data 0xda3d8cb4
      3695 Mon: Initialize SRAM; Write to SRAM B, Addr: 0xb3, Data: 0xda3d8cb4
      3695 SB: Initialized memory B at address 0xb3
      3705 [DRIVER] Init SRAM block 0 at Addr 0x0b4 with Data 0x6e8af5dd
      3705 Mon: Initialize SRAM; Write to SRAM A, Addr: 0xb4, Data: 0x6e8af5dd
      3705 SB: Initialized memory A at address 0xb4
      3715 [DRIVER] Init SRAM block 1 at Addr 0x0b4 with Data 0x86dcf00d
      3715 Mon: Initialize SRAM; Write to SRAM B, Addr: 0xb4, Data: 0x86dcf00d
      3715 SB: Initialized memory B at address 0xb4
      3725 [DRIVER] Init SRAM block 0 at Addr 0x0b5 with Data 0x25b0994b
      3725 Mon: Initialize SRAM; Write to SRAM A, Addr: 0xb5, Data: 0x25b0994b
      3725 SB: Initialized memory A at address 0xb5
      3735 [DRIVER] Init SRAM block 1 at Addr 0x0b5 with Data 0xbccc4279
      3735 Mon: Initialize SRAM; Write to SRAM B, Addr: 0xb5, Data: 0xbccc4279
      3735 SB: Initialized memory B at address 0xb5
      3745 [DRIVER] Init SRAM block 0 at Addr 0x0b6 with Data 0xcf63da9e
      3745 Mon: Initialize SRAM; Write to SRAM A, Addr: 0xb6, Data: 0xcf63da9e
      3745 SB: Initialized memory A at address 0xb6
      3755 [DRIVER] Init SRAM block 1 at Addr 0x0b6 with Data 0xfef064fd
      3755 Mon: Initialize SRAM; Write to SRAM B, Addr: 0xb6, Data: 0xfef064fd
      3755 SB: Initialized memory B at address 0xb6
      3765 [DRIVER] Init SRAM block 0 at Addr 0x0b7 with Data 0xbde0d27b
      3765 Mon: Initialize SRAM; Write to SRAM A, Addr: 0xb7, Data: 0xbde0d27b
      3765 SB: Initialized memory A at address 0xb7
      3775 [DRIVER] Init SRAM block 1 at Addr 0x0b7 with Data 0x47e2738f
      3775 Mon: Initialize SRAM; Write to SRAM B, Addr: 0xb7, Data: 0x47e2738f
      3775 SB: Initialized memory B at address 0xb7
      3785 [DRIVER] Init SRAM block 0 at Addr 0x0b8 with Data 0x81c39a03
      3785 Mon: Initialize SRAM; Write to SRAM A, Addr: 0xb8, Data: 0x81c39a03
      3785 SB: Initialized memory A at address 0xb8
      3795 [DRIVER] Init SRAM block 1 at Addr 0x0b8 with Data 0x71c129e3
      3795 Mon: Initialize SRAM; Write to SRAM B, Addr: 0xb8, Data: 0x71c129e3
      3795 SB: Initialized memory B at address 0xb8
      3805 [DRIVER] Init SRAM block 0 at Addr 0x0b9 with Data 0x0e92431d
      3805 Mon: Initialize SRAM; Write to SRAM A, Addr: 0xb9, Data: 0xe92431d
      3805 SB: Initialized memory A at address 0xb9
      3815 [DRIVER] Init SRAM block 1 at Addr 0x0b9 with Data 0x58f93db1
      3815 Mon: Initialize SRAM; Write to SRAM B, Addr: 0xb9, Data: 0x58f93db1
      3815 SB: Initialized memory B at address 0xb9
      3825 [DRIVER] Init SRAM block 0 at Addr 0x0ba with Data 0x22119f44
      3825 Mon: Initialize SRAM; Write to SRAM A, Addr: 0xba, Data: 0x22119f44
      3825 SB: Initialized memory A at address 0xba
      3835 [DRIVER] Init SRAM block 1 at Addr 0x0ba with Data 0xca9cbc95
      3835 Mon: Initialize SRAM; Write to SRAM B, Addr: 0xba, Data: 0xca9cbc95
      3835 SB: Initialized memory B at address 0xba
      3845 [DRIVER] Init SRAM block 0 at Addr 0x0bb with Data 0xf01d34e0
      3845 Mon: Initialize SRAM; Write to SRAM A, Addr: 0xbb, Data: 0xf01d34e0
      3845 SB: Initialized memory A at address 0xbb
      3855 [DRIVER] Init SRAM block 1 at Addr 0x0bb with Data 0xf6a178ed
      3855 Mon: Initialize SRAM; Write to SRAM B, Addr: 0xbb, Data: 0xf6a178ed
      3855 SB: Initialized memory B at address 0xbb
      3865 [DRIVER] Init SRAM block 0 at Addr 0x0bc with Data 0x297a1552
      3865 Mon: Initialize SRAM; Write to SRAM A, Addr: 0xbc, Data: 0x297a1552
      3865 SB: Initialized memory A at address 0xbc
      3875 [DRIVER] Init SRAM block 1 at Addr 0x0bc with Data 0x7c1e5bf8
      3875 Mon: Initialize SRAM; Write to SRAM B, Addr: 0xbc, Data: 0x7c1e5bf8
      3875 SB: Initialized memory B at address 0xbc
      3885 [DRIVER] Init SRAM block 0 at Addr 0x0bd with Data 0x46dcb78d
      3885 Mon: Initialize SRAM; Write to SRAM A, Addr: 0xbd, Data: 0x46dcb78d
      3885 SB: Initialized memory A at address 0xbd
      3895 [DRIVER] Init SRAM block 1 at Addr 0x0bd with Data 0xa95fc452
      3895 Mon: Initialize SRAM; Write to SRAM B, Addr: 0xbd, Data: 0xa95fc452
      3895 SB: Initialized memory B at address 0xbd
      3905 [DRIVER] Init SRAM block 0 at Addr 0x0be with Data 0x4219e784
      3905 Mon: Initialize SRAM; Write to SRAM A, Addr: 0xbe, Data: 0x4219e784
      3905 SB: Initialized memory A at address 0xbe
      3915 [DRIVER] Init SRAM block 1 at Addr 0x0be with Data 0x236afd46
      3915 Mon: Initialize SRAM; Write to SRAM B, Addr: 0xbe, Data: 0x236afd46
      3915 SB: Initialized memory B at address 0xbe
      3925 [DRIVER] Init SRAM block 0 at Addr 0x0bf with Data 0xc63a928c
      3925 Mon: Initialize SRAM; Write to SRAM A, Addr: 0xbf, Data: 0xc63a928c
      3925 SB: Initialized memory A at address 0xbf
      3935 [DRIVER] Init SRAM block 1 at Addr 0x0bf with Data 0x48487d90
      3935 Mon: Initialize SRAM; Write to SRAM B, Addr: 0xbf, Data: 0x48487d90
      3935 SB: Initialized memory B at address 0xbf
      3945 [DRIVER] Init SRAM block 0 at Addr 0x0c0 with Data 0x0beac117
      3945 Mon: Initialize SRAM; Write to SRAM A, Addr: 0xc0, Data: 0xbeac117
      3945 SB: Initialized memory A at address 0xc0
      3955 [DRIVER] Init SRAM block 1 at Addr 0x0c0 with Data 0x352d616a
      3955 Mon: Initialize SRAM; Write to SRAM B, Addr: 0xc0, Data: 0x352d616a
      3955 SB: Initialized memory B at address 0xc0
      3965 [DRIVER] Init SRAM block 0 at Addr 0x0c1 with Data 0x427b5784
      3965 Mon: Initialize SRAM; Write to SRAM A, Addr: 0xc1, Data: 0x427b5784
      3965 SB: Initialized memory A at address 0xc1
      3975 [DRIVER] Init SRAM block 1 at Addr 0x0c1 with Data 0xd55bbcaa
      3975 Mon: Initialize SRAM; Write to SRAM B, Addr: 0xc1, Data: 0xd55bbcaa
      3975 SB: Initialized memory B at address 0xc1
      3985 [DRIVER] Init SRAM block 0 at Addr 0x0c2 with Data 0x3e6f0f7c
      3985 Mon: Initialize SRAM; Write to SRAM A, Addr: 0xc2, Data: 0x3e6f0f7c
      3985 SB: Initialized memory A at address 0xc2
      3995 [DRIVER] Init SRAM block 1 at Addr 0x0c2 with Data 0xb0520260
      3995 Mon: Initialize SRAM; Write to SRAM B, Addr: 0xc2, Data: 0xb0520260
      3995 SB: Initialized memory B at address 0xc2
      4005 [DRIVER] Init SRAM block 0 at Addr 0x0c3 with Data 0x5d4a4dba
      4005 Mon: Initialize SRAM; Write to SRAM A, Addr: 0xc3, Data: 0x5d4a4dba
      4005 SB: Initialized memory A at address 0xc3
      4015 [DRIVER] Init SRAM block 1 at Addr 0x0c3 with Data 0xc5a1608b
      4015 Mon: Initialize SRAM; Write to SRAM B, Addr: 0xc3, Data: 0xc5a1608b
      4015 SB: Initialized memory B at address 0xc3
      4025 [DRIVER] Init SRAM block 0 at Addr 0x0c4 with Data 0xd31dfea6
      4025 Mon: Initialize SRAM; Write to SRAM A, Addr: 0xc4, Data: 0xd31dfea6
      4025 SB: Initialized memory A at address 0xc4
      4035 [DRIVER] Init SRAM block 1 at Addr 0x0c4 with Data 0x92831e25
      4035 Mon: Initialize SRAM; Write to SRAM B, Addr: 0xc4, Data: 0x92831e25
      4035 SB: Initialized memory B at address 0xc4
      4045 [DRIVER] Init SRAM block 0 at Addr 0x0c5 with Data 0x19058332
      4045 Mon: Initialize SRAM; Write to SRAM A, Addr: 0xc5, Data: 0x19058332
      4045 SB: Initialized memory A at address 0xc5
      4055 [DRIVER] Init SRAM block 1 at Addr 0x0c5 with Data 0xd10504a2
      4055 Mon: Initialize SRAM; Write to SRAM B, Addr: 0xc5, Data: 0xd10504a2
      4055 SB: Initialized memory B at address 0xc5
      4065 [DRIVER] Init SRAM block 0 at Addr 0x0c6 with Data 0xa48f7c49
      4065 Mon: Initialize SRAM; Write to SRAM A, Addr: 0xc6, Data: 0xa48f7c49
      4065 SB: Initialized memory A at address 0xc6
      4075 [DRIVER] Init SRAM block 1 at Addr 0x0c6 with Data 0x8a64b014
      4075 Mon: Initialize SRAM; Write to SRAM B, Addr: 0xc6, Data: 0x8a64b014
      4075 SB: Initialized memory B at address 0xc6
      4085 [DRIVER] Init SRAM block 0 at Addr 0x0c7 with Data 0x9ec9c03d
      4085 Mon: Initialize SRAM; Write to SRAM A, Addr: 0xc7, Data: 0x9ec9c03d
      4085 SB: Initialized memory A at address 0xc7
      4095 [DRIVER] Init SRAM block 1 at Addr 0x0c7 with Data 0x25f2034b
      4095 Mon: Initialize SRAM; Write to SRAM B, Addr: 0xc7, Data: 0x25f2034b
      4095 SB: Initialized memory B at address 0xc7
      4105 [DRIVER] Init SRAM block 0 at Addr 0x0c8 with Data 0xae68305c
      4105 Mon: Initialize SRAM; Write to SRAM A, Addr: 0xc8, Data: 0xae68305c
      4105 SB: Initialized memory A at address 0xc8
      4115 [DRIVER] Init SRAM block 1 at Addr 0x0c8 with Data 0x23907547
      4115 Mon: Initialize SRAM; Write to SRAM B, Addr: 0xc8, Data: 0x23907547
      4115 SB: Initialized memory B at address 0xc8
      4125 [DRIVER] Init SRAM block 0 at Addr 0x0c9 with Data 0x433e9786
      4125 Mon: Initialize SRAM; Write to SRAM A, Addr: 0xc9, Data: 0x433e9786
      4125 SB: Initialized memory A at address 0xc9
      4135 [DRIVER] Init SRAM block 1 at Addr 0x0c9 with Data 0x9caf7a39
      4135 Mon: Initialize SRAM; Write to SRAM B, Addr: 0xc9, Data: 0x9caf7a39
      4135 SB: Initialized memory B at address 0xc9
      4145 [DRIVER] Init SRAM block 0 at Addr 0x0ca with Data 0xda058ab4
      4145 Mon: Initialize SRAM; Write to SRAM A, Addr: 0xca, Data: 0xda058ab4
      4145 SB: Initialized memory A at address 0xca
      4155 [DRIVER] Init SRAM block 1 at Addr 0x0ca with Data 0x6851e5d0
      4155 Mon: Initialize SRAM; Write to SRAM B, Addr: 0xca, Data: 0x6851e5d0
      4155 SB: Initialized memory B at address 0xca
      4165 [DRIVER] Init SRAM block 0 at Addr 0x0cb with Data 0x9622502c
      4165 Mon: Initialize SRAM; Write to SRAM A, Addr: 0xcb, Data: 0x9622502c
      4165 SB: Initialized memory A at address 0xcb
      4175 [DRIVER] Init SRAM block 1 at Addr 0x0cb with Data 0x467c458c
      4175 Mon: Initialize SRAM; Write to SRAM B, Addr: 0xcb, Data: 0x467c458c
      4175 SB: Initialized memory B at address 0xcb
      4185 [DRIVER] Init SRAM block 0 at Addr 0x0cc with Data 0x03e9b707
      4185 Mon: Initialize SRAM; Write to SRAM A, Addr: 0xcc, Data: 0x3e9b707
      4185 SB: Initialized memory A at address 0xcc
      4195 [DRIVER] Init SRAM block 1 at Addr 0x0cc with Data 0xb522406a
      4195 Mon: Initialize SRAM; Write to SRAM B, Addr: 0xcc, Data: 0xb522406a
      4195 SB: Initialized memory B at address 0xcc
      4205 [DRIVER] Init SRAM block 0 at Addr 0x0cd with Data 0x0895f911
      4205 Mon: Initialize SRAM; Write to SRAM A, Addr: 0xcd, Data: 0x895f911
      4205 SB: Initialized memory A at address 0xcd
      4215 [DRIVER] Init SRAM block 1 at Addr 0x0cd with Data 0x746affe8
      4215 Mon: Initialize SRAM; Write to SRAM B, Addr: 0xcd, Data: 0x746affe8
      4215 SB: Initialized memory B at address 0xcd
      4225 [DRIVER] Init SRAM block 0 at Addr 0x0ce with Data 0xa5e79e4b
      4225 Mon: Initialize SRAM; Write to SRAM A, Addr: 0xce, Data: 0xa5e79e4b
      4225 SB: Initialized memory A at address 0xce
      4235 [DRIVER] Init SRAM block 1 at Addr 0x0ce with Data 0x39e48173
      4235 Mon: Initialize SRAM; Write to SRAM B, Addr: 0xce, Data: 0x39e48173
      4235 SB: Initialized memory B at address 0xce
      4245 [DRIVER] Init SRAM block 0 at Addr 0x0cf with Data 0x76295bec
      4245 Mon: Initialize SRAM; Write to SRAM A, Addr: 0xcf, Data: 0x76295bec
      4245 SB: Initialized memory A at address 0xcf
      4255 [DRIVER] Init SRAM block 1 at Addr 0x0cf with Data 0x11fe0523
      4255 Mon: Initialize SRAM; Write to SRAM B, Addr: 0xcf, Data: 0x11fe0523
      4255 SB: Initialized memory B at address 0xcf
      4265 [DRIVER] Init SRAM block 0 at Addr 0x0d0 with Data 0x520eefa4
      4265 Mon: Initialize SRAM; Write to SRAM A, Addr: 0xd0, Data: 0x520eefa4
      4265 SB: Initialized memory A at address 0xd0
      4275 [DRIVER] Init SRAM block 1 at Addr 0x0d0 with Data 0x64e165c9
      4275 Mon: Initialize SRAM; Write to SRAM B, Addr: 0xd0, Data: 0x64e165c9
      4275 SB: Initialized memory B at address 0xd0
      4285 [DRIVER] Init SRAM block 0 at Addr 0x0d1 with Data 0x9ca70439
      4285 Mon: Initialize SRAM; Write to SRAM A, Addr: 0xd1, Data: 0x9ca70439
      4285 SB: Initialized memory A at address 0xd1
      4295 [DRIVER] Init SRAM block 1 at Addr 0x0d1 with Data 0xef8372df
      4295 Mon: Initialize SRAM; Write to SRAM B, Addr: 0xd1, Data: 0xef8372df
      4295 SB: Initialized memory B at address 0xd1
      4305 [DRIVER] Init SRAM block 0 at Addr 0x0d2 with Data 0xea5814d4
      4305 Mon: Initialize SRAM; Write to SRAM A, Addr: 0xd2, Data: 0xea5814d4
      4305 SB: Initialized memory A at address 0xd2
      4315 [DRIVER] Init SRAM block 1 at Addr 0x0d2 with Data 0x33836567
      4315 Mon: Initialize SRAM; Write to SRAM B, Addr: 0xd2, Data: 0x33836567
      4315 SB: Initialized memory B at address 0xd2
      4325 [DRIVER] Init SRAM block 0 at Addr 0x0d3 with Data 0x4ea0419d
      4325 Mon: Initialize SRAM; Write to SRAM A, Addr: 0xd3, Data: 0x4ea0419d
      4325 SB: Initialized memory A at address 0xd3
      4335 [DRIVER] Init SRAM block 1 at Addr 0x0d3 with Data 0x583125b0
      4335 Mon: Initialize SRAM; Write to SRAM B, Addr: 0xd3, Data: 0x583125b0
      4335 SB: Initialized memory B at address 0xd3
      4345 [DRIVER] Init SRAM block 0 at Addr 0x0d4 with Data 0x41103982
      4345 Mon: Initialize SRAM; Write to SRAM A, Addr: 0xd4, Data: 0x41103982
      4345 SB: Initialized memory A at address 0xd4
      4355 [DRIVER] Init SRAM block 1 at Addr 0x0d4 with Data 0x24d2bf49
      4355 Mon: Initialize SRAM; Write to SRAM B, Addr: 0xd4, Data: 0x24d2bf49
      4355 SB: Initialized memory B at address 0xd4
      4365 [DRIVER] Init SRAM block 0 at Addr 0x0d5 with Data 0xecb91ad9
      4365 Mon: Initialize SRAM; Write to SRAM A, Addr: 0xd5, Data: 0xecb91ad9
      4365 SB: Initialized memory A at address 0xd5
      4375 [DRIVER] Init SRAM block 1 at Addr 0x0d5 with Data 0x1000b720
      4375 Mon: Initialize SRAM; Write to SRAM B, Addr: 0xd5, Data: 0x1000b720
      4375 SB: Initialized memory B at address 0xd5
      4385 [DRIVER] Init SRAM block 0 at Addr 0x0d6 with Data 0x8e054c1c
      4385 Mon: Initialize SRAM; Write to SRAM A, Addr: 0xd6, Data: 0x8e054c1c
      4385 SB: Initialized memory A at address 0xd6
      4395 [DRIVER] Init SRAM block 1 at Addr 0x0d6 with Data 0x49b16f93
      4395 Mon: Initialize SRAM; Write to SRAM B, Addr: 0xd6, Data: 0x49b16f93
      4395 SB: Initialized memory B at address 0xd6
      4405 [DRIVER] Init SRAM block 0 at Addr 0x0d7 with Data 0x71b461e3
      4405 Mon: Initialize SRAM; Write to SRAM A, Addr: 0xd7, Data: 0x71b461e3
      4405 SB: Initialized memory A at address 0xd7
      4415 [DRIVER] Init SRAM block 1 at Addr 0x0d7 with Data 0x954b822a
      4415 Mon: Initialize SRAM; Write to SRAM B, Addr: 0xd7, Data: 0x954b822a
      4415 SB: Initialized memory B at address 0xd7
      4425 [DRIVER] Init SRAM block 0 at Addr 0x0d8 with Data 0xe471f8c8
      4425 Mon: Initialize SRAM; Write to SRAM A, Addr: 0xd8, Data: 0xe471f8c8
      4425 SB: Initialized memory A at address 0xd8
      4435 [DRIVER] Init SRAM block 1 at Addr 0x0d8 with Data 0xaed72e5d
      4435 Mon: Initialize SRAM; Write to SRAM B, Addr: 0xd8, Data: 0xaed72e5d
      4435 SB: Initialized memory B at address 0xd8
      4445 [DRIVER] Init SRAM block 0 at Addr 0x0d9 with Data 0x1d3f9d3a
      4445 Mon: Initialize SRAM; Write to SRAM A, Addr: 0xd9, Data: 0x1d3f9d3a
      4445 SB: Initialized memory A at address 0xd9
      4455 [DRIVER] Init SRAM block 1 at Addr 0x0d9 with Data 0x4226a984
      4455 Mon: Initialize SRAM; Write to SRAM B, Addr: 0xd9, Data: 0x4226a984
      4455 SB: Initialized memory B at address 0xd9
      4465 [DRIVER] Init SRAM block 0 at Addr 0x0da with Data 0x95a9a82b
      4465 Mon: Initialize SRAM; Write to SRAM A, Addr: 0xda, Data: 0x95a9a82b
      4465 SB: Initialized memory A at address 0xda
      4475 [DRIVER] Init SRAM block 1 at Addr 0x0da with Data 0x1c8d7f39
      4475 Mon: Initialize SRAM; Write to SRAM B, Addr: 0xda, Data: 0x1c8d7f39
      4475 SB: Initialized memory B at address 0xda
      4485 [DRIVER] Init SRAM block 0 at Addr 0x0db with Data 0x897f1c12
      4485 Mon: Initialize SRAM; Write to SRAM A, Addr: 0xdb, Data: 0x897f1c12
      4485 SB: Initialized memory A at address 0xdb
      4495 [DRIVER] Init SRAM block 1 at Addr 0x0db with Data 0xa97f0052
      4495 Mon: Initialize SRAM; Write to SRAM B, Addr: 0xdb, Data: 0xa97f0052
      4495 SB: Initialized memory B at address 0xdb
      4505 [DRIVER] Init SRAM block 0 at Addr 0x0dc with Data 0x2c848959
      4505 Mon: Initialize SRAM; Write to SRAM A, Addr: 0xdc, Data: 0x2c848959
      4505 SB: Initialized memory A at address 0xdc
      4515 [DRIVER] Init SRAM block 1 at Addr 0x0dc with Data 0xe82b96d0
      4515 Mon: Initialize SRAM; Write to SRAM B, Addr: 0xdc, Data: 0xe82b96d0
      4515 SB: Initialized memory B at address 0xdc
      4525 [DRIVER] Init SRAM block 0 at Addr 0x0dd with Data 0xb759ea6e
      4525 Mon: Initialize SRAM; Write to SRAM A, Addr: 0xdd, Data: 0xb759ea6e
      4525 SB: Initialized memory A at address 0xdd
      4535 [DRIVER] Init SRAM block 1 at Addr 0x0dd with Data 0x4bf52997
      4535 Mon: Initialize SRAM; Write to SRAM B, Addr: 0xdd, Data: 0x4bf52997
      4535 SB: Initialized memory B at address 0xdd
      4545 [DRIVER] Init SRAM block 0 at Addr 0x0de with Data 0x6d8b87db
      4545 Mon: Initialize SRAM; Write to SRAM A, Addr: 0xde, Data: 0x6d8b87db
      4545 SB: Initialized memory A at address 0xde
      4555 [DRIVER] Init SRAM block 1 at Addr 0x0de with Data 0x535277a6
      4555 Mon: Initialize SRAM; Write to SRAM B, Addr: 0xde, Data: 0x535277a6
      4555 SB: Initialized memory B at address 0xde
      4565 [DRIVER] Init SRAM block 0 at Addr 0x0df with Data 0x5d85d3bb
      4565 Mon: Initialize SRAM; Write to SRAM A, Addr: 0xdf, Data: 0x5d85d3bb
      4565 SB: Initialized memory A at address 0xdf
      4575 [DRIVER] Init SRAM block 1 at Addr 0x0df with Data 0x80797c00
      4575 Mon: Initialize SRAM; Write to SRAM B, Addr: 0xdf, Data: 0x80797c00
      4575 SB: Initialized memory B at address 0xdf
      4585 [DRIVER] Init SRAM block 0 at Addr 0x0e0 with Data 0x87e44c0f
      4585 Mon: Initialize SRAM; Write to SRAM A, Addr: 0xe0, Data: 0x87e44c0f
      4585 SB: Initialized memory A at address 0xe0
      4595 [DRIVER] Init SRAM block 1 at Addr 0x0e0 with Data 0xb4e8d669
      4595 Mon: Initialize SRAM; Write to SRAM B, Addr: 0xe0, Data: 0xb4e8d669
      4595 SB: Initialized memory B at address 0xe0
      4605 [DRIVER] Init SRAM block 0 at Addr 0x0e1 with Data 0x8653620c
      4605 Mon: Initialize SRAM; Write to SRAM A, Addr: 0xe1, Data: 0x8653620c
      4605 SB: Initialized memory A at address 0xe1
      4615 [DRIVER] Init SRAM block 1 at Addr 0x0e1 with Data 0x2ca81959
      4615 Mon: Initialize SRAM; Write to SRAM B, Addr: 0xe1, Data: 0x2ca81959
      4615 SB: Initialized memory B at address 0xe1
      4625 [DRIVER] Init SRAM block 0 at Addr 0x0e2 with Data 0x62fd49c5
      4625 Mon: Initialize SRAM; Write to SRAM A, Addr: 0xe2, Data: 0x62fd49c5
      4625 SB: Initialized memory A at address 0xe2
      4635 [DRIVER] Init SRAM block 1 at Addr 0x0e2 with Data 0x67d735cf
      4635 Mon: Initialize SRAM; Write to SRAM B, Addr: 0xe2, Data: 0x67d735cf
      4635 SB: Initialized memory B at address 0xe2
      4645 [DRIVER] Init SRAM block 0 at Addr 0x0e3 with Data 0x4839e590
      4645 Mon: Initialize SRAM; Write to SRAM A, Addr: 0xe3, Data: 0x4839e590
      4645 SB: Initialized memory A at address 0xe3
      4655 [DRIVER] Init SRAM block 1 at Addr 0x0e3 with Data 0xa8e4d851
      4655 Mon: Initialize SRAM; Write to SRAM B, Addr: 0xe3, Data: 0xa8e4d851
      4655 SB: Initialized memory B at address 0xe3
      4665 [DRIVER] Init SRAM block 0 at Addr 0x0e4 with Data 0xb4f9a469
      4665 Mon: Initialize SRAM; Write to SRAM A, Addr: 0xe4, Data: 0xb4f9a469
      4665 SB: Initialized memory A at address 0xe4
      4675 [DRIVER] Init SRAM block 1 at Addr 0x0e4 with Data 0x3b83cd77
      4675 Mon: Initialize SRAM; Write to SRAM B, Addr: 0xe4, Data: 0x3b83cd77
      4675 SB: Initialized memory B at address 0xe4
      4685 [DRIVER] Init SRAM block 0 at Addr 0x0e5 with Data 0x2523654a
      4685 Mon: Initialize SRAM; Write to SRAM A, Addr: 0xe5, Data: 0x2523654a
      4685 SB: Initialized memory A at address 0xe5
      4695 [DRIVER] Init SRAM block 1 at Addr 0x0e5 with Data 0xec3758d8
      4695 Mon: Initialize SRAM; Write to SRAM B, Addr: 0xe5, Data: 0xec3758d8
      4695 SB: Initialized memory B at address 0xe5
      4705 [DRIVER] Init SRAM block 0 at Addr 0x0e6 with Data 0x4ddd4d9b
      4705 Mon: Initialize SRAM; Write to SRAM A, Addr: 0xe6, Data: 0x4ddd4d9b
      4705 SB: Initialized memory A at address 0xe6
      4715 [DRIVER] Init SRAM block 1 at Addr 0x0e6 with Data 0xe20e9ac4
      4715 Mon: Initialize SRAM; Write to SRAM B, Addr: 0xe6, Data: 0xe20e9ac4
      4715 SB: Initialized memory B at address 0xe6
      4725 [DRIVER] Init SRAM block 0 at Addr 0x0e7 with Data 0x5c78b1b8
      4725 Mon: Initialize SRAM; Write to SRAM A, Addr: 0xe7, Data: 0x5c78b1b8
      4725 SB: Initialized memory A at address 0xe7
      4735 [DRIVER] Init SRAM block 1 at Addr 0x0e7 with Data 0xdbe6f2b7
      4735 Mon: Initialize SRAM; Write to SRAM B, Addr: 0xe7, Data: 0xdbe6f2b7
      4735 SB: Initialized memory B at address 0xe7
      4745 [DRIVER] Init SRAM block 0 at Addr 0x0e8 with Data 0xc378ee86
      4745 Mon: Initialize SRAM; Write to SRAM A, Addr: 0xe8, Data: 0xc378ee86
      4745 SB: Initialized memory A at address 0xe8
      4755 [DRIVER] Init SRAM block 1 at Addr 0x0e8 with Data 0x984d5a30
      4755 Mon: Initialize SRAM; Write to SRAM B, Addr: 0xe8, Data: 0x984d5a30
      4755 SB: Initialized memory B at address 0xe8
      4765 [DRIVER] Init SRAM block 0 at Addr 0x0e9 with Data 0x3bed5377
      4765 Mon: Initialize SRAM; Write to SRAM A, Addr: 0xe9, Data: 0x3bed5377
      4765 SB: Initialized memory A at address 0xe9
      4775 [DRIVER] Init SRAM block 1 at Addr 0x0e9 with Data 0x5ad6c7b5
      4775 Mon: Initialize SRAM; Write to SRAM B, Addr: 0xe9, Data: 0x5ad6c7b5
      4775 SB: Initialized memory B at address 0xe9
      4785 [DRIVER] Init SRAM block 0 at Addr 0x0ea with Data 0x6a15f5d4
      4785 Mon: Initialize SRAM; Write to SRAM A, Addr: 0xea, Data: 0x6a15f5d4
      4785 SB: Initialized memory A at address 0xea
      4795 [DRIVER] Init SRAM block 1 at Addr 0x0ea with Data 0x03878707
      4795 Mon: Initialize SRAM; Write to SRAM B, Addr: 0xea, Data: 0x3878707
      4795 SB: Initialized memory B at address 0xea
      4805 [DRIVER] Init SRAM block 0 at Addr 0x0eb with Data 0x3b0b9776
      4805 Mon: Initialize SRAM; Write to SRAM A, Addr: 0xeb, Data: 0x3b0b9776
      4805 SB: Initialized memory A at address 0xeb
      4815 [DRIVER] Init SRAM block 1 at Addr 0x0eb with Data 0x74a1ade9
      4815 Mon: Initialize SRAM; Write to SRAM B, Addr: 0xeb, Data: 0x74a1ade9
      4815 SB: Initialized memory B at address 0xeb
      4825 [DRIVER] Init SRAM block 0 at Addr 0x0ec with Data 0x45e28b8b
      4825 Mon: Initialize SRAM; Write to SRAM A, Addr: 0xec, Data: 0x45e28b8b
      4825 SB: Initialized memory A at address 0xec
      4835 [DRIVER] Init SRAM block 1 at Addr 0x0ec with Data 0x00f25f01
      4835 Mon: Initialize SRAM; Write to SRAM B, Addr: 0xec, Data: 0xf25f01
      4835 SB: Initialized memory B at address 0xec
      4845 [DRIVER] Init SRAM block 0 at Addr 0x0ed with Data 0x6d808bdb
      4845 Mon: Initialize SRAM; Write to SRAM A, Addr: 0xed, Data: 0x6d808bdb
      4845 SB: Initialized memory A at address 0xed
      4855 [DRIVER] Init SRAM block 1 at Addr 0x0ed with Data 0xc0764280
      4855 Mon: Initialize SRAM; Write to SRAM B, Addr: 0xed, Data: 0xc0764280
      4855 SB: Initialized memory B at address 0xed
      4865 [DRIVER] Init SRAM block 0 at Addr 0x0ee with Data 0x611d9fc2
      4865 Mon: Initialize SRAM; Write to SRAM A, Addr: 0xee, Data: 0x611d9fc2
      4865 SB: Initialized memory A at address 0xee
      4875 [DRIVER] Init SRAM block 1 at Addr 0x0ee with Data 0xe2ecdac5
      4875 Mon: Initialize SRAM; Write to SRAM B, Addr: 0xee, Data: 0xe2ecdac5
      4875 SB: Initialized memory B at address 0xee
      4885 [DRIVER] Init SRAM block 0 at Addr 0x0ef with Data 0x9827fa30
      4885 Mon: Initialize SRAM; Write to SRAM A, Addr: 0xef, Data: 0x9827fa30
      4885 SB: Initialized memory A at address 0xef
      4895 [DRIVER] Init SRAM block 1 at Addr 0x0ef with Data 0xd7b2e4af
      4895 Mon: Initialize SRAM; Write to SRAM B, Addr: 0xef, Data: 0xd7b2e4af
      4895 SB: Initialized memory B at address 0xef
      4905 [DRIVER] Init SRAM block 0 at Addr 0x0f0 with Data 0xb302da66
      4905 Mon: Initialize SRAM; Write to SRAM A, Addr: 0xf0, Data: 0xb302da66
      4905 SB: Initialized memory A at address 0xf0
      4915 [DRIVER] Init SRAM block 1 at Addr 0x0f0 with Data 0x57fbb9af
      4915 Mon: Initialize SRAM; Write to SRAM B, Addr: 0xf0, Data: 0x57fbb9af
      4915 SB: Initialized memory B at address 0xf0
      4925 [DRIVER] Init SRAM block 0 at Addr 0x0f1 with Data 0xf4d86ee9
      4925 Mon: Initialize SRAM; Write to SRAM A, Addr: 0xf1, Data: 0xf4d86ee9
      4925 SB: Initialized memory A at address 0xf1
      4935 [DRIVER] Init SRAM block 1 at Addr 0x0f1 with Data 0x7c41aff8
      4935 Mon: Initialize SRAM; Write to SRAM B, Addr: 0xf1, Data: 0x7c41aff8
      4935 SB: Initialized memory B at address 0xf1
      4945 [DRIVER] Init SRAM block 0 at Addr 0x0f2 with Data 0x8376ac06
      4945 Mon: Initialize SRAM; Write to SRAM A, Addr: 0xf2, Data: 0x8376ac06
      4945 SB: Initialized memory A at address 0xf2
      4955 [DRIVER] Init SRAM block 1 at Addr 0x0f2 with Data 0xf78576ef
      4955 Mon: Initialize SRAM; Write to SRAM B, Addr: 0xf2, Data: 0xf78576ef
      4955 SB: Initialized memory B at address 0xf2
      4965 [DRIVER] Init SRAM block 0 at Addr 0x0f3 with Data 0x70ef37e1
      4965 Mon: Initialize SRAM; Write to SRAM A, Addr: 0xf3, Data: 0x70ef37e1
      4965 SB: Initialized memory A at address 0xf3
      4975 [DRIVER] Init SRAM block 1 at Addr 0x0f3 with Data 0xcab47c95
      4975 Mon: Initialize SRAM; Write to SRAM B, Addr: 0xf3, Data: 0xcab47c95
      4975 SB: Initialized memory B at address 0xf3
      4985 [DRIVER] Init SRAM block 0 at Addr 0x0f4 with Data 0xf7723eee
      4985 Mon: Initialize SRAM; Write to SRAM A, Addr: 0xf4, Data: 0xf7723eee
      4985 SB: Initialized memory A at address 0xf4
      4995 [DRIVER] Init SRAM block 1 at Addr 0x0f4 with Data 0x304e4d60
      4995 Mon: Initialize SRAM; Write to SRAM B, Addr: 0xf4, Data: 0x304e4d60
      4995 SB: Initialized memory B at address 0xf4
      5005 [DRIVER] Init SRAM block 0 at Addr 0x0f5 with Data 0xf29c5ee5
      5005 Mon: Initialize SRAM; Write to SRAM A, Addr: 0xf5, Data: 0xf29c5ee5
      5005 SB: Initialized memory A at address 0xf5
      5015 [DRIVER] Init SRAM block 1 at Addr 0x0f5 with Data 0x9420ea28
      5015 Mon: Initialize SRAM; Write to SRAM B, Addr: 0xf5, Data: 0x9420ea28
      5015 SB: Initialized memory B at address 0xf5
      5025 [DRIVER] Init SRAM block 0 at Addr 0x0f6 with Data 0x322f7d64
      5025 Mon: Initialize SRAM; Write to SRAM A, Addr: 0xf6, Data: 0x322f7d64
      5025 SB: Initialized memory A at address 0xf6
      5035 [DRIVER] Init SRAM block 1 at Addr 0x0f6 with Data 0x14b43729
      5035 Mon: Initialize SRAM; Write to SRAM B, Addr: 0xf6, Data: 0x14b43729
      5035 SB: Initialized memory B at address 0xf6
      5045 [DRIVER] Init SRAM block 0 at Addr 0x0f7 with Data 0xf0eeaee1
      5045 Mon: Initialize SRAM; Write to SRAM A, Addr: 0xf7, Data: 0xf0eeaee1
      5045 SB: Initialized memory A at address 0xf7
      5055 [DRIVER] Init SRAM block 1 at Addr 0x0f7 with Data 0xbbbc5277
      5055 Mon: Initialize SRAM; Write to SRAM B, Addr: 0xf7, Data: 0xbbbc5277
      5055 SB: Initialized memory B at address 0xf7
      5065 [DRIVER] Init SRAM block 0 at Addr 0x0f8 with Data 0x3715156e
      5065 Mon: Initialize SRAM; Write to SRAM A, Addr: 0xf8, Data: 0x3715156e
      5065 SB: Initialized memory A at address 0xf8
      5075 [DRIVER] Init SRAM block 1 at Addr 0x0f8 with Data 0x40aaf581
      5075 Mon: Initialize SRAM; Write to SRAM B, Addr: 0xf8, Data: 0x40aaf581
      5075 SB: Initialized memory B at address 0xf8
      5085 [DRIVER] Init SRAM block 0 at Addr 0x0f9 with Data 0x6a9fb9d5
      5085 Mon: Initialize SRAM; Write to SRAM A, Addr: 0xf9, Data: 0x6a9fb9d5
      5085 SB: Initialized memory A at address 0xf9
      5095 [DRIVER] Init SRAM block 1 at Addr 0x0f9 with Data 0x3437d568
      5095 Mon: Initialize SRAM; Write to SRAM B, Addr: 0xf9, Data: 0x3437d568
      5095 SB: Initialized memory B at address 0xf9
      5105 [DRIVER] Init SRAM block 0 at Addr 0x0fa with Data 0x786271f0
      5105 Mon: Initialize SRAM; Write to SRAM A, Addr: 0xfa, Data: 0x786271f0
      5105 SB: Initialized memory A at address 0xfa
      5115 [DRIVER] Init SRAM block 1 at Addr 0x0fa with Data 0xd57800aa
      5115 Mon: Initialize SRAM; Write to SRAM B, Addr: 0xfa, Data: 0xd57800aa
      5115 SB: Initialized memory B at address 0xfa
      5125 [DRIVER] Init SRAM block 0 at Addr 0x0fb with Data 0x079fc30f
      5125 Mon: Initialize SRAM; Write to SRAM A, Addr: 0xfb, Data: 0x79fc30f
      5125 SB: Initialized memory A at address 0xfb
      5135 [DRIVER] Init SRAM block 1 at Addr 0x0fb with Data 0xf8dc48f1
      5135 Mon: Initialize SRAM; Write to SRAM B, Addr: 0xfb, Data: 0xf8dc48f1
      5135 SB: Initialized memory B at address 0xfb
      5145 [DRIVER] Init SRAM block 0 at Addr 0x0fc with Data 0xbe9bbc7d
      5145 Mon: Initialize SRAM; Write to SRAM A, Addr: 0xfc, Data: 0xbe9bbc7d
      5145 SB: Initialized memory A at address 0xfc
      5155 [DRIVER] Init SRAM block 1 at Addr 0x0fc with Data 0x472e958e
      5155 Mon: Initialize SRAM; Write to SRAM B, Addr: 0xfc, Data: 0x472e958e
      5155 SB: Initialized memory B at address 0xfc
      5165 [DRIVER] Init SRAM block 0 at Addr 0x0fd with Data 0xf161dce2
      5165 Mon: Initialize SRAM; Write to SRAM A, Addr: 0xfd, Data: 0xf161dce2
      5165 SB: Initialized memory A at address 0xfd
      5175 [DRIVER] Init SRAM block 1 at Addr 0x0fd with Data 0x1e664d3c
      5175 Mon: Initialize SRAM; Write to SRAM B, Addr: 0xfd, Data: 0x1e664d3c
      5175 SB: Initialized memory B at address 0xfd
      5185 [DRIVER] Init SRAM block 0 at Addr 0x0fe with Data 0xd4b5e6a9
      5185 Mon: Initialize SRAM; Write to SRAM A, Addr: 0xfe, Data: 0xd4b5e6a9
      5185 SB: Initialized memory A at address 0xfe
      5195 [DRIVER] Init SRAM block 1 at Addr 0x0fe with Data 0x77ebb1ef
      5195 Mon: Initialize SRAM; Write to SRAM B, Addr: 0xfe, Data: 0x77ebb1ef
      5195 SB: Initialized memory B at address 0xfe
      5205 [DRIVER] Init SRAM block 0 at Addr 0x0ff with Data 0xade7d05b
      5205 Mon: Initialize SRAM; Write to SRAM A, Addr: 0xff, Data: 0xade7d05b
      5205 SB: Initialized memory A at address 0xff
      5215 [DRIVER] Init SRAM block 1 at Addr 0x0ff with Data 0xd7a23caf
      5215 Mon: Initialize SRAM; Write to SRAM B, Addr: 0xff, Data: 0xd7a23caf
      5215 SB: Initialized memory B at address 0xff
      5225 [DRIVER] Init SRAM block 0 at Addr 0x100 with Data 0x25029b4a
      5225 Mon: Initialize SRAM; Write to SRAM A, Addr: 0x100, Data: 0x25029b4a
      5225 SB: Initialized memory A at address 0x100
      5235 [DRIVER] Init SRAM block 1 at Addr 0x100 with Data 0x5cd20db9
      5235 Mon: Initialize SRAM; Write to SRAM B, Addr: 0x100, Data: 0x5cd20db9
      5235 SB: Initialized memory B at address 0x100
      5245 [DRIVER] Init SRAM block 0 at Addr 0x101 with Data 0x098e2d13
      5245 Mon: Initialize SRAM; Write to SRAM A, Addr: 0x101, Data: 0x98e2d13
      5245 SB: Initialized memory A at address 0x101
      5255 [DRIVER] Init SRAM block 1 at Addr 0x101 with Data 0x09c83513
      5255 Mon: Initialize SRAM; Write to SRAM B, Addr: 0x101, Data: 0x9c83513
      5255 SB: Initialized memory B at address 0x101
      5265 [DRIVER] Init SRAM block 0 at Addr 0x102 with Data 0x32dc4165
      5265 Mon: Initialize SRAM; Write to SRAM A, Addr: 0x102, Data: 0x32dc4165
      5265 SB: Initialized memory A at address 0x102
      5275 [DRIVER] Init SRAM block 1 at Addr 0x102 with Data 0x28c62751
      5275 Mon: Initialize SRAM; Write to SRAM B, Addr: 0x102, Data: 0x28c62751
      5275 SB: Initialized memory B at address 0x102
      5285 [DRIVER] Init SRAM block 0 at Addr 0x103 with Data 0xdb983ab7
      5285 Mon: Initialize SRAM; Write to SRAM A, Addr: 0x103, Data: 0xdb983ab7
      5285 SB: Initialized memory A at address 0x103
      5295 [DRIVER] Init SRAM block 1 at Addr 0x103 with Data 0xcc981099
      5295 Mon: Initialize SRAM; Write to SRAM B, Addr: 0x103, Data: 0xcc981099
      5295 SB: Initialized memory B at address 0x103
      5305 [DRIVER] Init SRAM block 0 at Addr 0x104 with Data 0x9d12083a
      5305 Mon: Initialize SRAM; Write to SRAM A, Addr: 0x104, Data: 0x9d12083a
      5305 SB: Initialized memory A at address 0x104
      5315 [DRIVER] Init SRAM block 1 at Addr 0x104 with Data 0xb8ea3a71
      5315 Mon: Initialize SRAM; Write to SRAM B, Addr: 0x104, Data: 0xb8ea3a71
      5315 SB: Initialized memory B at address 0x104
      5325 [DRIVER] Init SRAM block 0 at Addr 0x105 with Data 0x317c0762
      5325 Mon: Initialize SRAM; Write to SRAM A, Addr: 0x105, Data: 0x317c0762
      5325 SB: Initialized memory A at address 0x105
      5335 [DRIVER] Init SRAM block 1 at Addr 0x105 with Data 0xf2356ae4
      5335 Mon: Initialize SRAM; Write to SRAM B, Addr: 0x105, Data: 0xf2356ae4
      5335 SB: Initialized memory B at address 0x105
      5345 [DRIVER] Init SRAM block 0 at Addr 0x106 with Data 0x1513dd2a
      5345 Mon: Initialize SRAM; Write to SRAM A, Addr: 0x106, Data: 0x1513dd2a
      5345 SB: Initialized memory A at address 0x106
      5355 [DRIVER] Init SRAM block 1 at Addr 0x106 with Data 0xbeda447d
      5355 Mon: Initialize SRAM; Write to SRAM B, Addr: 0x106, Data: 0xbeda447d
      5355 SB: Initialized memory B at address 0x106
      5365 [DRIVER] Init SRAM block 0 at Addr 0x107 with Data 0x2cee5f59
      5365 Mon: Initialize SRAM; Write to SRAM A, Addr: 0x107, Data: 0x2cee5f59
      5365 SB: Initialized memory A at address 0x107
      5375 [DRIVER] Init SRAM block 1 at Addr 0x107 with Data 0x72c3a3e5
      5375 Mon: Initialize SRAM; Write to SRAM B, Addr: 0x107, Data: 0x72c3a3e5
      5375 SB: Initialized memory B at address 0x107
      5385 [DRIVER] Init SRAM block 0 at Addr 0x108 with Data 0x76de6bed
      5385 Mon: Initialize SRAM; Write to SRAM A, Addr: 0x108, Data: 0x76de6bed
      5385 SB: Initialized memory A at address 0x108
      5395 [DRIVER] Init SRAM block 1 at Addr 0x108 with Data 0xe4a800c9
      5395 Mon: Initialize SRAM; Write to SRAM B, Addr: 0x108, Data: 0xe4a800c9
      5395 SB: Initialized memory B at address 0x108
      5405 [DRIVER] Init SRAM block 0 at Addr 0x109 with Data 0xa0aecc41
      5405 Mon: Initialize SRAM; Write to SRAM A, Addr: 0x109, Data: 0xa0aecc41
      5405 SB: Initialized memory A at address 0x109
      5415 [DRIVER] Init SRAM block 1 at Addr 0x109 with Data 0x57c1d1af
      5415 Mon: Initialize SRAM; Write to SRAM B, Addr: 0x109, Data: 0x57c1d1af
      5415 SB: Initialized memory B at address 0x109
      5425 [DRIVER] Init SRAM block 0 at Addr 0x10a with Data 0xeda71cdb
      5425 Mon: Initialize SRAM; Write to SRAM A, Addr: 0x10a, Data: 0xeda71cdb
      5425 SB: Initialized memory A at address 0x10a
      5435 [DRIVER] Init SRAM block 1 at Addr 0x10a with Data 0xe696e8cd
      5435 Mon: Initialize SRAM; Write to SRAM B, Addr: 0x10a, Data: 0xe696e8cd
      5435 SB: Initialized memory B at address 0x10a
      5445 [DRIVER] Init SRAM block 0 at Addr 0x10b with Data 0x38139f70
      5445 Mon: Initialize SRAM; Write to SRAM A, Addr: 0x10b, Data: 0x38139f70
      5445 SB: Initialized memory A at address 0x10b
      5455 [DRIVER] Init SRAM block 1 at Addr 0x10b with Data 0x8326d406
      5455 Mon: Initialize SRAM; Write to SRAM B, Addr: 0x10b, Data: 0x8326d406
      5455 SB: Initialized memory B at address 0x10b
      5465 [DRIVER] Init SRAM block 0 at Addr 0x10c with Data 0xd14820a2
      5465 Mon: Initialize SRAM; Write to SRAM A, Addr: 0x10c, Data: 0xd14820a2
      5465 SB: Initialized memory A at address 0x10c
      5475 [DRIVER] Init SRAM block 1 at Addr 0x10c with Data 0x5e983dbd
      5475 Mon: Initialize SRAM; Write to SRAM B, Addr: 0x10c, Data: 0x5e983dbd
      5475 SB: Initialized memory B at address 0x10c
      5485 [DRIVER] Init SRAM block 0 at Addr 0x10d with Data 0xb555de6a
      5485 Mon: Initialize SRAM; Write to SRAM A, Addr: 0x10d, Data: 0xb555de6a
      5485 SB: Initialized memory A at address 0x10d
      5495 [DRIVER] Init SRAM block 1 at Addr 0x10d with Data 0x6e3d47dc
      5495 Mon: Initialize SRAM; Write to SRAM B, Addr: 0x10d, Data: 0x6e3d47dc
      5495 SB: Initialized memory B at address 0x10d
      5505 [DRIVER] Init SRAM block 0 at Addr 0x10e with Data 0xa86c5e50
      5505 Mon: Initialize SRAM; Write to SRAM A, Addr: 0x10e, Data: 0xa86c5e50
      5505 SB: Initialized memory A at address 0x10e
      5515 [DRIVER] Init SRAM block 1 at Addr 0x10e with Data 0xbd86f47b
      5515 Mon: Initialize SRAM; Write to SRAM B, Addr: 0x10e, Data: 0xbd86f47b
      5515 SB: Initialized memory B at address 0x10e
      5525 [DRIVER] Init SRAM block 0 at Addr 0x10f with Data 0x929d5825
      5525 Mon: Initialize SRAM; Write to SRAM A, Addr: 0x10f, Data: 0x929d5825
      5525 SB: Initialized memory A at address 0x10f
      5535 [DRIVER] Init SRAM block 1 at Addr 0x10f with Data 0xbc3f8478
      5535 Mon: Initialize SRAM; Write to SRAM B, Addr: 0x10f, Data: 0xbc3f8478
      5535 SB: Initialized memory B at address 0x10f
      5545 [DRIVER] Init SRAM block 0 at Addr 0x110 with Data 0x7b7b89f6
      5545 Mon: Initialize SRAM; Write to SRAM A, Addr: 0x110, Data: 0x7b7b89f6
      5545 SB: Initialized memory A at address 0x110
      5555 [DRIVER] Init SRAM block 1 at Addr 0x110 with Data 0xae23ce5c
      5555 Mon: Initialize SRAM; Write to SRAM B, Addr: 0x110, Data: 0xae23ce5c
      5555 SB: Initialized memory B at address 0x110
      5565 [DRIVER] Init SRAM block 0 at Addr 0x111 with Data 0x11cc9b23
      5565 Mon: Initialize SRAM; Write to SRAM A, Addr: 0x111, Data: 0x11cc9b23
      5565 SB: Initialized memory A at address 0x111
      5575 [DRIVER] Init SRAM block 1 at Addr 0x111 with Data 0x3cb3ab79
      5575 Mon: Initialize SRAM; Write to SRAM B, Addr: 0x111, Data: 0x3cb3ab79
      5575 SB: Initialized memory B at address 0x111
      5585 [DRIVER] Init SRAM block 0 at Addr 0x112 with Data 0x644605c8
      5585 Mon: Initialize SRAM; Write to SRAM A, Addr: 0x112, Data: 0x644605c8
      5585 SB: Initialized memory A at address 0x112
      5595 [DRIVER] Init SRAM block 1 at Addr 0x112 with Data 0xddd146bb
      5595 Mon: Initialize SRAM; Write to SRAM B, Addr: 0x112, Data: 0xddd146bb
      5595 SB: Initialized memory B at address 0x112
      5605 [DRIVER] Init SRAM block 0 at Addr 0x113 with Data 0x870cee0e
      5605 Mon: Initialize SRAM; Write to SRAM A, Addr: 0x113, Data: 0x870cee0e
      5605 SB: Initialized memory A at address 0x113
      5615 [DRIVER] Init SRAM block 1 at Addr 0x113 with Data 0xb9879473
      5615 Mon: Initialize SRAM; Write to SRAM B, Addr: 0x113, Data: 0xb9879473
      5615 SB: Initialized memory B at address 0x113
      5625 [DRIVER] Init SRAM block 0 at Addr 0x114 with Data 0x0671030c
      5625 Mon: Initialize SRAM; Write to SRAM A, Addr: 0x114, Data: 0x671030c
      5625 SB: Initialized memory A at address 0x114
      5635 [DRIVER] Init SRAM block 1 at Addr 0x114 with Data 0xe70f98ce
      5635 Mon: Initialize SRAM; Write to SRAM B, Addr: 0x114, Data: 0xe70f98ce
      5635 SB: Initialized memory B at address 0x114
      5645 [DRIVER] Init SRAM block 0 at Addr 0x115 with Data 0x6a1a61d4
      5645 Mon: Initialize SRAM; Write to SRAM A, Addr: 0x115, Data: 0x6a1a61d4
      5645 SB: Initialized memory A at address 0x115
      5655 [DRIVER] Init SRAM block 1 at Addr 0x115 with Data 0xacecdc59
      5655 Mon: Initialize SRAM; Write to SRAM B, Addr: 0x115, Data: 0xacecdc59
      5655 SB: Initialized memory B at address 0x115
      5665 [DRIVER] Init SRAM block 0 at Addr 0x116 with Data 0x5ca26fb9
      5665 Mon: Initialize SRAM; Write to SRAM A, Addr: 0x116, Data: 0x5ca26fb9
      5665 SB: Initialized memory A at address 0x116
      5675 [DRIVER] Init SRAM block 1 at Addr 0x116 with Data 0xd9b8c0b3
      5675 Mon: Initialize SRAM; Write to SRAM B, Addr: 0x116, Data: 0xd9b8c0b3
      5675 SB: Initialized memory B at address 0x116
      5685 [DRIVER] Init SRAM block 0 at Addr 0x117 with Data 0x7a4fbff4
      5685 Mon: Initialize SRAM; Write to SRAM A, Addr: 0x117, Data: 0x7a4fbff4
      5685 SB: Initialized memory A at address 0x117
      5695 [DRIVER] Init SRAM block 1 at Addr 0x117 with Data 0xbaf4e275
      5695 Mon: Initialize SRAM; Write to SRAM B, Addr: 0x117, Data: 0xbaf4e275
      5695 SB: Initialized memory B at address 0x117
      5705 [DRIVER] Init SRAM block 0 at Addr 0x118 with Data 0x066cf10c
      5705 Mon: Initialize SRAM; Write to SRAM A, Addr: 0x118, Data: 0x66cf10c
      5705 SB: Initialized memory A at address 0x118
      5715 [DRIVER] Init SRAM block 1 at Addr 0x118 with Data 0x9cfc7a39
      5715 Mon: Initialize SRAM; Write to SRAM B, Addr: 0x118, Data: 0x9cfc7a39
      5715 SB: Initialized memory B at address 0x118
      5725 [DRIVER] Init SRAM block 0 at Addr 0x119 with Data 0x01729302
      5725 Mon: Initialize SRAM; Write to SRAM A, Addr: 0x119, Data: 0x1729302
      5725 SB: Initialized memory A at address 0x119
      5735 [DRIVER] Init SRAM block 1 at Addr 0x119 with Data 0x8aecbe15
      5735 Mon: Initialize SRAM; Write to SRAM B, Addr: 0x119, Data: 0x8aecbe15
      5735 SB: Initialized memory B at address 0x119
      5745 [DRIVER] Init SRAM block 0 at Addr 0x11a with Data 0x02fbf905
      5745 Mon: Initialize SRAM; Write to SRAM A, Addr: 0x11a, Data: 0x2fbf905
      5745 SB: Initialized memory A at address 0x11a
      5755 [DRIVER] Init SRAM block 1 at Addr 0x11a with Data 0x271c434e
      5755 Mon: Initialize SRAM; Write to SRAM B, Addr: 0x11a, Data: 0x271c434e
      5755 SB: Initialized memory B at address 0x11a
      5765 [DRIVER] Init SRAM block 0 at Addr 0x11b with Data 0x013f2902
      5765 Mon: Initialize SRAM; Write to SRAM A, Addr: 0x11b, Data: 0x13f2902
      5765 SB: Initialized memory A at address 0x11b
      5775 [DRIVER] Init SRAM block 1 at Addr 0x11b with Data 0x5c7951b8
      5775 Mon: Initialize SRAM; Write to SRAM B, Addr: 0x11b, Data: 0x5c7951b8
      5775 SB: Initialized memory B at address 0x11b
      5785 [DRIVER] Init SRAM block 0 at Addr 0x11c with Data 0x847fb208
      5785 Mon: Initialize SRAM; Write to SRAM A, Addr: 0x11c, Data: 0x847fb208
      5785 SB: Initialized memory A at address 0x11c
      5795 [DRIVER] Init SRAM block 1 at Addr 0x11c with Data 0x46e7538d
      5795 Mon: Initialize SRAM; Write to SRAM B, Addr: 0x11c, Data: 0x46e7538d
      5795 SB: Initialized memory B at address 0x11c
      5805 [DRIVER] Init SRAM block 0 at Addr 0x11d with Data 0xd7b48eaf
      5805 Mon: Initialize SRAM; Write to SRAM A, Addr: 0x11d, Data: 0xd7b48eaf
      5805 SB: Initialized memory A at address 0x11d
      5815 [DRIVER] Init SRAM block 1 at Addr 0x11d with Data 0x747331e8
      5815 Mon: Initialize SRAM; Write to SRAM B, Addr: 0x11d, Data: 0x747331e8
      5815 SB: Initialized memory B at address 0x11d
      5825 [DRIVER] Init SRAM block 0 at Addr 0x11e with Data 0x48590990
      5825 Mon: Initialize SRAM; Write to SRAM A, Addr: 0x11e, Data: 0x48590990
      5825 SB: Initialized memory A at address 0x11e
      5835 [DRIVER] Init SRAM block 1 at Addr 0x11e with Data 0x7af6abf5
      5835 Mon: Initialize SRAM; Write to SRAM B, Addr: 0x11e, Data: 0x7af6abf5
      5835 SB: Initialized memory B at address 0x11e
      5845 [DRIVER] Init SRAM block 0 at Addr 0x11f with Data 0xa620904c
      5845 Mon: Initialize SRAM; Write to SRAM A, Addr: 0x11f, Data: 0xa620904c
      5845 SB: Initialized memory A at address 0x11f
      5855 [DRIVER] Init SRAM block 1 at Addr 0x11f with Data 0x3d82bd7b
      5855 Mon: Initialize SRAM; Write to SRAM B, Addr: 0x11f, Data: 0x3d82bd7b
      5855 SB: Initialized memory B at address 0x11f
      5865 [DRIVER] Init SRAM block 0 at Addr 0x120 with Data 0xa005a640
      5865 Mon: Initialize SRAM; Write to SRAM A, Addr: 0x120, Data: 0xa005a640
      5865 SB: Initialized memory A at address 0x120
      5875 [DRIVER] Init SRAM block 1 at Addr 0x120 with Data 0x12a90325
      5875 Mon: Initialize SRAM; Write to SRAM B, Addr: 0x120, Data: 0x12a90325
      5875 SB: Initialized memory B at address 0x120
      5885 [DRIVER] Init SRAM block 0 at Addr 0x121 with Data 0x86ebb60d
      5885 Mon: Initialize SRAM; Write to SRAM A, Addr: 0x121, Data: 0x86ebb60d
      5885 SB: Initialized memory A at address 0x121
      5895 [DRIVER] Init SRAM block 1 at Addr 0x121 with Data 0xb87c1070
      5895 Mon: Initialize SRAM; Write to SRAM B, Addr: 0x121, Data: 0xb87c1070
      5895 SB: Initialized memory B at address 0x121
      5905 [DRIVER] Init SRAM block 0 at Addr 0x122 with Data 0x16cbf92d
      5905 Mon: Initialize SRAM; Write to SRAM A, Addr: 0x122, Data: 0x16cbf92d
      5905 SB: Initialized memory A at address 0x122
      5915 [DRIVER] Init SRAM block 1 at Addr 0x122 with Data 0x94ded829
      5915 Mon: Initialize SRAM; Write to SRAM B, Addr: 0x122, Data: 0x94ded829
      5915 SB: Initialized memory B at address 0x122
      5925 [DRIVER] Init SRAM block 0 at Addr 0x123 with Data 0x5e2551bc
      5925 Mon: Initialize SRAM; Write to SRAM A, Addr: 0x123, Data: 0x5e2551bc
      5925 SB: Initialized memory A at address 0x123
      5935 [DRIVER] Init SRAM block 1 at Addr 0x123 with Data 0x987b0830
      5935 Mon: Initialize SRAM; Write to SRAM B, Addr: 0x123, Data: 0x987b0830
      5935 SB: Initialized memory B at address 0x123
      5945 [DRIVER] Init SRAM block 0 at Addr 0x124 with Data 0x60272dc0
      5945 Mon: Initialize SRAM; Write to SRAM A, Addr: 0x124, Data: 0x60272dc0
      5945 SB: Initialized memory A at address 0x124
      5955 [DRIVER] Init SRAM block 1 at Addr 0x124 with Data 0x28766950
      5955 Mon: Initialize SRAM; Write to SRAM B, Addr: 0x124, Data: 0x28766950
      5955 SB: Initialized memory B at address 0x124
      5965 [DRIVER] Init SRAM block 0 at Addr 0x125 with Data 0xd0cf6aa1
      5965 Mon: Initialize SRAM; Write to SRAM A, Addr: 0x125, Data: 0xd0cf6aa1
      5965 SB: Initialized memory A at address 0x125
      5975 [DRIVER] Init SRAM block 1 at Addr 0x125 with Data 0x26bf3f4d
      5975 Mon: Initialize SRAM; Write to SRAM B, Addr: 0x125, Data: 0x26bf3f4d
      5975 SB: Initialized memory B at address 0x125
      5985 [DRIVER] Init SRAM block 0 at Addr 0x126 with Data 0xfaf32ef5
      5985 Mon: Initialize SRAM; Write to SRAM A, Addr: 0x126, Data: 0xfaf32ef5
      5985 SB: Initialized memory A at address 0x126
      5995 [DRIVER] Init SRAM block 1 at Addr 0x126 with Data 0x7a87aff5
      5995 Mon: Initialize SRAM; Write to SRAM B, Addr: 0x126, Data: 0x7a87aff5
      5995 SB: Initialized memory B at address 0x126
      6005 [DRIVER] Init SRAM block 0 at Addr 0x127 with Data 0xaeeacc5d
      6005 Mon: Initialize SRAM; Write to SRAM A, Addr: 0x127, Data: 0xaeeacc5d
      6005 SB: Initialized memory A at address 0x127
      6015 [DRIVER] Init SRAM block 1 at Addr 0x127 with Data 0xca481294
      6015 Mon: Initialize SRAM; Write to SRAM B, Addr: 0x127, Data: 0xca481294
      6015 SB: Initialized memory B at address 0x127
      6025 [DRIVER] Init SRAM block 0 at Addr 0x128 with Data 0xb558a66a
      6025 Mon: Initialize SRAM; Write to SRAM A, Addr: 0x128, Data: 0xb558a66a
      6025 SB: Initialized memory A at address 0x128
      6035 [DRIVER] Init SRAM block 1 at Addr 0x128 with Data 0x5e6065bc
      6035 Mon: Initialize SRAM; Write to SRAM B, Addr: 0x128, Data: 0x5e6065bc
      6035 SB: Initialized memory B at address 0x128
      6045 [DRIVER] Init SRAM block 0 at Addr 0x129 with Data 0xdc4308b8
      6045 Mon: Initialize SRAM; Write to SRAM A, Addr: 0x129, Data: 0xdc4308b8
      6045 SB: Initialized memory A at address 0x129
      6055 [DRIVER] Init SRAM block 1 at Addr 0x129 with Data 0xcf309c9e
      6055 Mon: Initialize SRAM; Write to SRAM B, Addr: 0x129, Data: 0xcf309c9e
      6055 SB: Initialized memory B at address 0x129
      6065 [DRIVER] Init SRAM block 0 at Addr 0x12a with Data 0xfd7906fa
      6065 Mon: Initialize SRAM; Write to SRAM A, Addr: 0x12a, Data: 0xfd7906fa
      6065 SB: Initialized memory A at address 0x12a
      6075 [DRIVER] Init SRAM block 1 at Addr 0x12a with Data 0x23400b46
      6075 Mon: Initialize SRAM; Write to SRAM B, Addr: 0x12a, Data: 0x23400b46
      6075 SB: Initialized memory B at address 0x12a
      6085 [DRIVER] Init SRAM block 0 at Addr 0x12b with Data 0x83fa6407
      6085 Mon: Initialize SRAM; Write to SRAM A, Addr: 0x12b, Data: 0x83fa6407
      6085 SB: Initialized memory A at address 0x12b
      6095 [DRIVER] Init SRAM block 1 at Addr 0x12b with Data 0xc9cbbc93
      6095 Mon: Initialize SRAM; Write to SRAM B, Addr: 0x12b, Data: 0xc9cbbc93
      6095 SB: Initialized memory B at address 0x12b
      6105 [DRIVER] Init SRAM block 0 at Addr 0x12c with Data 0xaada7455
      6105 Mon: Initialize SRAM; Write to SRAM A, Addr: 0x12c, Data: 0xaada7455
      6105 SB: Initialized memory A at address 0x12c
      6115 [DRIVER] Init SRAM block 1 at Addr 0x12c with Data 0x5bd3dbb7
      6115 Mon: Initialize SRAM; Write to SRAM B, Addr: 0x12c, Data: 0x5bd3dbb7
      6115 SB: Initialized memory B at address 0x12c
      6125 [DRIVER] Init SRAM block 0 at Addr 0x12d with Data 0x22d5f145
      6125 Mon: Initialize SRAM; Write to SRAM A, Addr: 0x12d, Data: 0x22d5f145
      6125 SB: Initialized memory A at address 0x12d
      6135 [DRIVER] Init SRAM block 1 at Addr 0x12d with Data 0xb1800a63
      6135 Mon: Initialize SRAM; Write to SRAM B, Addr: 0x12d, Data: 0xb1800a63
      6135 SB: Initialized memory B at address 0x12d
      6145 [DRIVER] Init SRAM block 0 at Addr 0x12e with Data 0xac93e059
      6145 Mon: Initialize SRAM; Write to SRAM A, Addr: 0x12e, Data: 0xac93e059
      6145 SB: Initialized memory A at address 0x12e
      6155 [DRIVER] Init SRAM block 1 at Addr 0x12e with Data 0x9372ce26
      6155 Mon: Initialize SRAM; Write to SRAM B, Addr: 0x12e, Data: 0x9372ce26
      6155 SB: Initialized memory B at address 0x12e
      6165 [DRIVER] Init SRAM block 0 at Addr 0x12f with Data 0xb4497668
      6165 Mon: Initialize SRAM; Write to SRAM A, Addr: 0x12f, Data: 0xb4497668
      6165 SB: Initialized memory A at address 0x12f
      6175 [DRIVER] Init SRAM block 1 at Addr 0x12f with Data 0x8f63e41e
      6175 Mon: Initialize SRAM; Write to SRAM B, Addr: 0x12f, Data: 0x8f63e41e
      6175 SB: Initialized memory B at address 0x12f
      6185 [DRIVER] Init SRAM block 0 at Addr 0x130 with Data 0xc838f490
      6185 Mon: Initialize SRAM; Write to SRAM A, Addr: 0x130, Data: 0xc838f490
      6185 SB: Initialized memory A at address 0x130
      6195 [DRIVER] Init SRAM block 1 at Addr 0x130 with Data 0x2d19a55a
      6195 Mon: Initialize SRAM; Write to SRAM B, Addr: 0x130, Data: 0x2d19a55a
      6195 SB: Initialized memory B at address 0x130
      6205 [DRIVER] Init SRAM block 0 at Addr 0x131 with Data 0x0e43851c
      6205 Mon: Initialize SRAM; Write to SRAM A, Addr: 0x131, Data: 0xe43851c
      6205 SB: Initialized memory A at address 0x131
      6215 [DRIVER] Init SRAM block 1 at Addr 0x131 with Data 0x5c9967b9
      6215 Mon: Initialize SRAM; Write to SRAM B, Addr: 0x131, Data: 0x5c9967b9
      6215 SB: Initialized memory B at address 0x131
      6225 [DRIVER] Init SRAM block 0 at Addr 0x132 with Data 0x55861fab
      6225 Mon: Initialize SRAM; Write to SRAM A, Addr: 0x132, Data: 0x55861fab
      6225 SB: Initialized memory A at address 0x132
      6235 [DRIVER] Init SRAM block 1 at Addr 0x132 with Data 0x6826d9d0
      6235 Mon: Initialize SRAM; Write to SRAM B, Addr: 0x132, Data: 0x6826d9d0
      6235 SB: Initialized memory B at address 0x132
      6245 [DRIVER] Init SRAM block 0 at Addr 0x133 with Data 0x37b9656f
      6245 Mon: Initialize SRAM; Write to SRAM A, Addr: 0x133, Data: 0x37b9656f
      6245 SB: Initialized memory A at address 0x133
      6255 [DRIVER] Init SRAM block 1 at Addr 0x133 with Data 0x6c6a6dd8
      6255 Mon: Initialize SRAM; Write to SRAM B, Addr: 0x133, Data: 0x6c6a6dd8
      6255 SB: Initialized memory B at address 0x133
      6265 [DRIVER] Init SRAM block 0 at Addr 0x134 with Data 0xa2cc8845
      6265 Mon: Initialize SRAM; Write to SRAM A, Addr: 0x134, Data: 0xa2cc8845
      6265 SB: Initialized memory A at address 0x134
      6275 [DRIVER] Init SRAM block 1 at Addr 0x134 with Data 0x46d6a78d
      6275 Mon: Initialize SRAM; Write to SRAM B, Addr: 0x134, Data: 0x46d6a78d
      6275 SB: Initialized memory B at address 0x134
      6285 [DRIVER] Init SRAM block 0 at Addr 0x135 with Data 0x45f3238b
      6285 Mon: Initialize SRAM; Write to SRAM A, Addr: 0x135, Data: 0x45f3238b
      6285 SB: Initialized memory A at address 0x135
      6295 [DRIVER] Init SRAM block 1 at Addr 0x135 with Data 0x7e2491fc
      6295 Mon: Initialize SRAM; Write to SRAM B, Addr: 0x135, Data: 0x7e2491fc
      6295 SB: Initialized memory B at address 0x135
      6305 [DRIVER] Init SRAM block 0 at Addr 0x136 with Data 0x6e1e1fdc
      6305 Mon: Initialize SRAM; Write to SRAM A, Addr: 0x136, Data: 0x6e1e1fdc
      6305 SB: Initialized memory A at address 0x136
      6315 [DRIVER] Init SRAM block 1 at Addr 0x136 with Data 0xd27f0aa4
      6315 Mon: Initialize SRAM; Write to SRAM B, Addr: 0x136, Data: 0xd27f0aa4
      6315 SB: Initialized memory B at address 0x136
      6325 [DRIVER] Init SRAM block 0 at Addr 0x137 with Data 0x0c978d19
      6325 Mon: Initialize SRAM; Write to SRAM A, Addr: 0x137, Data: 0xc978d19
      6325 SB: Initialized memory A at address 0x137
      6335 [DRIVER] Init SRAM block 1 at Addr 0x137 with Data 0x52b533a5
      6335 Mon: Initialize SRAM; Write to SRAM B, Addr: 0x137, Data: 0x52b533a5
      6335 SB: Initialized memory B at address 0x137
      6345 [DRIVER] Init SRAM block 0 at Addr 0x138 with Data 0x9f398e3e
      6345 Mon: Initialize SRAM; Write to SRAM A, Addr: 0x138, Data: 0x9f398e3e
      6345 SB: Initialized memory A at address 0x138
      6355 [DRIVER] Init SRAM block 1 at Addr 0x138 with Data 0xf98bc0f3
      6355 Mon: Initialize SRAM; Write to SRAM B, Addr: 0x138, Data: 0xf98bc0f3
      6355 SB: Initialized memory B at address 0x138
      6365 [DRIVER] Init SRAM block 0 at Addr 0x139 with Data 0xac782c58
      6365 Mon: Initialize SRAM; Write to SRAM A, Addr: 0x139, Data: 0xac782c58
      6365 SB: Initialized memory A at address 0x139
      6375 [DRIVER] Init SRAM block 1 at Addr 0x139 with Data 0x62056bc4
      6375 Mon: Initialize SRAM; Write to SRAM B, Addr: 0x139, Data: 0x62056bc4
      6375 SB: Initialized memory B at address 0x139
      6385 [DRIVER] Init SRAM block 0 at Addr 0x13a with Data 0x2e36435c
      6385 Mon: Initialize SRAM; Write to SRAM A, Addr: 0x13a, Data: 0x2e36435c
      6385 SB: Initialized memory A at address 0x13a
      6395 [DRIVER] Init SRAM block 1 at Addr 0x13a with Data 0x033a4506
      6395 Mon: Initialize SRAM; Write to SRAM B, Addr: 0x13a, Data: 0x33a4506
      6395 SB: Initialized memory B at address 0x13a
      6405 [DRIVER] Init SRAM block 0 at Addr 0x13b with Data 0xcd1d509a
      6405 Mon: Initialize SRAM; Write to SRAM A, Addr: 0x13b, Data: 0xcd1d509a
      6405 SB: Initialized memory A at address 0x13b
      6415 [DRIVER] Init SRAM block 1 at Addr 0x13b with Data 0x0c161918
      6415 Mon: Initialize SRAM; Write to SRAM B, Addr: 0x13b, Data: 0xc161918
      6415 SB: Initialized memory B at address 0x13b
      6425 [DRIVER] Init SRAM block 0 at Addr 0x13c with Data 0xe2f066c5
      6425 Mon: Initialize SRAM; Write to SRAM A, Addr: 0x13c, Data: 0xe2f066c5
      6425 SB: Initialized memory A at address 0x13c
      6435 [DRIVER] Init SRAM block 1 at Addr 0x13c with Data 0x5515d1aa
      6435 Mon: Initialize SRAM; Write to SRAM B, Addr: 0x13c, Data: 0x5515d1aa
      6435 SB: Initialized memory B at address 0x13c
      6445 [DRIVER] Init SRAM block 0 at Addr 0x13d with Data 0x0d12031a
      6445 Mon: Initialize SRAM; Write to SRAM A, Addr: 0x13d, Data: 0xd12031a
      6445 SB: Initialized memory A at address 0x13d
      6455 [DRIVER] Init SRAM block 1 at Addr 0x13d with Data 0x61dbd5c3
      6455 Mon: Initialize SRAM; Write to SRAM B, Addr: 0x13d, Data: 0x61dbd5c3
      6455 SB: Initialized memory B at address 0x13d
      6465 [DRIVER] Init SRAM block 0 at Addr 0x13e with Data 0x5934e9b2
      6465 Mon: Initialize SRAM; Write to SRAM A, Addr: 0x13e, Data: 0x5934e9b2
      6465 SB: Initialized memory A at address 0x13e
      6475 [DRIVER] Init SRAM block 1 at Addr 0x13e with Data 0x0633630c
      6475 Mon: Initialize SRAM; Write to SRAM B, Addr: 0x13e, Data: 0x633630c
      6475 SB: Initialized memory B at address 0x13e
      6485 [DRIVER] Init SRAM block 0 at Addr 0x13f with Data 0xf4f00ee9
      6485 Mon: Initialize SRAM; Write to SRAM A, Addr: 0x13f, Data: 0xf4f00ee9
      6485 SB: Initialized memory A at address 0x13f
      6495 [DRIVER] Init SRAM block 1 at Addr 0x13f with Data 0x61dafdc3
      6495 Mon: Initialize SRAM; Write to SRAM B, Addr: 0x13f, Data: 0x61dafdc3
      6495 SB: Initialized memory B at address 0x13f
      6505 [DRIVER] Init SRAM block 0 at Addr 0x140 with Data 0x75ad73eb
      6505 Mon: Initialize SRAM; Write to SRAM A, Addr: 0x140, Data: 0x75ad73eb
      6505 SB: Initialized memory A at address 0x140
      6515 [DRIVER] Init SRAM block 1 at Addr 0x140 with Data 0x7c2db9f8
      6515 Mon: Initialize SRAM; Write to SRAM B, Addr: 0x140, Data: 0x7c2db9f8
      6515 SB: Initialized memory B at address 0x140
      6525 [DRIVER] Init SRAM block 0 at Addr 0x141 with Data 0x792c03f2
      6525 Mon: Initialize SRAM; Write to SRAM A, Addr: 0x141, Data: 0x792c03f2
      6525 SB: Initialized memory A at address 0x141
      6535 [DRIVER] Init SRAM block 1 at Addr 0x141 with Data 0x4483ad89
      6535 Mon: Initialize SRAM; Write to SRAM B, Addr: 0x141, Data: 0x4483ad89
      6535 SB: Initialized memory B at address 0x141
      6545 [DRIVER] Init SRAM block 0 at Addr 0x142 with Data 0x378c736f
      6545 Mon: Initialize SRAM; Write to SRAM A, Addr: 0x142, Data: 0x378c736f
      6545 SB: Initialized memory A at address 0x142
      6555 [DRIVER] Init SRAM block 1 at Addr 0x142 with Data 0x0de14b1b
      6555 Mon: Initialize SRAM; Write to SRAM B, Addr: 0x142, Data: 0xde14b1b
      6555 SB: Initialized memory B at address 0x142
      6565 [DRIVER] Init SRAM block 0 at Addr 0x143 with Data 0xd6a128ad
      6565 Mon: Initialize SRAM; Write to SRAM A, Addr: 0x143, Data: 0xd6a128ad
      6565 SB: Initialized memory A at address 0x143
      6575 [DRIVER] Init SRAM block 1 at Addr 0x143 with Data 0x344dc168
      6575 Mon: Initialize SRAM; Write to SRAM B, Addr: 0x143, Data: 0x344dc168
      6575 SB: Initialized memory B at address 0x143
      6585 [DRIVER] Init SRAM block 0 at Addr 0x144 with Data 0x92f91225
      6585 Mon: Initialize SRAM; Write to SRAM A, Addr: 0x144, Data: 0x92f91225
      6585 SB: Initialized memory A at address 0x144
      6595 [DRIVER] Init SRAM block 1 at Addr 0x144 with Data 0x67e857cf
      6595 Mon: Initialize SRAM; Write to SRAM B, Addr: 0x144, Data: 0x67e857cf
      6595 SB: Initialized memory B at address 0x144
      6605 [DRIVER] Init SRAM block 0 at Addr 0x145 with Data 0x55dd8dab
      6605 Mon: Initialize SRAM; Write to SRAM A, Addr: 0x145, Data: 0x55dd8dab
      6605 SB: Initialized memory A at address 0x145
      6615 [DRIVER] Init SRAM block 1 at Addr 0x145 with Data 0x8d94d21b
      6615 Mon: Initialize SRAM; Write to SRAM B, Addr: 0x145, Data: 0x8d94d21b
      6615 SB: Initialized memory B at address 0x145
      6625 [DRIVER] Init SRAM block 0 at Addr 0x146 with Data 0xc03b3e80
      6625 Mon: Initialize SRAM; Write to SRAM A, Addr: 0x146, Data: 0xc03b3e80
      6625 SB: Initialized memory A at address 0x146
      6635 [DRIVER] Init SRAM block 1 at Addr 0x146 with Data 0x2ed6d95d
      6635 Mon: Initialize SRAM; Write to SRAM B, Addr: 0x146, Data: 0x2ed6d95d
      6635 SB: Initialized memory B at address 0x146
      6645 [DRIVER] Init SRAM block 0 at Addr 0x147 with Data 0x412dfd82
      6645 Mon: Initialize SRAM; Write to SRAM A, Addr: 0x147, Data: 0x412dfd82
      6645 SB: Initialized memory A at address 0x147
      6655 [DRIVER] Init SRAM block 1 at Addr 0x147 with Data 0x82344204
      6655 Mon: Initialize SRAM; Write to SRAM B, Addr: 0x147, Data: 0x82344204
      6655 SB: Initialized memory B at address 0x147
      6665 [DRIVER] Init SRAM block 0 at Addr 0x148 with Data 0x2ba7a557
      6665 Mon: Initialize SRAM; Write to SRAM A, Addr: 0x148, Data: 0x2ba7a557
      6665 SB: Initialized memory A at address 0x148
      6675 [DRIVER] Init SRAM block 1 at Addr 0x148 with Data 0x1b368b36
      6675 Mon: Initialize SRAM; Write to SRAM B, Addr: 0x148, Data: 0x1b368b36
      6675 SB: Initialized memory B at address 0x148
      6685 [DRIVER] Init SRAM block 0 at Addr 0x149 with Data 0x196a0332
      6685 Mon: Initialize SRAM; Write to SRAM A, Addr: 0x149, Data: 0x196a0332
      6685 SB: Initialized memory A at address 0x149
      6695 [DRIVER] Init SRAM block 1 at Addr 0x149 with Data 0xbce32879
      6695 Mon: Initialize SRAM; Write to SRAM B, Addr: 0x149, Data: 0xbce32879
      6695 SB: Initialized memory B at address 0x149
      6705 [DRIVER] Init SRAM block 0 at Addr 0x14a with Data 0xf24baee4
      6705 Mon: Initialize SRAM; Write to SRAM A, Addr: 0x14a, Data: 0xf24baee4
      6705 SB: Initialized memory A at address 0x14a
      6715 [DRIVER] Init SRAM block 1 at Addr 0x14a with Data 0x8b42ec16
      6715 Mon: Initialize SRAM; Write to SRAM B, Addr: 0x14a, Data: 0x8b42ec16
      6715 SB: Initialized memory B at address 0x14a
      6725 [DRIVER] Init SRAM block 0 at Addr 0x14b with Data 0xd57fecaa
      6725 Mon: Initialize SRAM; Write to SRAM A, Addr: 0x14b, Data: 0xd57fecaa
      6725 SB: Initialized memory A at address 0x14b
      6735 [DRIVER] Init SRAM block 1 at Addr 0x14b with Data 0x605065c0
      6735 Mon: Initialize SRAM; Write to SRAM B, Addr: 0x14b, Data: 0x605065c0
      6735 SB: Initialized memory B at address 0x14b
      6745 [DRIVER] Init SRAM block 0 at Addr 0x14c with Data 0x9759882e
      6745 Mon: Initialize SRAM; Write to SRAM A, Addr: 0x14c, Data: 0x9759882e
      6745 SB: Initialized memory A at address 0x14c
      6755 [DRIVER] Init SRAM block 1 at Addr 0x14c with Data 0x4665378c
      6755 Mon: Initialize SRAM; Write to SRAM B, Addr: 0x14c, Data: 0x4665378c
      6755 SB: Initialized memory B at address 0x14c
      6765 [DRIVER] Init SRAM block 0 at Addr 0x14d with Data 0xb8c0c271
      6765 Mon: Initialize SRAM; Write to SRAM A, Addr: 0x14d, Data: 0xb8c0c271
      6765 SB: Initialized memory A at address 0x14d
      6775 [DRIVER] Init SRAM block 1 at Addr 0x14d with Data 0x7dfe8ffb
      6775 Mon: Initialize SRAM; Write to SRAM B, Addr: 0x14d, Data: 0x7dfe8ffb
      6775 SB: Initialized memory B at address 0x14d
      6785 [DRIVER] Init SRAM block 0 at Addr 0x14e with Data 0x5e5421bc
      6785 Mon: Initialize SRAM; Write to SRAM A, Addr: 0x14e, Data: 0x5e5421bc
      6785 SB: Initialized memory A at address 0x14e
      6795 [DRIVER] Init SRAM block 1 at Addr 0x14e with Data 0xee7068dc
      6795 Mon: Initialize SRAM; Write to SRAM B, Addr: 0x14e, Data: 0xee7068dc
      6795 SB: Initialized memory B at address 0x14e
      6805 [DRIVER] Init SRAM block 0 at Addr 0x14f with Data 0x0bec5717
      6805 Mon: Initialize SRAM; Write to SRAM A, Addr: 0x14f, Data: 0xbec5717
      6805 SB: Initialized memory A at address 0x14f
      6815 [DRIVER] Init SRAM block 1 at Addr 0x14f with Data 0xe0e004c1
      6815 Mon: Initialize SRAM; Write to SRAM B, Addr: 0x14f, Data: 0xe0e004c1
      6815 SB: Initialized memory B at address 0x14f
      6825 [DRIVER] Init SRAM block 0 at Addr 0x150 with Data 0x75fb21eb
      6825 Mon: Initialize SRAM; Write to SRAM A, Addr: 0x150, Data: 0x75fb21eb
      6825 SB: Initialized memory A at address 0x150
      6835 [DRIVER] Init SRAM block 1 at Addr 0x150 with Data 0x5a9d3bb5
      6835 Mon: Initialize SRAM; Write to SRAM B, Addr: 0x150, Data: 0x5a9d3bb5
      6835 SB: Initialized memory B at address 0x150
      6845 [DRIVER] Init SRAM block 0 at Addr 0x151 with Data 0xc4fd2e89
      6845 Mon: Initialize SRAM; Write to SRAM A, Addr: 0x151, Data: 0xc4fd2e89
      6845 SB: Initialized memory A at address 0x151
      6855 [DRIVER] Init SRAM block 1 at Addr 0x151 with Data 0xc7b2e28f
      6855 Mon: Initialize SRAM; Write to SRAM B, Addr: 0x151, Data: 0xc7b2e28f
      6855 SB: Initialized memory B at address 0x151
      6865 [DRIVER] Init SRAM block 0 at Addr 0x152 with Data 0xdff6f6bf
      6865 Mon: Initialize SRAM; Write to SRAM A, Addr: 0x152, Data: 0xdff6f6bf
      6865 SB: Initialized memory A at address 0x152
      6875 [DRIVER] Init SRAM block 1 at Addr 0x152 with Data 0xd8462ab0
      6875 Mon: Initialize SRAM; Write to SRAM B, Addr: 0x152, Data: 0xd8462ab0
      6875 SB: Initialized memory B at address 0x152
      6885 [DRIVER] Init SRAM block 0 at Addr 0x153 with Data 0xe9b49ad3
      6885 Mon: Initialize SRAM; Write to SRAM A, Addr: 0x153, Data: 0xe9b49ad3
      6885 SB: Initialized memory A at address 0x153
      6895 [DRIVER] Init SRAM block 1 at Addr 0x153 with Data 0xeb1d02d6
      6895 Mon: Initialize SRAM; Write to SRAM B, Addr: 0x153, Data: 0xeb1d02d6
      6895 SB: Initialized memory B at address 0x153
      6905 [DRIVER] Init SRAM block 0 at Addr 0x154 with Data 0xc144cc82
      6905 Mon: Initialize SRAM; Write to SRAM A, Addr: 0x154, Data: 0xc144cc82
      6905 SB: Initialized memory A at address 0x154
      6915 [DRIVER] Init SRAM block 1 at Addr 0x154 with Data 0x0d63751a
      6915 Mon: Initialize SRAM; Write to SRAM B, Addr: 0x154, Data: 0xd63751a
      6915 SB: Initialized memory B at address 0x154
      6925 [DRIVER] Init SRAM block 0 at Addr 0x155 with Data 0x38e6a771
      6925 Mon: Initialize SRAM; Write to SRAM A, Addr: 0x155, Data: 0x38e6a771
      6925 SB: Initialized memory A at address 0x155
      6935 [DRIVER] Init SRAM block 1 at Addr 0x155 with Data 0xeb8804d7
      6935 Mon: Initialize SRAM; Write to SRAM B, Addr: 0x155, Data: 0xeb8804d7
      6935 SB: Initialized memory B at address 0x155
      6945 [DRIVER] Init SRAM block 0 at Addr 0x156 with Data 0x87628e0e
      6945 Mon: Initialize SRAM; Write to SRAM A, Addr: 0x156, Data: 0x87628e0e
      6945 SB: Initialized memory A at address 0x156
      6955 [DRIVER] Init SRAM block 1 at Addr 0x156 with Data 0xf8c714f1
      6955 Mon: Initialize SRAM; Write to SRAM B, Addr: 0x156, Data: 0xf8c714f1
      6955 SB: Initialized memory B at address 0x156
      6965 [DRIVER] Init SRAM block 0 at Addr 0x157 with Data 0x66861dcd
      6965 Mon: Initialize SRAM; Write to SRAM A, Addr: 0x157, Data: 0x66861dcd
      6965 SB: Initialized memory A at address 0x157
      6975 [DRIVER] Init SRAM block 1 at Addr 0x157 with Data 0x02bd4305
      6975 Mon: Initialize SRAM; Write to SRAM B, Addr: 0x157, Data: 0x2bd4305
      6975 SB: Initialized memory B at address 0x157
      6985 [DRIVER] Init SRAM block 0 at Addr 0x158 with Data 0x0e3aeb1c
      6985 Mon: Initialize SRAM; Write to SRAM A, Addr: 0x158, Data: 0xe3aeb1c
      6985 SB: Initialized memory A at address 0x158
      6995 [DRIVER] Init SRAM block 1 at Addr 0x158 with Data 0x4c18c798
      6995 Mon: Initialize SRAM; Write to SRAM B, Addr: 0x158, Data: 0x4c18c798
      6995 SB: Initialized memory B at address 0x158
      7005 [DRIVER] Init SRAM block 0 at Addr 0x159 with Data 0xf67088ec
      7005 Mon: Initialize SRAM; Write to SRAM A, Addr: 0x159, Data: 0xf67088ec
      7005 SB: Initialized memory A at address 0x159
      7015 [DRIVER] Init SRAM block 1 at Addr 0x159 with Data 0x9541d62a
      7015 Mon: Initialize SRAM; Write to SRAM B, Addr: 0x159, Data: 0x9541d62a
      7015 SB: Initialized memory B at address 0x159
      7025 [DRIVER] Init SRAM block 0 at Addr 0x15a with Data 0xb2d14a65
      7025 Mon: Initialize SRAM; Write to SRAM A, Addr: 0x15a, Data: 0xb2d14a65
      7025 SB: Initialized memory A at address 0x15a
      7035 [DRIVER] Init SRAM block 1 at Addr 0x15a with Data 0x1b920537
      7035 Mon: Initialize SRAM; Write to SRAM B, Addr: 0x15a, Data: 0x1b920537
      7035 SB: Initialized memory B at address 0x15a
      7045 [DRIVER] Init SRAM block 0 at Addr 0x15b with Data 0x81fa3603
      7045 Mon: Initialize SRAM; Write to SRAM A, Addr: 0x15b, Data: 0x81fa3603
      7045 SB: Initialized memory A at address 0x15b
      7055 [DRIVER] Init SRAM block 1 at Addr 0x15b with Data 0xff729efe
      7055 Mon: Initialize SRAM; Write to SRAM B, Addr: 0x15b, Data: 0xff729efe
      7055 SB: Initialized memory B at address 0x15b
      7065 [DRIVER] Init SRAM block 0 at Addr 0x15c with Data 0xfeaddcfd
      7065 Mon: Initialize SRAM; Write to SRAM A, Addr: 0x15c, Data: 0xfeaddcfd
      7065 SB: Initialized memory A at address 0x15c
      7075 [DRIVER] Init SRAM block 1 at Addr 0x15c with Data 0x9f7a0e3e
      7075 Mon: Initialize SRAM; Write to SRAM B, Addr: 0x15c, Data: 0x9f7a0e3e
      7075 SB: Initialized memory B at address 0x15c
      7085 [DRIVER] Init SRAM block 0 at Addr 0x15d with Data 0xf43a34e8
      7085 Mon: Initialize SRAM; Write to SRAM A, Addr: 0x15d, Data: 0xf43a34e8
      7085 SB: Initialized memory A at address 0x15d
      7095 [DRIVER] Init SRAM block 1 at Addr 0x15d with Data 0xba603874
      7095 Mon: Initialize SRAM; Write to SRAM B, Addr: 0x15d, Data: 0xba603874
      7095 SB: Initialized memory B at address 0x15d
      7105 [DRIVER] Init SRAM block 0 at Addr 0x15e with Data 0x580989b0
      7105 Mon: Initialize SRAM; Write to SRAM A, Addr: 0x15e, Data: 0x580989b0
      7105 SB: Initialized memory A at address 0x15e
      7115 [DRIVER] Init SRAM block 1 at Addr 0x15e with Data 0x8361dc06
      7115 Mon: Initialize SRAM; Write to SRAM B, Addr: 0x15e, Data: 0x8361dc06
      7115 SB: Initialized memory B at address 0x15e
      7125 [DRIVER] Init SRAM block 0 at Addr 0x15f with Data 0x09164d12
      7125 Mon: Initialize SRAM; Write to SRAM A, Addr: 0x15f, Data: 0x9164d12
      7125 SB: Initialized memory A at address 0x15f
      7135 [DRIVER] Init SRAM block 1 at Addr 0x15f with Data 0xb46afc68
      7135 Mon: Initialize SRAM; Write to SRAM B, Addr: 0x15f, Data: 0xb46afc68
      7135 SB: Initialized memory B at address 0x15f
      7145 [DRIVER] Init SRAM block 0 at Addr 0x160 with Data 0xe2ba00c5
      7145 Mon: Initialize SRAM; Write to SRAM A, Addr: 0x160, Data: 0xe2ba00c5
      7145 SB: Initialized memory A at address 0x160
      7155 [DRIVER] Init SRAM block 1 at Addr 0x160 with Data 0xff202efe
      7155 Mon: Initialize SRAM; Write to SRAM B, Addr: 0x160, Data: 0xff202efe
      7155 SB: Initialized memory B at address 0x160
      7165 [DRIVER] Init SRAM block 0 at Addr 0x161 with Data 0x1b0f0d36
      7165 Mon: Initialize SRAM; Write to SRAM A, Addr: 0x161, Data: 0x1b0f0d36
      7165 SB: Initialized memory A at address 0x161
      7175 [DRIVER] Init SRAM block 1 at Addr 0x161 with Data 0x799f09f3
      7175 Mon: Initialize SRAM; Write to SRAM B, Addr: 0x161, Data: 0x799f09f3
      7175 SB: Initialized memory B at address 0x161
      7185 [DRIVER] Init SRAM block 0 at Addr 0x162 with Data 0x7dddabfb
      7185 Mon: Initialize SRAM; Write to SRAM A, Addr: 0x162, Data: 0x7dddabfb
      7185 SB: Initialized memory A at address 0x162
      7195 [DRIVER] Init SRAM block 1 at Addr 0x162 with Data 0xb58d7c6b
      7195 Mon: Initialize SRAM; Write to SRAM B, Addr: 0x162, Data: 0xb58d7c6b
      7195 SB: Initialized memory B at address 0x162
      7205 [DRIVER] Init SRAM block 0 at Addr 0x163 with Data 0x0bcbbf17
      7205 Mon: Initialize SRAM; Write to SRAM A, Addr: 0x163, Data: 0xbcbbf17
      7205 SB: Initialized memory A at address 0x163
      7215 [DRIVER] Init SRAM block 1 at Addr 0x163 with Data 0x87d0360f
      7215 Mon: Initialize SRAM; Write to SRAM B, Addr: 0x163, Data: 0x87d0360f
      7215 SB: Initialized memory B at address 0x163
      7225 [DRIVER] Init SRAM block 0 at Addr 0x164 with Data 0x8a47b614
      7225 Mon: Initialize SRAM; Write to SRAM A, Addr: 0x164, Data: 0x8a47b614
      7225 SB: Initialized memory A at address 0x164
      7235 [DRIVER] Init SRAM block 1 at Addr 0x164 with Data 0x1500052a
      7235 Mon: Initialize SRAM; Write to SRAM B, Addr: 0x164, Data: 0x1500052a
      7235 SB: Initialized memory B at address 0x164
      7245 [DRIVER] Init SRAM block 0 at Addr 0x165 with Data 0xd3666ea6
      7245 Mon: Initialize SRAM; Write to SRAM A, Addr: 0x165, Data: 0xd3666ea6
      7245 SB: Initialized memory A at address 0x165
      7255 [DRIVER] Init SRAM block 1 at Addr 0x165 with Data 0xea7626d4
      7255 Mon: Initialize SRAM; Write to SRAM B, Addr: 0x165, Data: 0xea7626d4
      7255 SB: Initialized memory B at address 0x165
      7265 [DRIVER] Init SRAM block 0 at Addr 0x166 with Data 0xe5ac10cb
      7265 Mon: Initialize SRAM; Write to SRAM A, Addr: 0x166, Data: 0xe5ac10cb
      7265 SB: Initialized memory A at address 0x166
      7275 [DRIVER] Init SRAM block 1 at Addr 0x166 with Data 0xb587c26b
      7275 Mon: Initialize SRAM; Write to SRAM B, Addr: 0x166, Data: 0xb587c26b
      7275 SB: Initialized memory B at address 0x166
      7285 [DRIVER] Init SRAM block 0 at Addr 0x167 with Data 0x0277eb04
      7285 Mon: Initialize SRAM; Write to SRAM A, Addr: 0x167, Data: 0x277eb04
      7285 SB: Initialized memory A at address 0x167
      7295 [DRIVER] Init SRAM block 1 at Addr 0x167 with Data 0xfa4832f4
      7295 Mon: Initialize SRAM; Write to SRAM B, Addr: 0x167, Data: 0xfa4832f4
      7295 SB: Initialized memory B at address 0x167
      7305 [DRIVER] Init SRAM block 0 at Addr 0x168 with Data 0x468b618d
      7305 Mon: Initialize SRAM; Write to SRAM A, Addr: 0x168, Data: 0x468b618d
      7305 SB: Initialized memory A at address 0x168
      7315 [DRIVER] Init SRAM block 1 at Addr 0x168 with Data 0xf0ea70e1
      7315 Mon: Initialize SRAM; Write to SRAM B, Addr: 0x168, Data: 0xf0ea70e1
      7315 SB: Initialized memory B at address 0x168
      7325 [DRIVER] Init SRAM block 0 at Addr 0x169 with Data 0x42e3bd85
      7325 Mon: Initialize SRAM; Write to SRAM A, Addr: 0x169, Data: 0x42e3bd85
      7325 SB: Initialized memory A at address 0x169
      7335 [DRIVER] Init SRAM block 1 at Addr 0x169 with Data 0xdc9974b9
      7335 Mon: Initialize SRAM; Write to SRAM B, Addr: 0x169, Data: 0xdc9974b9
      7335 SB: Initialized memory B at address 0x169
      7345 [DRIVER] Init SRAM block 0 at Addr 0x16a with Data 0xe4df16c9
      7345 Mon: Initialize SRAM; Write to SRAM A, Addr: 0x16a, Data: 0xe4df16c9
      7345 SB: Initialized memory A at address 0x16a
      7355 [DRIVER] Init SRAM block 1 at Addr 0x16a with Data 0xb05f8e60
      7355 Mon: Initialize SRAM; Write to SRAM B, Addr: 0x16a, Data: 0xb05f8e60
      7355 SB: Initialized memory B at address 0x16a
      7365 [DRIVER] Init SRAM block 0 at Addr 0x16b with Data 0xa3643246
      7365 Mon: Initialize SRAM; Write to SRAM A, Addr: 0x16b, Data: 0xa3643246
      7365 SB: Initialized memory A at address 0x16b
      7375 [DRIVER] Init SRAM block 1 at Addr 0x16b with Data 0x1e74cb3c
      7375 Mon: Initialize SRAM; Write to SRAM B, Addr: 0x16b, Data: 0x1e74cb3c
      7375 SB: Initialized memory B at address 0x16b
      7385 [DRIVER] Init SRAM block 0 at Addr 0x16c with Data 0x1b855f37
      7385 Mon: Initialize SRAM; Write to SRAM A, Addr: 0x16c, Data: 0x1b855f37
      7385 SB: Initialized memory A at address 0x16c
      7395 [DRIVER] Init SRAM block 1 at Addr 0x16c with Data 0x2c0c5558
      7395 Mon: Initialize SRAM; Write to SRAM B, Addr: 0x16c, Data: 0x2c0c5558
      7395 SB: Initialized memory B at address 0x16c
      7405 [DRIVER] Init SRAM block 0 at Addr 0x16d with Data 0x39d65773
      7405 Mon: Initialize SRAM; Write to SRAM A, Addr: 0x16d, Data: 0x39d65773
      7405 SB: Initialized memory A at address 0x16d
      7415 [DRIVER] Init SRAM block 1 at Addr 0x16d with Data 0x8778d20e
      7415 Mon: Initialize SRAM; Write to SRAM B, Addr: 0x16d, Data: 0x8778d20e
      7415 SB: Initialized memory B at address 0x16d
      7425 [DRIVER] Init SRAM block 0 at Addr 0x16e with Data 0x6e6d23dc
      7425 Mon: Initialize SRAM; Write to SRAM A, Addr: 0x16e, Data: 0x6e6d23dc
      7425 SB: Initialized memory A at address 0x16e
      7435 [DRIVER] Init SRAM block 1 at Addr 0x16e with Data 0x183fc330
      7435 Mon: Initialize SRAM; Write to SRAM B, Addr: 0x16e, Data: 0x183fc330
      7435 SB: Initialized memory B at address 0x16e
      7445 [DRIVER] Init SRAM block 0 at Addr 0x16f with Data 0x6845f5d0
      7445 Mon: Initialize SRAM; Write to SRAM A, Addr: 0x16f, Data: 0x6845f5d0
      7445 SB: Initialized memory A at address 0x16f
      7455 [DRIVER] Init SRAM block 1 at Addr 0x16f with Data 0x0073e500
      7455 Mon: Initialize SRAM; Write to SRAM B, Addr: 0x16f, Data: 0x73e500
      7455 SB: Initialized memory B at address 0x16f
      7465 [DRIVER] Init SRAM block 0 at Addr 0x170 with Data 0x21820f43
      7465 Mon: Initialize SRAM; Write to SRAM A, Addr: 0x170, Data: 0x21820f43
      7465 SB: Initialized memory A at address 0x170
      7475 [DRIVER] Init SRAM block 1 at Addr 0x170 with Data 0x7c6e91f8
      7475 Mon: Initialize SRAM; Write to SRAM B, Addr: 0x170, Data: 0x7c6e91f8
      7475 SB: Initialized memory B at address 0x170
      7485 [DRIVER] Init SRAM block 0 at Addr 0x171 with Data 0xd0b99aa1
      7485 Mon: Initialize SRAM; Write to SRAM A, Addr: 0x171, Data: 0xd0b99aa1
      7485 SB: Initialized memory A at address 0x171
      7495 [DRIVER] Init SRAM block 1 at Addr 0x171 with Data 0x29c01f53
      7495 Mon: Initialize SRAM; Write to SRAM B, Addr: 0x171, Data: 0x29c01f53
      7495 SB: Initialized memory B at address 0x171
      7505 [DRIVER] Init SRAM block 0 at Addr 0x172 with Data 0x4c588f98
      7505 Mon: Initialize SRAM; Write to SRAM A, Addr: 0x172, Data: 0x4c588f98
      7505 SB: Initialized memory A at address 0x172
      7515 [DRIVER] Init SRAM block 1 at Addr 0x172 with Data 0x2fef3d5f
      7515 Mon: Initialize SRAM; Write to SRAM B, Addr: 0x172, Data: 0x2fef3d5f
      7515 SB: Initialized memory B at address 0x172
      7525 [DRIVER] Init SRAM block 0 at Addr 0x173 with Data 0xc3be9287
      7525 Mon: Initialize SRAM; Write to SRAM A, Addr: 0x173, Data: 0xc3be9287
      7525 SB: Initialized memory A at address 0x173
      7535 [DRIVER] Init SRAM block 1 at Addr 0x173 with Data 0xfd5f5afa
      7535 Mon: Initialize SRAM; Write to SRAM B, Addr: 0x173, Data: 0xfd5f5afa
      7535 SB: Initialized memory B at address 0x173
      7545 [DRIVER] Init SRAM block 0 at Addr 0x174 with Data 0x1699d12d
      7545 Mon: Initialize SRAM; Write to SRAM A, Addr: 0x174, Data: 0x1699d12d
      7545 SB: Initialized memory A at address 0x174
      7555 [DRIVER] Init SRAM block 1 at Addr 0x174 with Data 0xb8760270
      7555 Mon: Initialize SRAM; Write to SRAM B, Addr: 0x174, Data: 0xb8760270
      7555 SB: Initialized memory B at address 0x174
      7565 [DRIVER] Init SRAM block 0 at Addr 0x175 with Data 0xb5b4e86b
      7565 Mon: Initialize SRAM; Write to SRAM A, Addr: 0x175, Data: 0xb5b4e86b
      7565 SB: Initialized memory A at address 0x175
      7575 [DRIVER] Init SRAM block 1 at Addr 0x175 with Data 0x98d73831
      7575 Mon: Initialize SRAM; Write to SRAM B, Addr: 0x175, Data: 0x98d73831
      7575 SB: Initialized memory B at address 0x175
      7585 [DRIVER] Init SRAM block 0 at Addr 0x176 with Data 0x892fc012
      7585 Mon: Initialize SRAM; Write to SRAM A, Addr: 0x176, Data: 0x892fc012
      7585 SB: Initialized memory A at address 0x176
      7595 [DRIVER] Init SRAM block 1 at Addr 0x176 with Data 0x0650df0c
      7595 Mon: Initialize SRAM; Write to SRAM B, Addr: 0x176, Data: 0x650df0c
      7595 SB: Initialized memory B at address 0x176
      7605 [DRIVER] Init SRAM block 0 at Addr 0x177 with Data 0x06db6b0d
      7605 Mon: Initialize SRAM; Write to SRAM A, Addr: 0x177, Data: 0x6db6b0d
      7605 SB: Initialized memory A at address 0x177
      7615 [DRIVER] Init SRAM block 1 at Addr 0x177 with Data 0x0acd1315
      7615 Mon: Initialize SRAM; Write to SRAM B, Addr: 0x177, Data: 0xacd1315
      7615 SB: Initialized memory B at address 0x177
      7625 [DRIVER] Init SRAM block 0 at Addr 0x178 with Data 0x20310740
      7625 Mon: Initialize SRAM; Write to SRAM A, Addr: 0x178, Data: 0x20310740
      7625 SB: Initialized memory A at address 0x178
      7635 [DRIVER] Init SRAM block 1 at Addr 0x178 with Data 0x4a638d94
      7635 Mon: Initialize SRAM; Write to SRAM B, Addr: 0x178, Data: 0x4a638d94
      7635 SB: Initialized memory B at address 0x178
      7645 [DRIVER] Init SRAM block 0 at Addr 0x179 with Data 0x2a1ba354
      7645 Mon: Initialize SRAM; Write to SRAM A, Addr: 0x179, Data: 0x2a1ba354
      7645 SB: Initialized memory A at address 0x179
      7655 [DRIVER] Init SRAM block 1 at Addr 0x179 with Data 0xc0620280
      7655 Mon: Initialize SRAM; Write to SRAM B, Addr: 0x179, Data: 0xc0620280
      7655 SB: Initialized memory B at address 0x179
      7665 [DRIVER] Init SRAM block 0 at Addr 0x17a with Data 0x098d1513
      7665 Mon: Initialize SRAM; Write to SRAM A, Addr: 0x17a, Data: 0x98d1513
      7665 SB: Initialized memory A at address 0x17a
      7675 [DRIVER] Init SRAM block 1 at Addr 0x17a with Data 0xe1e386c3
      7675 Mon: Initialize SRAM; Write to SRAM B, Addr: 0x17a, Data: 0xe1e386c3
      7675 SB: Initialized memory B at address 0x17a
      7685 [DRIVER] Init SRAM block 0 at Addr 0x17b with Data 0xf695deed
      7685 Mon: Initialize SRAM; Write to SRAM A, Addr: 0x17b, Data: 0xf695deed
      7685 SB: Initialized memory A at address 0x17b
      7695 [DRIVER] Init SRAM block 1 at Addr 0x17b with Data 0xee4ee6dc
      7695 Mon: Initialize SRAM; Write to SRAM B, Addr: 0x17b, Data: 0xee4ee6dc
      7695 SB: Initialized memory B at address 0x17b
      7705 [DRIVER] Init SRAM block 0 at Addr 0x17c with Data 0xbc781078
      7705 Mon: Initialize SRAM; Write to SRAM A, Addr: 0x17c, Data: 0xbc781078
      7705 SB: Initialized memory A at address 0x17c
      7715 [DRIVER] Init SRAM block 1 at Addr 0x17c with Data 0x13d40d27
      7715 Mon: Initialize SRAM; Write to SRAM B, Addr: 0x17c, Data: 0x13d40d27
      7715 SB: Initialized memory B at address 0x17c
      7725 [DRIVER] Init SRAM block 0 at Addr 0x17d with Data 0xafed265f
      7725 Mon: Initialize SRAM; Write to SRAM A, Addr: 0x17d, Data: 0xafed265f
      7725 SB: Initialized memory A at address 0x17d
      7735 [DRIVER] Init SRAM block 1 at Addr 0x17d with Data 0x11c05b23
      7735 Mon: Initialize SRAM; Write to SRAM B, Addr: 0x17d, Data: 0x11c05b23
      7735 SB: Initialized memory B at address 0x17d
      7745 [DRIVER] Init SRAM block 0 at Addr 0x17e with Data 0x5596ebab
      7745 Mon: Initialize SRAM; Write to SRAM A, Addr: 0x17e, Data: 0x5596ebab
      7745 SB: Initialized memory A at address 0x17e
      7755 [DRIVER] Init SRAM block 1 at Addr 0x17e with Data 0x1c421738
      7755 Mon: Initialize SRAM; Write to SRAM B, Addr: 0x17e, Data: 0x1c421738
      7755 SB: Initialized memory B at address 0x17e
      7765 [DRIVER] Init SRAM block 0 at Addr 0x17f with Data 0x11534d22
      7765 Mon: Initialize SRAM; Write to SRAM A, Addr: 0x17f, Data: 0x11534d22
      7765 SB: Initialized memory A at address 0x17f
      7775 [DRIVER] Init SRAM block 1 at Addr 0x17f with Data 0x64f2bdc9
      7775 Mon: Initialize SRAM; Write to SRAM B, Addr: 0x17f, Data: 0x64f2bdc9
      7775 SB: Initialized memory B at address 0x17f
      7785 [DRIVER] Init SRAM block 0 at Addr 0x180 with Data 0xe3eb4cc7
      7785 Mon: Initialize SRAM; Write to SRAM A, Addr: 0x180, Data: 0xe3eb4cc7
      7785 SB: Initialized memory A at address 0x180
      7795 [DRIVER] Init SRAM block 1 at Addr 0x180 with Data 0xc1406282
      7795 Mon: Initialize SRAM; Write to SRAM B, Addr: 0x180, Data: 0xc1406282
      7795 SB: Initialized memory B at address 0x180
      7805 [DRIVER] Init SRAM block 0 at Addr 0x181 with Data 0x6754d7ce
      7805 Mon: Initialize SRAM; Write to SRAM A, Addr: 0x181, Data: 0x6754d7ce
      7805 SB: Initialized memory A at address 0x181
      7815 [DRIVER] Init SRAM block 1 at Addr 0x181 with Data 0xe38e22c7
      7815 Mon: Initialize SRAM; Write to SRAM B, Addr: 0x181, Data: 0xe38e22c7
      7815 SB: Initialized memory B at address 0x181
      7825 [DRIVER] Init SRAM block 0 at Addr 0x182 with Data 0x927fa424
      7825 Mon: Initialize SRAM; Write to SRAM A, Addr: 0x182, Data: 0x927fa424
      7825 SB: Initialized memory A at address 0x182
      7835 [DRIVER] Init SRAM block 1 at Addr 0x182 with Data 0x6da36fdb
      7835 Mon: Initialize SRAM; Write to SRAM B, Addr: 0x182, Data: 0x6da36fdb
      7835 SB: Initialized memory B at address 0x182
      7845 [DRIVER] Init SRAM block 0 at Addr 0x183 with Data 0x84651408
      7845 Mon: Initialize SRAM; Write to SRAM A, Addr: 0x183, Data: 0x84651408
      7845 SB: Initialized memory A at address 0x183
      7855 [DRIVER] Init SRAM block 1 at Addr 0x183 with Data 0x3ac26f75
      7855 Mon: Initialize SRAM; Write to SRAM B, Addr: 0x183, Data: 0x3ac26f75
      7855 SB: Initialized memory B at address 0x183
      7865 [DRIVER] Init SRAM block 0 at Addr 0x184 with Data 0x5ad31db5
      7865 Mon: Initialize SRAM; Write to SRAM A, Addr: 0x184, Data: 0x5ad31db5
      7865 SB: Initialized memory A at address 0x184
      7875 [DRIVER] Init SRAM block 1 at Addr 0x184 with Data 0x8d7d721a
      7875 Mon: Initialize SRAM; Write to SRAM B, Addr: 0x184, Data: 0x8d7d721a
      7875 SB: Initialized memory B at address 0x184
      7885 [DRIVER] Init SRAM block 0 at Addr 0x185 with Data 0x1c2a1338
      7885 Mon: Initialize SRAM; Write to SRAM A, Addr: 0x185, Data: 0x1c2a1338
      7885 SB: Initialized memory A at address 0x185
      7895 [DRIVER] Init SRAM block 1 at Addr 0x185 with Data 0xc1233a82
      7895 Mon: Initialize SRAM; Write to SRAM B, Addr: 0x185, Data: 0xc1233a82
      7895 SB: Initialized memory B at address 0x185
      7905 [DRIVER] Init SRAM block 0 at Addr 0x186 with Data 0xac05a058
      7905 Mon: Initialize SRAM; Write to SRAM A, Addr: 0x186, Data: 0xac05a058
      7905 SB: Initialized memory A at address 0x186
      7915 [DRIVER] Init SRAM block 1 at Addr 0x186 with Data 0xa85a6a50
      7915 Mon: Initialize SRAM; Write to SRAM B, Addr: 0x186, Data: 0xa85a6a50
      7915 SB: Initialized memory B at address 0x186
      7925 [DRIVER] Init SRAM block 0 at Addr 0x187 with Data 0xd1889aa3
      7925 Mon: Initialize SRAM; Write to SRAM A, Addr: 0x187, Data: 0xd1889aa3
      7925 SB: Initialized memory A at address 0x187
      7935 [DRIVER] Init SRAM block 1 at Addr 0x187 with Data 0x5243e3a4
      7935 Mon: Initialize SRAM; Write to SRAM B, Addr: 0x187, Data: 0x5243e3a4
      7935 SB: Initialized memory B at address 0x187
      7945 [DRIVER] Init SRAM block 0 at Addr 0x188 with Data 0x32c3df65
      7945 Mon: Initialize SRAM; Write to SRAM A, Addr: 0x188, Data: 0x32c3df65
      7945 SB: Initialized memory A at address 0x188
      7955 [DRIVER] Init SRAM block 1 at Addr 0x188 with Data 0x753c17ea
      7955 Mon: Initialize SRAM; Write to SRAM B, Addr: 0x188, Data: 0x753c17ea
      7955 SB: Initialized memory B at address 0x188
      7965 [DRIVER] Init SRAM block 0 at Addr 0x189 with Data 0x03703906
      7965 Mon: Initialize SRAM; Write to SRAM A, Addr: 0x189, Data: 0x3703906
      7965 SB: Initialized memory A at address 0x189
      7975 [DRIVER] Init SRAM block 1 at Addr 0x189 with Data 0xaa138054
      7975 Mon: Initialize SRAM; Write to SRAM B, Addr: 0x189, Data: 0xaa138054
      7975 SB: Initialized memory B at address 0x189
      7985 [DRIVER] Init SRAM block 0 at Addr 0x18a with Data 0xadf3405b
      7985 Mon: Initialize SRAM; Write to SRAM A, Addr: 0x18a, Data: 0xadf3405b
      7985 SB: Initialized memory A at address 0x18a
      7995 [DRIVER] Init SRAM block 1 at Addr 0x18a with Data 0xe455f0c8
      7995 Mon: Initialize SRAM; Write to SRAM B, Addr: 0x18a, Data: 0xe455f0c8
      7995 SB: Initialized memory B at address 0x18a
      8005 [DRIVER] Init SRAM block 0 at Addr 0x18b with Data 0x24673948
      8005 Mon: Initialize SRAM; Write to SRAM A, Addr: 0x18b, Data: 0x24673948
      8005 SB: Initialized memory A at address 0x18b
      8015 [DRIVER] Init SRAM block 1 at Addr 0x18b with Data 0x9bf8f237
      8015 Mon: Initialize SRAM; Write to SRAM B, Addr: 0x18b, Data: 0x9bf8f237
      8015 SB: Initialized memory B at address 0x18b
      8025 [DRIVER] Init SRAM block 0 at Addr 0x18c with Data 0x7c1df3f8
      8025 Mon: Initialize SRAM; Write to SRAM A, Addr: 0x18c, Data: 0x7c1df3f8
      8025 SB: Initialized memory A at address 0x18c
      8035 [DRIVER] Init SRAM block 1 at Addr 0x18c with Data 0xda8932b5
      8035 Mon: Initialize SRAM; Write to SRAM B, Addr: 0x18c, Data: 0xda8932b5
      8035 SB: Initialized memory B at address 0x18c
      8045 [DRIVER] Init SRAM block 0 at Addr 0x18d with Data 0x28d6a951
      8045 Mon: Initialize SRAM; Write to SRAM A, Addr: 0x18d, Data: 0x28d6a951
      8045 SB: Initialized memory A at address 0x18d
      8055 [DRIVER] Init SRAM block 1 at Addr 0x18d with Data 0x41aed583
      8055 Mon: Initialize SRAM; Write to SRAM B, Addr: 0x18d, Data: 0x41aed583
      8055 SB: Initialized memory B at address 0x18d
      8065 [DRIVER] Init SRAM block 0 at Addr 0x18e with Data 0x4d9ee39b
      8065 Mon: Initialize SRAM; Write to SRAM A, Addr: 0x18e, Data: 0x4d9ee39b
      8065 SB: Initialized memory A at address 0x18e
      8075 [DRIVER] Init SRAM block 1 at Addr 0x18e with Data 0x1aa0dd35
      8075 Mon: Initialize SRAM; Write to SRAM B, Addr: 0x18e, Data: 0x1aa0dd35
      8075 SB: Initialized memory B at address 0x18e
      8085 [DRIVER] Init SRAM block 0 at Addr 0x18f with Data 0x581653b0
      8085 Mon: Initialize SRAM; Write to SRAM A, Addr: 0x18f, Data: 0x581653b0
      8085 SB: Initialized memory A at address 0x18f
      8095 [DRIVER] Init SRAM block 1 at Addr 0x18f with Data 0xfddf82fb
      8095 Mon: Initialize SRAM; Write to SRAM B, Addr: 0x18f, Data: 0xfddf82fb
      8095 SB: Initialized memory B at address 0x18f
      8105 [DRIVER] Init SRAM block 0 at Addr 0x190 with Data 0x278dbb4f
      8105 Mon: Initialize SRAM; Write to SRAM A, Addr: 0x190, Data: 0x278dbb4f
      8105 SB: Initialized memory A at address 0x190
      8115 [DRIVER] Init SRAM block 1 at Addr 0x190 with Data 0x984da630
      8115 Mon: Initialize SRAM; Write to SRAM B, Addr: 0x190, Data: 0x984da630
      8115 SB: Initialized memory B at address 0x190
      8125 [DRIVER] Init SRAM block 0 at Addr 0x191 with Data 0x8c38c418
      8125 Mon: Initialize SRAM; Write to SRAM A, Addr: 0x191, Data: 0x8c38c418
      8125 SB: Initialized memory A at address 0x191
      8135 [DRIVER] Init SRAM block 1 at Addr 0x191 with Data 0xee8118dd
      8135 Mon: Initialize SRAM; Write to SRAM B, Addr: 0x191, Data: 0xee8118dd
      8135 SB: Initialized memory B at address 0x191
      8145 [DRIVER] Init SRAM block 0 at Addr 0x192 with Data 0xa36ae846
      8145 Mon: Initialize SRAM; Write to SRAM A, Addr: 0x192, Data: 0xa36ae846
      8145 SB: Initialized memory A at address 0x192
      8155 [DRIVER] Init SRAM block 1 at Addr 0x192 with Data 0x30e20f61
      8155 Mon: Initialize SRAM; Write to SRAM B, Addr: 0x192, Data: 0x30e20f61
      8155 SB: Initialized memory B at address 0x192
      8165 [DRIVER] Init SRAM block 0 at Addr 0x193 with Data 0xac974859
      8165 Mon: Initialize SRAM; Write to SRAM A, Addr: 0x193, Data: 0xac974859
      8165 SB: Initialized memory A at address 0x193
      8175 [DRIVER] Init SRAM block 1 at Addr 0x193 with Data 0x2af17355
      8175 Mon: Initialize SRAM; Write to SRAM B, Addr: 0x193, Data: 0x2af17355
      8175 SB: Initialized memory B at address 0x193
      8185 [DRIVER] Init SRAM block 0 at Addr 0x194 with Data 0x178b972f
      8185 Mon: Initialize SRAM; Write to SRAM A, Addr: 0x194, Data: 0x178b972f
      8185 SB: Initialized memory A at address 0x194
      8195 [DRIVER] Init SRAM block 1 at Addr 0x194 with Data 0x85ce500b
      8195 Mon: Initialize SRAM; Write to SRAM B, Addr: 0x194, Data: 0x85ce500b
      8195 SB: Initialized memory B at address 0x194
      8205 [DRIVER] Init SRAM block 0 at Addr 0x195 with Data 0xef1deade
      8205 Mon: Initialize SRAM; Write to SRAM A, Addr: 0x195, Data: 0xef1deade
      8205 SB: Initialized memory A at address 0x195
      8215 [DRIVER] Init SRAM block 1 at Addr 0x195 with Data 0xe9d22cd3
      8215 Mon: Initialize SRAM; Write to SRAM B, Addr: 0x195, Data: 0xe9d22cd3
      8215 SB: Initialized memory B at address 0x195
      8225 [DRIVER] Init SRAM block 0 at Addr 0x196 with Data 0x1445b128
      8225 Mon: Initialize SRAM; Write to SRAM A, Addr: 0x196, Data: 0x1445b128
      8225 SB: Initialized memory A at address 0x196
      8235 [DRIVER] Init SRAM block 1 at Addr 0x196 with Data 0x74dc69e9
      8235 Mon: Initialize SRAM; Write to SRAM B, Addr: 0x196, Data: 0x74dc69e9
      8235 SB: Initialized memory B at address 0x196
      8245 [DRIVER] Init SRAM block 0 at Addr 0x197 with Data 0x2c577958
      8245 Mon: Initialize SRAM; Write to SRAM A, Addr: 0x197, Data: 0x2c577958
      8245 SB: Initialized memory A at address 0x197
      8255 [DRIVER] Init SRAM block 1 at Addr 0x197 with Data 0x6aa4a1d5
      8255 Mon: Initialize SRAM; Write to SRAM B, Addr: 0x197, Data: 0x6aa4a1d5
      8255 SB: Initialized memory B at address 0x197
      8265 [DRIVER] Init SRAM block 0 at Addr 0x198 with Data 0x61dbe5c3
      8265 Mon: Initialize SRAM; Write to SRAM A, Addr: 0x198, Data: 0x61dbe5c3
      8265 SB: Initialized memory A at address 0x198
      8275 [DRIVER] Init SRAM block 1 at Addr 0x198 with Data 0x6a2c13d4
      8275 Mon: Initialize SRAM; Write to SRAM B, Addr: 0x198, Data: 0x6a2c13d4
      8275 SB: Initialized memory B at address 0x198
      8285 [DRIVER] Init SRAM block 0 at Addr 0x199 with Data 0x52397da4
      8285 Mon: Initialize SRAM; Write to SRAM A, Addr: 0x199, Data: 0x52397da4
      8285 SB: Initialized memory A at address 0x199
      8295 [DRIVER] Init SRAM block 1 at Addr 0x199 with Data 0x3f25ef7e
      8295 Mon: Initialize SRAM; Write to SRAM B, Addr: 0x199, Data: 0x3f25ef7e
      8295 SB: Initialized memory B at address 0x199
      8305 [DRIVER] Init SRAM block 0 at Addr 0x19a with Data 0x6b299dd6
      8305 Mon: Initialize SRAM; Write to SRAM A, Addr: 0x19a, Data: 0x6b299dd6
      8305 SB: Initialized memory A at address 0x19a
      8315 [DRIVER] Init SRAM block 1 at Addr 0x19a with Data 0x87eec80f
      8315 Mon: Initialize SRAM; Write to SRAM B, Addr: 0x19a, Data: 0x87eec80f
      8315 SB: Initialized memory B at address 0x19a
      8325 [DRIVER] Init SRAM block 0 at Addr 0x19b with Data 0xc1b04483
      8325 Mon: Initialize SRAM; Write to SRAM A, Addr: 0x19b, Data: 0xc1b04483
      8325 SB: Initialized memory A at address 0x19b
      8335 [DRIVER] Init SRAM block 1 at Addr 0x19b with Data 0x506aefa0
      8335 Mon: Initialize SRAM; Write to SRAM B, Addr: 0x19b, Data: 0x506aefa0
      8335 SB: Initialized memory B at address 0x19b
      8345 [DRIVER] Init SRAM block 0 at Addr 0x19c with Data 0xc10f0482
      8345 Mon: Initialize SRAM; Write to SRAM A, Addr: 0x19c, Data: 0xc10f0482
      8345 SB: Initialized memory A at address 0x19c
      8355 [DRIVER] Init SRAM block 1 at Addr 0x19c with Data 0x5fe3cbbf
      8355 Mon: Initialize SRAM; Write to SRAM B, Addr: 0x19c, Data: 0x5fe3cbbf
      8355 SB: Initialized memory B at address 0x19c
      8365 [DRIVER] Init SRAM block 0 at Addr 0x19d with Data 0x22eadb45
      8365 Mon: Initialize SRAM; Write to SRAM A, Addr: 0x19d, Data: 0x22eadb45
      8365 SB: Initialized memory A at address 0x19d
      8375 [DRIVER] Init SRAM block 1 at Addr 0x19d with Data 0xbbbc3e77
      8375 Mon: Initialize SRAM; Write to SRAM B, Addr: 0x19d, Data: 0xbbbc3e77
      8375 SB: Initialized memory B at address 0x19d
      8385 [DRIVER] Init SRAM block 0 at Addr 0x19e with Data 0x229d0b45
      8385 Mon: Initialize SRAM; Write to SRAM A, Addr: 0x19e, Data: 0x229d0b45
      8385 SB: Initialized memory A at address 0x19e
      8395 [DRIVER] Init SRAM block 1 at Addr 0x19e with Data 0xba941075
      8395 Mon: Initialize SRAM; Write to SRAM B, Addr: 0x19e, Data: 0xba941075
      8395 SB: Initialized memory B at address 0x19e
      8405 [DRIVER] Init SRAM block 0 at Addr 0x19f with Data 0xfc670af8
      8405 Mon: Initialize SRAM; Write to SRAM A, Addr: 0x19f, Data: 0xfc670af8
      8405 SB: Initialized memory A at address 0x19f
      8415 [DRIVER] Init SRAM block 1 at Addr 0x19f with Data 0x63323bc6
      8415 Mon: Initialize SRAM; Write to SRAM B, Addr: 0x19f, Data: 0x63323bc6
      8415 SB: Initialized memory B at address 0x19f
      8425 [DRIVER] Init SRAM block 0 at Addr 0x1a0 with Data 0x3601596c
      8425 Mon: Initialize SRAM; Write to SRAM A, Addr: 0x1a0, Data: 0x3601596c
      8425 SB: Initialized memory A at address 0x1a0
      8435 [DRIVER] Init SRAM block 1 at Addr 0x1a0 with Data 0xa84e5850
      8435 Mon: Initialize SRAM; Write to SRAM B, Addr: 0x1a0, Data: 0xa84e5850
      8435 SB: Initialized memory B at address 0x1a0
      8445 [DRIVER] Init SRAM block 0 at Addr 0x1a1 with Data 0x18bd6331
      8445 Mon: Initialize SRAM; Write to SRAM A, Addr: 0x1a1, Data: 0x18bd6331
      8445 SB: Initialized memory A at address 0x1a1
      8455 [DRIVER] Init SRAM block 1 at Addr 0x1a1 with Data 0xce10fe9c
      8455 Mon: Initialize SRAM; Write to SRAM B, Addr: 0x1a1, Data: 0xce10fe9c
      8455 SB: Initialized memory B at address 0x1a1
      8465 [DRIVER] Init SRAM block 0 at Addr 0x1a2 with Data 0xde325cbc
      8465 Mon: Initialize SRAM; Write to SRAM A, Addr: 0x1a2, Data: 0xde325cbc
      8465 SB: Initialized memory A at address 0x1a2
      8475 [DRIVER] Init SRAM block 1 at Addr 0x1a2 with Data 0xd7e31eaf
      8475 Mon: Initialize SRAM; Write to SRAM B, Addr: 0x1a2, Data: 0xd7e31eaf
      8475 SB: Initialized memory B at address 0x1a2
      8485 [DRIVER] Init SRAM block 0 at Addr 0x1a3 with Data 0x872d2c0e
      8485 Mon: Initialize SRAM; Write to SRAM A, Addr: 0x1a3, Data: 0x872d2c0e
      8485 SB: Initialized memory A at address 0x1a3
      8495 [DRIVER] Init SRAM block 1 at Addr 0x1a3 with Data 0xb4e46669
      8495 Mon: Initialize SRAM; Write to SRAM B, Addr: 0x1a3, Data: 0xb4e46669
      8495 SB: Initialized memory B at address 0x1a3
      8505 [DRIVER] Init SRAM block 0 at Addr 0x1a4 with Data 0xd95b40b2
      8505 Mon: Initialize SRAM; Write to SRAM A, Addr: 0x1a4, Data: 0xd95b40b2
      8505 SB: Initialized memory A at address 0x1a4
      8515 [DRIVER] Init SRAM block 1 at Addr 0x1a4 with Data 0xef209ede
      8515 Mon: Initialize SRAM; Write to SRAM B, Addr: 0x1a4, Data: 0xef209ede
      8515 SB: Initialized memory B at address 0x1a4
      8525 [DRIVER] Init SRAM block 0 at Addr 0x1a5 with Data 0xc2e87485
      8525 Mon: Initialize SRAM; Write to SRAM A, Addr: 0x1a5, Data: 0xc2e87485
      8525 SB: Initialized memory A at address 0x1a5
      8535 [DRIVER] Init SRAM block 1 at Addr 0x1a5 with Data 0x555c0faa
      8535 Mon: Initialize SRAM; Write to SRAM B, Addr: 0x1a5, Data: 0x555c0faa
      8535 SB: Initialized memory B at address 0x1a5
      8545 [DRIVER] Init SRAM block 0 at Addr 0x1a6 with Data 0x1407f128
      8545 Mon: Initialize SRAM; Write to SRAM A, Addr: 0x1a6, Data: 0x1407f128
      8545 SB: Initialized memory A at address 0x1a6
      8555 [DRIVER] Init SRAM block 1 at Addr 0x1a6 with Data 0x610ed5c2
      8555 Mon: Initialize SRAM; Write to SRAM B, Addr: 0x1a6, Data: 0x610ed5c2
      8555 SB: Initialized memory B at address 0x1a6
      8565 [DRIVER] Init SRAM block 0 at Addr 0x1a7 with Data 0x4d20099a
      8565 Mon: Initialize SRAM; Write to SRAM A, Addr: 0x1a7, Data: 0x4d20099a
      8565 SB: Initialized memory A at address 0x1a7
      8575 [DRIVER] Init SRAM block 1 at Addr 0x1a7 with Data 0x69e751d3
      8575 Mon: Initialize SRAM; Write to SRAM B, Addr: 0x1a7, Data: 0x69e751d3
      8575 SB: Initialized memory B at address 0x1a7
      8585 [DRIVER] Init SRAM block 0 at Addr 0x1a8 with Data 0xdd111aba
      8585 Mon: Initialize SRAM; Write to SRAM A, Addr: 0x1a8, Data: 0xdd111aba
      8585 SB: Initialized memory A at address 0x1a8
      8595 [DRIVER] Init SRAM block 1 at Addr 0x1a8 with Data 0xfdeb7cfb
      8595 Mon: Initialize SRAM; Write to SRAM B, Addr: 0x1a8, Data: 0xfdeb7cfb
      8595 SB: Initialized memory B at address 0x1a8
      8605 [DRIVER] Init SRAM block 0 at Addr 0x1a9 with Data 0xc5cf728b
      8605 Mon: Initialize SRAM; Write to SRAM A, Addr: 0x1a9, Data: 0xc5cf728b
      8605 SB: Initialized memory A at address 0x1a9
      8615 [DRIVER] Init SRAM block 1 at Addr 0x1a9 with Data 0x61114dc2
      8615 Mon: Initialize SRAM; Write to SRAM B, Addr: 0x1a9, Data: 0x61114dc2
      8615 SB: Initialized memory B at address 0x1a9
      8625 [DRIVER] Init SRAM block 0 at Addr 0x1aa with Data 0xe64828cc
      8625 Mon: Initialize SRAM; Write to SRAM A, Addr: 0x1aa, Data: 0xe64828cc
      8625 SB: Initialized memory A at address 0x1aa
      8635 [DRIVER] Init SRAM block 1 at Addr 0x1aa with Data 0x38e61371
      8635 Mon: Initialize SRAM; Write to SRAM B, Addr: 0x1aa, Data: 0x38e61371
      8635 SB: Initialized memory B at address 0x1aa
      8645 [DRIVER] Init SRAM block 0 at Addr 0x1ab with Data 0x4f49019e
      8645 Mon: Initialize SRAM; Write to SRAM A, Addr: 0x1ab, Data: 0x4f49019e
      8645 SB: Initialized memory A at address 0x1ab
      8655 [DRIVER] Init SRAM block 1 at Addr 0x1ab with Data 0x309cdb61
      8655 Mon: Initialize SRAM; Write to SRAM B, Addr: 0x1ab, Data: 0x309cdb61
      8655 SB: Initialized memory B at address 0x1ab
      8665 [DRIVER] Init SRAM block 0 at Addr 0x1ac with Data 0xbde3487b
      8665 Mon: Initialize SRAM; Write to SRAM A, Addr: 0x1ac, Data: 0xbde3487b
      8665 SB: Initialized memory A at address 0x1ac
      8675 [DRIVER] Init SRAM block 1 at Addr 0x1ac with Data 0xdf9bd0bf
      8675 Mon: Initialize SRAM; Write to SRAM B, Addr: 0x1ac, Data: 0xdf9bd0bf
      8675 SB: Initialized memory B at address 0x1ac
      8685 [DRIVER] Init SRAM block 0 at Addr 0x1ad with Data 0xc881bc91
      8685 Mon: Initialize SRAM; Write to SRAM A, Addr: 0x1ad, Data: 0xc881bc91
      8685 SB: Initialized memory A at address 0x1ad
      8695 [DRIVER] Init SRAM block 1 at Addr 0x1ad with Data 0xe06098c0
      8695 Mon: Initialize SRAM; Write to SRAM B, Addr: 0x1ad, Data: 0xe06098c0
      8695 SB: Initialized memory B at address 0x1ad
      8705 [DRIVER] Init SRAM block 0 at Addr 0x1ae with Data 0x2ca96359
      8705 Mon: Initialize SRAM; Write to SRAM A, Addr: 0x1ae, Data: 0x2ca96359
      8705 SB: Initialized memory A at address 0x1ae
      8715 [DRIVER] Init SRAM block 1 at Addr 0x1ae with Data 0xbf53b47e
      8715 Mon: Initialize SRAM; Write to SRAM B, Addr: 0x1ae, Data: 0xbf53b47e
      8715 SB: Initialized memory B at address 0x1ae
      8725 [DRIVER] Init SRAM block 0 at Addr 0x1af with Data 0x2a1d7354
      8725 Mon: Initialize SRAM; Write to SRAM A, Addr: 0x1af, Data: 0x2a1d7354
      8725 SB: Initialized memory A at address 0x1af
      8735 [DRIVER] Init SRAM block 1 at Addr 0x1af with Data 0xa8e2e251
      8735 Mon: Initialize SRAM; Write to SRAM B, Addr: 0x1af, Data: 0xa8e2e251
      8735 SB: Initialized memory B at address 0x1af
      8745 [DRIVER] Init SRAM block 0 at Addr 0x1b0 with Data 0xa4de2849
      8745 Mon: Initialize SRAM; Write to SRAM A, Addr: 0x1b0, Data: 0xa4de2849
      8745 SB: Initialized memory A at address 0x1b0
      8755 [DRIVER] Init SRAM block 1 at Addr 0x1b0 with Data 0x73fa7de7
      8755 Mon: Initialize SRAM; Write to SRAM B, Addr: 0x1b0, Data: 0x73fa7de7
      8755 SB: Initialized memory B at address 0x1b0
      8765 [DRIVER] Init SRAM block 0 at Addr 0x1b1 with Data 0x123aaf24
      8765 Mon: Initialize SRAM; Write to SRAM A, Addr: 0x1b1, Data: 0x123aaf24
      8765 SB: Initialized memory A at address 0x1b1
      8775 [DRIVER] Init SRAM block 1 at Addr 0x1b1 with Data 0x41b5d583
      8775 Mon: Initialize SRAM; Write to SRAM B, Addr: 0x1b1, Data: 0x41b5d583
      8775 SB: Initialized memory B at address 0x1b1
      8785 [DRIVER] Init SRAM block 0 at Addr 0x1b2 with Data 0xadee005b
      8785 Mon: Initialize SRAM; Write to SRAM A, Addr: 0x1b2, Data: 0xadee005b
      8785 SB: Initialized memory A at address 0x1b2
      8795 [DRIVER] Init SRAM block 1 at Addr 0x1b2 with Data 0x5cdea1b9
      8795 Mon: Initialize SRAM; Write to SRAM B, Addr: 0x1b2, Data: 0x5cdea1b9
      8795 SB: Initialized memory B at address 0x1b2
      8805 [DRIVER] Init SRAM block 0 at Addr 0x1b3 with Data 0x4afebf95
      8805 Mon: Initialize SRAM; Write to SRAM A, Addr: 0x1b3, Data: 0x4afebf95
      8805 SB: Initialized memory A at address 0x1b3
      8815 [DRIVER] Init SRAM block 1 at Addr 0x1b3 with Data 0xbb934a77
      8815 Mon: Initialize SRAM; Write to SRAM B, Addr: 0x1b3, Data: 0xbb934a77
      8815 SB: Initialized memory B at address 0x1b3
      8825 [DRIVER] Init SRAM block 0 at Addr 0x1b4 with Data 0xf8da1af1
      8825 Mon: Initialize SRAM; Write to SRAM A, Addr: 0x1b4, Data: 0xf8da1af1
      8825 SB: Initialized memory A at address 0x1b4
      8835 [DRIVER] Init SRAM block 1 at Addr 0x1b4 with Data 0x732c5fe6
      8835 Mon: Initialize SRAM; Write to SRAM B, Addr: 0x1b4, Data: 0x732c5fe6
      8835 SB: Initialized memory B at address 0x1b4
      8845 [DRIVER] Init SRAM block 0 at Addr 0x1b5 with Data 0xd7e1aeaf
      8845 Mon: Initialize SRAM; Write to SRAM A, Addr: 0x1b5, Data: 0xd7e1aeaf
      8845 SB: Initialized memory A at address 0x1b5
      8855 [DRIVER] Init SRAM block 1 at Addr 0x1b5 with Data 0x0238e104
      8855 Mon: Initialize SRAM; Write to SRAM B, Addr: 0x1b5, Data: 0x238e104
      8855 SB: Initialized memory B at address 0x1b5
      8865 [DRIVER] Init SRAM block 0 at Addr 0x1b6 with Data 0x89646012
      8865 Mon: Initialize SRAM; Write to SRAM A, Addr: 0x1b6, Data: 0x89646012
      8865 SB: Initialized memory A at address 0x1b6
      8875 [DRIVER] Init SRAM block 1 at Addr 0x1b6 with Data 0x7e29b3fc
      8875 Mon: Initialize SRAM; Write to SRAM B, Addr: 0x1b6, Data: 0x7e29b3fc
      8875 SB: Initialized memory B at address 0x1b6
      8885 [DRIVER] Init SRAM block 0 at Addr 0x1b7 with Data 0xd5ba48ab
      8885 Mon: Initialize SRAM; Write to SRAM A, Addr: 0x1b7, Data: 0xd5ba48ab
      8885 SB: Initialized memory A at address 0x1b7
      8895 [DRIVER] Init SRAM block 1 at Addr 0x1b7 with Data 0xe203f0c4
      8895 Mon: Initialize SRAM; Write to SRAM B, Addr: 0x1b7, Data: 0xe203f0c4
      8895 SB: Initialized memory B at address 0x1b7
      8905 [DRIVER] Init SRAM block 0 at Addr 0x1b8 with Data 0x1ffb813f
      8905 Mon: Initialize SRAM; Write to SRAM A, Addr: 0x1b8, Data: 0x1ffb813f
      8905 SB: Initialized memory A at address 0x1b8
      8915 [DRIVER] Init SRAM block 1 at Addr 0x1b8 with Data 0xe13256c2
      8915 Mon: Initialize SRAM; Write to SRAM B, Addr: 0x1b8, Data: 0xe13256c2
      8915 SB: Initialized memory B at address 0x1b8
      8925 [DRIVER] Init SRAM block 0 at Addr 0x1b9 with Data 0x398a1973
      8925 Mon: Initialize SRAM; Write to SRAM A, Addr: 0x1b9, Data: 0x398a1973
      8925 SB: Initialized memory A at address 0x1b9
      8935 [DRIVER] Init SRAM block 1 at Addr 0x1b9 with Data 0x2d4d9b5a
      8935 Mon: Initialize SRAM; Write to SRAM B, Addr: 0x1b9, Data: 0x2d4d9b5a
      8935 SB: Initialized memory B at address 0x1b9
      8945 [DRIVER] Init SRAM block 0 at Addr 0x1ba with Data 0xd066e4a0
      8945 Mon: Initialize SRAM; Write to SRAM A, Addr: 0x1ba, Data: 0xd066e4a0
      8945 SB: Initialized memory A at address 0x1ba
      8955 [DRIVER] Init SRAM block 1 at Addr 0x1ba with Data 0xff73cafe
      8955 Mon: Initialize SRAM; Write to SRAM B, Addr: 0x1ba, Data: 0xff73cafe
      8955 SB: Initialized memory B at address 0x1ba
      8965 [DRIVER] Init SRAM block 0 at Addr 0x1bb with Data 0x3a096b74
      8965 Mon: Initialize SRAM; Write to SRAM A, Addr: 0x1bb, Data: 0x3a096b74
      8965 SB: Initialized memory A at address 0x1bb
      8975 [DRIVER] Init SRAM block 1 at Addr 0x1bb with Data 0x5d86b7bb
      8975 Mon: Initialize SRAM; Write to SRAM B, Addr: 0x1bb, Data: 0x5d86b7bb
      8975 SB: Initialized memory B at address 0x1bb
      8985 [DRIVER] Init SRAM block 0 at Addr 0x1bc with Data 0x7132bbe2
      8985 Mon: Initialize SRAM; Write to SRAM A, Addr: 0x1bc, Data: 0x7132bbe2
      8985 SB: Initialized memory A at address 0x1bc
      8995 [DRIVER] Init SRAM block 1 at Addr 0x1bc with Data 0xf16948e2
      8995 Mon: Initialize SRAM; Write to SRAM B, Addr: 0x1bc, Data: 0xf16948e2
      8995 SB: Initialized memory B at address 0x1bc
      9005 [DRIVER] Init SRAM block 0 at Addr 0x1bd with Data 0xeff34cdf
      9005 Mon: Initialize SRAM; Write to SRAM A, Addr: 0x1bd, Data: 0xeff34cdf
      9005 SB: Initialized memory A at address 0x1bd
      9015 [DRIVER] Init SRAM block 1 at Addr 0x1bd with Data 0xcc13e298
      9015 Mon: Initialize SRAM; Write to SRAM B, Addr: 0x1bd, Data: 0xcc13e298
      9015 SB: Initialized memory B at address 0x1bd
      9025 [DRIVER] Init SRAM block 0 at Addr 0x1be with Data 0x4fdbed9f
      9025 Mon: Initialize SRAM; Write to SRAM A, Addr: 0x1be, Data: 0x4fdbed9f
      9025 SB: Initialized memory A at address 0x1be
      9035 [DRIVER] Init SRAM block 1 at Addr 0x1be with Data 0x0817cb10
      9035 Mon: Initialize SRAM; Write to SRAM B, Addr: 0x1be, Data: 0x817cb10
      9035 SB: Initialized memory B at address 0x1be
      9045 [DRIVER] Init SRAM block 0 at Addr 0x1bf with Data 0x791189f2
      9045 Mon: Initialize SRAM; Write to SRAM A, Addr: 0x1bf, Data: 0x791189f2
      9045 SB: Initialized memory A at address 0x1bf
      9055 [DRIVER] Init SRAM block 1 at Addr 0x1bf with Data 0x5ee97bbd
      9055 Mon: Initialize SRAM; Write to SRAM B, Addr: 0x1bf, Data: 0x5ee97bbd
      9055 SB: Initialized memory B at address 0x1bf
      9065 [DRIVER] Init SRAM block 0 at Addr 0x1c0 with Data 0x55bc27ab
      9065 Mon: Initialize SRAM; Write to SRAM A, Addr: 0x1c0, Data: 0x55bc27ab
      9065 SB: Initialized memory A at address 0x1c0
      9075 [DRIVER] Init SRAM block 1 at Addr 0x1c0 with Data 0x5a0a0fb4
      9075 Mon: Initialize SRAM; Write to SRAM B, Addr: 0x1c0, Data: 0x5a0a0fb4
      9075 SB: Initialized memory B at address 0x1c0
      9085 [DRIVER] Init SRAM block 0 at Addr 0x1c1 with Data 0xaa08ac54
      9085 Mon: Initialize SRAM; Write to SRAM A, Addr: 0x1c1, Data: 0xaa08ac54
      9085 SB: Initialized memory A at address 0x1c1
      9095 [DRIVER] Init SRAM block 1 at Addr 0x1c1 with Data 0x44e79b89
      9095 Mon: Initialize SRAM; Write to SRAM B, Addr: 0x1c1, Data: 0x44e79b89
      9095 SB: Initialized memory B at address 0x1c1
      9105 [DRIVER] Init SRAM block 0 at Addr 0x1c2 with Data 0x89b5d413
      9105 Mon: Initialize SRAM; Write to SRAM A, Addr: 0x1c2, Data: 0x89b5d413
      9105 SB: Initialized memory A at address 0x1c2
      9115 [DRIVER] Init SRAM block 1 at Addr 0x1c2 with Data 0x560c91ac
      9115 Mon: Initialize SRAM; Write to SRAM B, Addr: 0x1c2, Data: 0x560c91ac
      9115 SB: Initialized memory B at address 0x1c2
      9125 [DRIVER] Init SRAM block 0 at Addr 0x1c3 with Data 0x1ae40335
      9125 Mon: Initialize SRAM; Write to SRAM A, Addr: 0x1c3, Data: 0x1ae40335
      9125 SB: Initialized memory A at address 0x1c3
      9135 [DRIVER] Init SRAM block 1 at Addr 0x1c3 with Data 0x1df61f3b
      9135 Mon: Initialize SRAM; Write to SRAM B, Addr: 0x1c3, Data: 0x1df61f3b
      9135 SB: Initialized memory B at address 0x1c3
      9145 [DRIVER] Init SRAM block 0 at Addr 0x1c4 with Data 0x9aa02435
      9145 Mon: Initialize SRAM; Write to SRAM A, Addr: 0x1c4, Data: 0x9aa02435
      9145 SB: Initialized memory A at address 0x1c4
      9155 [DRIVER] Init SRAM block 1 at Addr 0x1c4 with Data 0x17a98d2f
      9155 Mon: Initialize SRAM; Write to SRAM B, Addr: 0x1c4, Data: 0x17a98d2f
      9155 SB: Initialized memory B at address 0x1c4
      9165 [DRIVER] Init SRAM block 0 at Addr 0x1c5 with Data 0x1a619934
      9165 Mon: Initialize SRAM; Write to SRAM A, Addr: 0x1c5, Data: 0x1a619934
      9165 SB: Initialized memory A at address 0x1c5
      9175 [DRIVER] Init SRAM block 1 at Addr 0x1c5 with Data 0xaae0a255
      9175 Mon: Initialize SRAM; Write to SRAM B, Addr: 0x1c5, Data: 0xaae0a255
      9175 SB: Initialized memory B at address 0x1c5
      9185 [DRIVER] Init SRAM block 0 at Addr 0x1c6 with Data 0xde7302bc
      9185 Mon: Initialize SRAM; Write to SRAM A, Addr: 0x1c6, Data: 0xde7302bc
      9185 SB: Initialized memory A at address 0x1c6
      9195 [DRIVER] Init SRAM block 1 at Addr 0x1c6 with Data 0xf964fef2
      9195 Mon: Initialize SRAM; Write to SRAM B, Addr: 0x1c6, Data: 0xf964fef2
      9195 SB: Initialized memory B at address 0x1c6
      9205 [DRIVER] Init SRAM block 0 at Addr 0x1c7 with Data 0xd3fe36a7
      9205 Mon: Initialize SRAM; Write to SRAM A, Addr: 0x1c7, Data: 0xd3fe36a7
      9205 SB: Initialized memory A at address 0x1c7
      9215 [DRIVER] Init SRAM block 1 at Addr 0x1c7 with Data 0xe0f280c1
      9215 Mon: Initialize SRAM; Write to SRAM B, Addr: 0x1c7, Data: 0xe0f280c1
      9215 SB: Initialized memory B at address 0x1c7
      9225 [DRIVER] Init SRAM block 0 at Addr 0x1c8 with Data 0xf23316e4
      9225 Mon: Initialize SRAM; Write to SRAM A, Addr: 0x1c8, Data: 0xf23316e4
      9225 SB: Initialized memory A at address 0x1c8
      9235 [DRIVER] Init SRAM block 1 at Addr 0x1c8 with Data 0xa0b8a241
      9235 Mon: Initialize SRAM; Write to SRAM B, Addr: 0x1c8, Data: 0xa0b8a241
      9235 SB: Initialized memory B at address 0x1c8
      9245 [DRIVER] Init SRAM block 0 at Addr 0x1c9 with Data 0xb4c16c69
      9245 Mon: Initialize SRAM; Write to SRAM A, Addr: 0x1c9, Data: 0xb4c16c69
      9245 SB: Initialized memory A at address 0x1c9
      9255 [DRIVER] Init SRAM block 1 at Addr 0x1c9 with Data 0xfd52d8fa
      9255 Mon: Initialize SRAM; Write to SRAM B, Addr: 0x1c9, Data: 0xfd52d8fa
      9255 SB: Initialized memory B at address 0x1c9
      9265 [DRIVER] Init SRAM block 0 at Addr 0x1ca with Data 0xe69dd0cd
      9265 Mon: Initialize SRAM; Write to SRAM A, Addr: 0x1ca, Data: 0xe69dd0cd
      9265 SB: Initialized memory A at address 0x1ca
      9275 [DRIVER] Init SRAM block 1 at Addr 0x1ca with Data 0x7fcff3ff
      9275 Mon: Initialize SRAM; Write to SRAM B, Addr: 0x1ca, Data: 0x7fcff3ff
      9275 SB: Initialized memory B at address 0x1ca
      9285 [DRIVER] Init SRAM block 0 at Addr 0x1cb with Data 0xdac986b5
      9285 Mon: Initialize SRAM; Write to SRAM A, Addr: 0x1cb, Data: 0xdac986b5
      9285 SB: Initialized memory A at address 0x1cb
      9295 [DRIVER] Init SRAM block 1 at Addr 0x1cb with Data 0xf42082e8
      9295 Mon: Initialize SRAM; Write to SRAM B, Addr: 0x1cb, Data: 0xf42082e8
      9295 SB: Initialized memory B at address 0x1cb
      9305 [DRIVER] Init SRAM block 0 at Addr 0x1cc with Data 0xa5955c4b
      9305 Mon: Initialize SRAM; Write to SRAM A, Addr: 0x1cc, Data: 0xa5955c4b
      9305 SB: Initialized memory A at address 0x1cc
      9315 [DRIVER] Init SRAM block 1 at Addr 0x1cc with Data 0x89042e12
      9315 Mon: Initialize SRAM; Write to SRAM B, Addr: 0x1cc, Data: 0x89042e12
      9315 SB: Initialized memory B at address 0x1cc
      9325 [DRIVER] Init SRAM block 0 at Addr 0x1cd with Data 0x1b978f37
      9325 Mon: Initialize SRAM; Write to SRAM A, Addr: 0x1cd, Data: 0x1b978f37
      9325 SB: Initialized memory A at address 0x1cd
      9335 [DRIVER] Init SRAM block 1 at Addr 0x1cd with Data 0x574e1dae
      9335 Mon: Initialize SRAM; Write to SRAM B, Addr: 0x1cd, Data: 0x574e1dae
      9335 SB: Initialized memory B at address 0x1cd
      9345 [DRIVER] Init SRAM block 0 at Addr 0x1ce with Data 0xfc4ca4f8
      9345 Mon: Initialize SRAM; Write to SRAM A, Addr: 0x1ce, Data: 0xfc4ca4f8
      9345 SB: Initialized memory A at address 0x1ce
      9355 [DRIVER] Init SRAM block 1 at Addr 0x1ce with Data 0x90184e20
      9355 Mon: Initialize SRAM; Write to SRAM B, Addr: 0x1ce, Data: 0x90184e20
      9355 SB: Initialized memory B at address 0x1ce
      9365 [DRIVER] Init SRAM block 0 at Addr 0x1cf with Data 0xed1b50da
      9365 Mon: Initialize SRAM; Write to SRAM A, Addr: 0x1cf, Data: 0xed1b50da
      9365 SB: Initialized memory A at address 0x1cf
      9375 [DRIVER] Init SRAM block 1 at Addr 0x1cf with Data 0x913e0222
      9375 Mon: Initialize SRAM; Write to SRAM B, Addr: 0x1cf, Data: 0x913e0222
      9375 SB: Initialized memory B at address 0x1cf
      9385 [DRIVER] Init SRAM block 0 at Addr 0x1d0 with Data 0x763355ec
      9385 Mon: Initialize SRAM; Write to SRAM A, Addr: 0x1d0, Data: 0x763355ec
      9385 SB: Initialized memory A at address 0x1d0
      9395 [DRIVER] Init SRAM block 1 at Addr 0x1d0 with Data 0x9535122a
      9395 Mon: Initialize SRAM; Write to SRAM B, Addr: 0x1d0, Data: 0x9535122a
      9395 SB: Initialized memory B at address 0x1d0
      9405 [DRIVER] Init SRAM block 0 at Addr 0x1d1 with Data 0x3d7f5b7a
      9405 Mon: Initialize SRAM; Write to SRAM A, Addr: 0x1d1, Data: 0x3d7f5b7a
      9405 SB: Initialized memory A at address 0x1d1
      9415 [DRIVER] Init SRAM block 1 at Addr 0x1d1 with Data 0x0f1e511e
      9415 Mon: Initialize SRAM; Write to SRAM B, Addr: 0x1d1, Data: 0xf1e511e
      9415 SB: Initialized memory B at address 0x1d1
      9425 [DRIVER] Init SRAM block 0 at Addr 0x1d2 with Data 0xf4a1dae9
      9425 Mon: Initialize SRAM; Write to SRAM A, Addr: 0x1d2, Data: 0xf4a1dae9
      9425 SB: Initialized memory A at address 0x1d2
      9435 [DRIVER] Init SRAM block 1 at Addr 0x1d2 with Data 0xf5a4f2eb
      9435 Mon: Initialize SRAM; Write to SRAM B, Addr: 0x1d2, Data: 0xf5a4f2eb
      9435 SB: Initialized memory B at address 0x1d2
      9445 [DRIVER] Init SRAM block 0 at Addr 0x1d3 with Data 0x05b4f70b
      9445 Mon: Initialize SRAM; Write to SRAM A, Addr: 0x1d3, Data: 0x5b4f70b
      9445 SB: Initialized memory A at address 0x1d3
      9455 [DRIVER] Init SRAM block 1 at Addr 0x1d3 with Data 0xb704e26e
      9455 Mon: Initialize SRAM; Write to SRAM B, Addr: 0x1d3, Data: 0xb704e26e
      9455 SB: Initialized memory B at address 0x1d3
      9465 [DRIVER] Init SRAM block 0 at Addr 0x1d4 with Data 0xaf455e5e
      9465 Mon: Initialize SRAM; Write to SRAM A, Addr: 0x1d4, Data: 0xaf455e5e
      9465 SB: Initialized memory A at address 0x1d4
      9475 [DRIVER] Init SRAM block 1 at Addr 0x1d4 with Data 0x3e502d7c
      9475 Mon: Initialize SRAM; Write to SRAM B, Addr: 0x1d4, Data: 0x3e502d7c
      9475 SB: Initialized memory B at address 0x1d4
      9485 [DRIVER] Init SRAM block 0 at Addr 0x1d5 with Data 0x22c03145
      9485 Mon: Initialize SRAM; Write to SRAM A, Addr: 0x1d5, Data: 0x22c03145
      9485 SB: Initialized memory A at address 0x1d5
      9495 [DRIVER] Init SRAM block 1 at Addr 0x1d5 with Data 0xc5cb548b
      9495 Mon: Initialize SRAM; Write to SRAM B, Addr: 0x1d5, Data: 0xc5cb548b
      9495 SB: Initialized memory B at address 0x1d5
      9505 [DRIVER] Init SRAM block 0 at Addr 0x1d6 with Data 0x094bd312
      9505 Mon: Initialize SRAM; Write to SRAM A, Addr: 0x1d6, Data: 0x94bd312
      9505 SB: Initialized memory A at address 0x1d6
      9515 [DRIVER] Init SRAM block 1 at Addr 0x1d6 with Data 0x1bf8bd37
      9515 Mon: Initialize SRAM; Write to SRAM B, Addr: 0x1d6, Data: 0x1bf8bd37
      9515 SB: Initialized memory B at address 0x1d6
      9525 [DRIVER] Init SRAM block 0 at Addr 0x1d7 with Data 0xc1c3d683
      9525 Mon: Initialize SRAM; Write to SRAM A, Addr: 0x1d7, Data: 0xc1c3d683
      9525 SB: Initialized memory A at address 0x1d7
      9535 [DRIVER] Init SRAM block 1 at Addr 0x1d7 with Data 0xf0ab00e1
      9535 Mon: Initialize SRAM; Write to SRAM B, Addr: 0x1d7, Data: 0xf0ab00e1
      9535 SB: Initialized memory B at address 0x1d7
      9545 [DRIVER] Init SRAM block 0 at Addr 0x1d8 with Data 0x674fdfce
      9545 Mon: Initialize SRAM; Write to SRAM A, Addr: 0x1d8, Data: 0x674fdfce
      9545 SB: Initialized memory A at address 0x1d8
      9555 [DRIVER] Init SRAM block 1 at Addr 0x1d8 with Data 0xa5365c4a
      9555 Mon: Initialize SRAM; Write to SRAM B, Addr: 0x1d8, Data: 0xa5365c4a
      9555 SB: Initialized memory B at address 0x1d8
      9565 [DRIVER] Init SRAM block 0 at Addr 0x1d9 with Data 0x6acd73d5
      9565 Mon: Initialize SRAM; Write to SRAM A, Addr: 0x1d9, Data: 0x6acd73d5
      9565 SB: Initialized memory A at address 0x1d9
      9575 [DRIVER] Init SRAM block 1 at Addr 0x1d9 with Data 0x669907cd
      9575 Mon: Initialize SRAM; Write to SRAM B, Addr: 0x1d9, Data: 0x669907cd
      9575 SB: Initialized memory B at address 0x1d9
      9585 [DRIVER] Init SRAM block 0 at Addr 0x1da with Data 0xf204eee4
      9585 Mon: Initialize SRAM; Write to SRAM A, Addr: 0x1da, Data: 0xf204eee4
      9585 SB: Initialized memory A at address 0x1da
      9595 [DRIVER] Init SRAM block 1 at Addr 0x1da with Data 0xfa328cf4
      9595 Mon: Initialize SRAM; Write to SRAM B, Addr: 0x1da, Data: 0xfa328cf4
      9595 SB: Initialized memory B at address 0x1da
      9605 [DRIVER] Init SRAM block 0 at Addr 0x1db with Data 0x766153ec
      9605 Mon: Initialize SRAM; Write to SRAM A, Addr: 0x1db, Data: 0x766153ec
      9605 SB: Initialized memory A at address 0x1db
      9615 [DRIVER] Init SRAM block 1 at Addr 0x1db with Data 0x0d623f1a
      9615 Mon: Initialize SRAM; Write to SRAM B, Addr: 0x1db, Data: 0xd623f1a
      9615 SB: Initialized memory B at address 0x1db
      9625 [DRIVER] Init SRAM block 0 at Addr 0x1dc with Data 0xf1a32ee3
      9625 Mon: Initialize SRAM; Write to SRAM A, Addr: 0x1dc, Data: 0xf1a32ee3
      9625 SB: Initialized memory A at address 0x1dc
      9635 [DRIVER] Init SRAM block 1 at Addr 0x1dc with Data 0xf62484ec
      9635 Mon: Initialize SRAM; Write to SRAM B, Addr: 0x1dc, Data: 0xf62484ec
      9635 SB: Initialized memory B at address 0x1dc
      9645 [DRIVER] Init SRAM block 0 at Addr 0x1dd with Data 0x79c681f3
      9645 Mon: Initialize SRAM; Write to SRAM A, Addr: 0x1dd, Data: 0x79c681f3
      9645 SB: Initialized memory A at address 0x1dd
      9655 [DRIVER] Init SRAM block 1 at Addr 0x1dd with Data 0x1687472d
      9655 Mon: Initialize SRAM; Write to SRAM B, Addr: 0x1dd, Data: 0x1687472d
      9655 SB: Initialized memory B at address 0x1dd
      9665 [DRIVER] Init SRAM block 0 at Addr 0x1de with Data 0x2e138d5c
      9665 Mon: Initialize SRAM; Write to SRAM A, Addr: 0x1de, Data: 0x2e138d5c
      9665 SB: Initialized memory A at address 0x1de
      9675 [DRIVER] Init SRAM block 1 at Addr 0x1de with Data 0x6e8d45dd
      9675 Mon: Initialize SRAM; Write to SRAM B, Addr: 0x1de, Data: 0x6e8d45dd
      9675 SB: Initialized memory B at address 0x1de
      9685 [DRIVER] Init SRAM block 0 at Addr 0x1df with Data 0xf612c8ec
      9685 Mon: Initialize SRAM; Write to SRAM A, Addr: 0x1df, Data: 0xf612c8ec
      9685 SB: Initialized memory A at address 0x1df
      9695 [DRIVER] Init SRAM block 1 at Addr 0x1df with Data 0xc7d87a8f
      9695 Mon: Initialize SRAM; Write to SRAM B, Addr: 0x1df, Data: 0xc7d87a8f
      9695 SB: Initialized memory B at address 0x1df
      9705 [DRIVER] Init SRAM block 0 at Addr 0x1e0 with Data 0x7fdbb3ff
      9705 Mon: Initialize SRAM; Write to SRAM A, Addr: 0x1e0, Data: 0x7fdbb3ff
      9705 SB: Initialized memory A at address 0x1e0
      9715 [DRIVER] Init SRAM block 1 at Addr 0x1e0 with Data 0x3c338578
      9715 Mon: Initialize SRAM; Write to SRAM B, Addr: 0x1e0, Data: 0x3c338578
      9715 SB: Initialized memory B at address 0x1e0
      9725 [DRIVER] Init SRAM block 0 at Addr 0x1e1 with Data 0x55f6b9ab
      9725 Mon: Initialize SRAM; Write to SRAM A, Addr: 0x1e1, Data: 0x55f6b9ab
      9725 SB: Initialized memory A at address 0x1e1
      9735 [DRIVER] Init SRAM block 1 at Addr 0x1e1 with Data 0x13d1f727
      9735 Mon: Initialize SRAM; Write to SRAM B, Addr: 0x1e1, Data: 0x13d1f727
      9735 SB: Initialized memory B at address 0x1e1
      9745 [DRIVER] Init SRAM block 0 at Addr 0x1e2 with Data 0x7dca0ffb
      9745 Mon: Initialize SRAM; Write to SRAM A, Addr: 0x1e2, Data: 0x7dca0ffb
      9745 SB: Initialized memory A at address 0x1e2
      9755 [DRIVER] Init SRAM block 1 at Addr 0x1e2 with Data 0x09dfc313
      9755 Mon: Initialize SRAM; Write to SRAM B, Addr: 0x1e2, Data: 0x9dfc313
      9755 SB: Initialized memory B at address 0x1e2
      9765 [DRIVER] Init SRAM block 0 at Addr 0x1e3 with Data 0x06499b0c
      9765 Mon: Initialize SRAM; Write to SRAM A, Addr: 0x1e3, Data: 0x6499b0c
      9765 SB: Initialized memory A at address 0x1e3
      9775 [DRIVER] Init SRAM block 1 at Addr 0x1e3 with Data 0x5db797bb
      9775 Mon: Initialize SRAM; Write to SRAM B, Addr: 0x1e3, Data: 0x5db797bb
      9775 SB: Initialized memory B at address 0x1e3
      9785 [DRIVER] Init SRAM block 0 at Addr 0x1e4 with Data 0xf361cae6
      9785 Mon: Initialize SRAM; Write to SRAM A, Addr: 0x1e4, Data: 0xf361cae6
      9785 SB: Initialized memory A at address 0x1e4
      9795 [DRIVER] Init SRAM block 1 at Addr 0x1e4 with Data 0xa4d83a49
      9795 Mon: Initialize SRAM; Write to SRAM B, Addr: 0x1e4, Data: 0xa4d83a49
      9795 SB: Initialized memory B at address 0x1e4
      9805 [DRIVER] Init SRAM block 0 at Addr 0x1e5 with Data 0x35557b6a
      9805 Mon: Initialize SRAM; Write to SRAM A, Addr: 0x1e5, Data: 0x35557b6a
      9805 SB: Initialized memory A at address 0x1e5
      9815 [DRIVER] Init SRAM block 1 at Addr 0x1e5 with Data 0x8570f60a
      9815 Mon: Initialize SRAM; Write to SRAM B, Addr: 0x1e5, Data: 0x8570f60a
      9815 SB: Initialized memory B at address 0x1e5
      9825 [DRIVER] Init SRAM block 0 at Addr 0x1e6 with Data 0x8c06d218
      9825 Mon: Initialize SRAM; Write to SRAM A, Addr: 0x1e6, Data: 0x8c06d218
      9825 SB: Initialized memory A at address 0x1e6
      9835 [DRIVER] Init SRAM block 1 at Addr 0x1e6 with Data 0x4b1ce996
      9835 Mon: Initialize SRAM; Write to SRAM B, Addr: 0x1e6, Data: 0x4b1ce996
      9835 SB: Initialized memory B at address 0x1e6
      9845 [DRIVER] Init SRAM block 0 at Addr 0x1e7 with Data 0x84e32609
      9845 Mon: Initialize SRAM; Write to SRAM A, Addr: 0x1e7, Data: 0x84e32609
      9845 SB: Initialized memory A at address 0x1e7
      9855 [DRIVER] Init SRAM block 1 at Addr 0x1e7 with Data 0x1725712e
      9855 Mon: Initialize SRAM; Write to SRAM B, Addr: 0x1e7, Data: 0x1725712e
      9855 SB: Initialized memory B at address 0x1e7
      9865 [DRIVER] Init SRAM block 0 at Addr 0x1e8 with Data 0xdee9d4bd
      9865 Mon: Initialize SRAM; Write to SRAM A, Addr: 0x1e8, Data: 0xdee9d4bd
      9865 SB: Initialized memory A at address 0x1e8
      9875 [DRIVER] Init SRAM block 1 at Addr 0x1e8 with Data 0x33638966
      9875 Mon: Initialize SRAM; Write to SRAM B, Addr: 0x1e8, Data: 0x33638966
      9875 SB: Initialized memory B at address 0x1e8
      9885 [DRIVER] Init SRAM block 0 at Addr 0x1e9 with Data 0xbb062876
      9885 Mon: Initialize SRAM; Write to SRAM A, Addr: 0x1e9, Data: 0xbb062876
      9885 SB: Initialized memory A at address 0x1e9
      9895 [DRIVER] Init SRAM block 1 at Addr 0x1e9 with Data 0x3a982575
      9895 Mon: Initialize SRAM; Write to SRAM B, Addr: 0x1e9, Data: 0x3a982575
      9895 SB: Initialized memory B at address 0x1e9
      9905 [DRIVER] Init SRAM block 0 at Addr 0x1ea with Data 0xc7b43a8f
      9905 Mon: Initialize SRAM; Write to SRAM A, Addr: 0x1ea, Data: 0xc7b43a8f
      9905 SB: Initialized memory A at address 0x1ea
      9915 [DRIVER] Init SRAM block 1 at Addr 0x1ea with Data 0x4ad39595
      9915 Mon: Initialize SRAM; Write to SRAM B, Addr: 0x1ea, Data: 0x4ad39595
      9915 SB: Initialized memory B at address 0x1ea
      9925 [DRIVER] Init SRAM block 0 at Addr 0x1eb with Data 0x3da8cd7b
      9925 Mon: Initialize SRAM; Write to SRAM A, Addr: 0x1eb, Data: 0x3da8cd7b
      9925 SB: Initialized memory A at address 0x1eb
      9935 [DRIVER] Init SRAM block 1 at Addr 0x1eb with Data 0xbe43ea7c
      9935 Mon: Initialize SRAM; Write to SRAM B, Addr: 0x1eb, Data: 0xbe43ea7c
      9935 SB: Initialized memory B at address 0x1eb
      9945 [DRIVER] Init SRAM block 0 at Addr 0x1ec with Data 0xb7f4306f
      9945 Mon: Initialize SRAM; Write to SRAM A, Addr: 0x1ec, Data: 0xb7f4306f
      9945 SB: Initialized memory A at address 0x1ec
      9955 [DRIVER] Init SRAM block 1 at Addr 0x1ec with Data 0xe4824cc9
      9955 Mon: Initialize SRAM; Write to SRAM B, Addr: 0x1ec, Data: 0xe4824cc9
      9955 SB: Initialized memory B at address 0x1ec
      9965 [DRIVER] Init SRAM block 0 at Addr 0x1ed with Data 0xe4d820c9
      9965 Mon: Initialize SRAM; Write to SRAM A, Addr: 0x1ed, Data: 0xe4d820c9
      9965 SB: Initialized memory A at address 0x1ed
      9975 [DRIVER] Init SRAM block 1 at Addr 0x1ed with Data 0x5a3761b4
      9975 Mon: Initialize SRAM; Write to SRAM B, Addr: 0x1ed, Data: 0x5a3761b4
      9975 SB: Initialized memory B at address 0x1ed
      9985 [DRIVER] Init SRAM block 0 at Addr 0x1ee with Data 0x6d48a5da
      9985 Mon: Initialize SRAM; Write to SRAM A, Addr: 0x1ee, Data: 0x6d48a5da
      9985 SB: Initialized memory A at address 0x1ee
      9995 [DRIVER] Init SRAM block 1 at Addr 0x1ee with Data 0xd6aea8ad
      9995 Mon: Initialize SRAM; Write to SRAM B, Addr: 0x1ee, Data: 0xd6aea8ad
      9995 SB: Initialized memory B at address 0x1ee
     10005 [DRIVER] Init SRAM block 0 at Addr 0x1ef with Data 0x6fcff1df
     10005 Mon: Initialize SRAM; Write to SRAM A, Addr: 0x1ef, Data: 0x6fcff1df
     10005 SB: Initialized memory A at address 0x1ef
     10015 [DRIVER] Init SRAM block 1 at Addr 0x1ef with Data 0x06b0e30d
     10015 Mon: Initialize SRAM; Write to SRAM B, Addr: 0x1ef, Data: 0x6b0e30d
     10015 SB: Initialized memory B at address 0x1ef
     10025 [DRIVER] Init SRAM block 0 at Addr 0x1f0 with Data 0x384d4170
     10025 Mon: Initialize SRAM; Write to SRAM A, Addr: 0x1f0, Data: 0x384d4170
     10025 SB: Initialized memory A at address 0x1f0
     10035 [DRIVER] Init SRAM block 1 at Addr 0x1f0 with Data 0x41bd6783
     10035 Mon: Initialize SRAM; Write to SRAM B, Addr: 0x1f0, Data: 0x41bd6783
     10035 SB: Initialized memory B at address 0x1f0
     10045 [DRIVER] Init SRAM block 0 at Addr 0x1f1 with Data 0xa8c6c451
     10045 Mon: Initialize SRAM; Write to SRAM A, Addr: 0x1f1, Data: 0xa8c6c451
     10045 SB: Initialized memory A at address 0x1f1
     10055 [DRIVER] Init SRAM block 1 at Addr 0x1f1 with Data 0x027a8d04
     10055 Mon: Initialize SRAM; Write to SRAM B, Addr: 0x1f1, Data: 0x27a8d04
     10055 SB: Initialized memory B at address 0x1f1
     10065 [DRIVER] Init SRAM block 0 at Addr 0x1f2 with Data 0xc0467280
     10065 Mon: Initialize SRAM; Write to SRAM A, Addr: 0x1f2, Data: 0xc0467280
     10065 SB: Initialized memory A at address 0x1f2
     10075 [DRIVER] Init SRAM block 1 at Addr 0x1f2 with Data 0xfcf504f9
     10075 Mon: Initialize SRAM; Write to SRAM B, Addr: 0x1f2, Data: 0xfcf504f9
     10075 SB: Initialized memory B at address 0x1f2
     10085 [DRIVER] Init SRAM block 0 at Addr 0x1f3 with Data 0x0379ed06
     10085 Mon: Initialize SRAM; Write to SRAM A, Addr: 0x1f3, Data: 0x379ed06
     10085 SB: Initialized memory A at address 0x1f3
     10095 [DRIVER] Init SRAM block 1 at Addr 0x1f3 with Data 0xe5063aca
     10095 Mon: Initialize SRAM; Write to SRAM B, Addr: 0x1f3, Data: 0xe5063aca
     10095 SB: Initialized memory B at address 0x1f3
     10105 [DRIVER] Init SRAM block 0 at Addr 0x1f4 with Data 0xef8d64df
     10105 Mon: Initialize SRAM; Write to SRAM A, Addr: 0x1f4, Data: 0xef8d64df
     10105 SB: Initialized memory A at address 0x1f4
     10115 [DRIVER] Init SRAM block 1 at Addr 0x1f4 with Data 0x64f9bbc9
     10115 Mon: Initialize SRAM; Write to SRAM B, Addr: 0x1f4, Data: 0x64f9bbc9
     10115 SB: Initialized memory B at address 0x1f4
     10125 [DRIVER] Init SRAM block 0 at Addr 0x1f5 with Data 0x42797584
     10125 Mon: Initialize SRAM; Write to SRAM A, Addr: 0x1f5, Data: 0x42797584
     10125 SB: Initialized memory A at address 0x1f5
     10135 [DRIVER] Init SRAM block 1 at Addr 0x1f5 with Data 0xd84988b0
     10135 Mon: Initialize SRAM; Write to SRAM B, Addr: 0x1f5, Data: 0xd84988b0
     10135 SB: Initialized memory B at address 0x1f5
     10145 [DRIVER] Init SRAM block 0 at Addr 0x1f6 with Data 0x74bc03e9
     10145 Mon: Initialize SRAM; Write to SRAM A, Addr: 0x1f6, Data: 0x74bc03e9
     10145 SB: Initialized memory A at address 0x1f6
     10155 [DRIVER] Init SRAM block 1 at Addr 0x1f6 with Data 0x08098510
     10155 Mon: Initialize SRAM; Write to SRAM B, Addr: 0x1f6, Data: 0x8098510
     10155 SB: Initialized memory B at address 0x1f6
     10165 [DRIVER] Init SRAM block 0 at Addr 0x1f7 with Data 0x6f3425de
     10165 Mon: Initialize SRAM; Write to SRAM A, Addr: 0x1f7, Data: 0x6f3425de
     10165 SB: Initialized memory A at address 0x1f7
     10175 [DRIVER] Init SRAM block 1 at Addr 0x1f7 with Data 0xd659d0ac
     10175 Mon: Initialize SRAM; Write to SRAM B, Addr: 0x1f7, Data: 0xd659d0ac
     10175 SB: Initialized memory B at address 0x1f7
     10185 [DRIVER] Init SRAM block 0 at Addr 0x1f8 with Data 0x0498fb09
     10185 Mon: Initialize SRAM; Write to SRAM A, Addr: 0x1f8, Data: 0x498fb09
     10185 SB: Initialized memory A at address 0x1f8
     10195 [DRIVER] Init SRAM block 1 at Addr 0x1f8 with Data 0x6bf823d7
     10195 Mon: Initialize SRAM; Write to SRAM B, Addr: 0x1f8, Data: 0x6bf823d7
     10195 SB: Initialized memory B at address 0x1f8
     10205 [DRIVER] Init SRAM block 0 at Addr 0x1f9 with Data 0x30c38f61
     10205 Mon: Initialize SRAM; Write to SRAM A, Addr: 0x1f9, Data: 0x30c38f61
     10205 SB: Initialized memory A at address 0x1f9
     10215 [DRIVER] Init SRAM block 1 at Addr 0x1f9 with Data 0x86c8320d
     10215 Mon: Initialize SRAM; Write to SRAM B, Addr: 0x1f9, Data: 0x86c8320d
     10215 SB: Initialized memory B at address 0x1f9
     10225 [DRIVER] Init SRAM block 0 at Addr 0x1fa with Data 0x48c3b791
     10225 Mon: Initialize SRAM; Write to SRAM A, Addr: 0x1fa, Data: 0x48c3b791
     10225 SB: Initialized memory A at address 0x1fa
     10235 [DRIVER] Init SRAM block 1 at Addr 0x1fa with Data 0xe9eb0ed3
     10235 Mon: Initialize SRAM; Write to SRAM B, Addr: 0x1fa, Data: 0xe9eb0ed3
     10235 SB: Initialized memory B at address 0x1fa
     10245 [DRIVER] Init SRAM block 0 at Addr 0x1fb with Data 0x4d77f99a
     10245 Mon: Initialize SRAM; Write to SRAM A, Addr: 0x1fb, Data: 0x4d77f99a
     10245 SB: Initialized memory A at address 0x1fb
     10255 [DRIVER] Init SRAM block 1 at Addr 0x1fb with Data 0x17bd872f
     10255 Mon: Initialize SRAM; Write to SRAM B, Addr: 0x1fb, Data: 0x17bd872f
     10255 SB: Initialized memory B at address 0x1fb
     10265 [DRIVER] Init SRAM block 0 at Addr 0x1fc with Data 0x2720634e
     10265 Mon: Initialize SRAM; Write to SRAM A, Addr: 0x1fc, Data: 0x2720634e
     10265 SB: Initialized memory A at address 0x1fc
     10275 [DRIVER] Init SRAM block 1 at Addr 0x1fc with Data 0x5bd583b7
     10275 Mon: Initialize SRAM; Write to SRAM B, Addr: 0x1fc, Data: 0x5bd583b7
     10275 SB: Initialized memory B at address 0x1fc
     10285 [DRIVER] Init SRAM block 0 at Addr 0x1fd with Data 0xe32472c6
     10285 Mon: Initialize SRAM; Write to SRAM A, Addr: 0x1fd, Data: 0xe32472c6
     10285 SB: Initialized memory A at address 0x1fd
     10295 [DRIVER] Init SRAM block 1 at Addr 0x1fd with Data 0x2ed66b5d
     10295 Mon: Initialize SRAM; Write to SRAM B, Addr: 0x1fd, Data: 0x2ed66b5d
     10295 SB: Initialized memory B at address 0x1fd
     10305 [DRIVER] Init SRAM block 0 at Addr 0x1fe with Data 0xce03ec9c
     10305 Mon: Initialize SRAM; Write to SRAM A, Addr: 0x1fe, Data: 0xce03ec9c
     10305 SB: Initialized memory A at address 0x1fe
     10315 [DRIVER] Init SRAM block 1 at Addr 0x1fe with Data 0x17b47f2f
     10315 Mon: Initialize SRAM; Write to SRAM B, Addr: 0x1fe, Data: 0x17b47f2f
     10315 SB: Initialized memory B at address 0x1fe
     10325 [DRIVER] Init SRAM block 0 at Addr 0x1ff with Data 0xa22ac644
     10325 Mon: Initialize SRAM; Write to SRAM A, Addr: 0x1ff, Data: 0xa22ac644
     10325 SB: Initialized memory A at address 0x1ff
     10335 [DRIVER] Init SRAM block 1 at Addr 0x1ff with Data 0xcdbf3a9b
     10335 Mon: Initialize SRAM; Write to SRAM B, Addr: 0x1ff, Data: 0xcdbf3a9b
     10335 SB: Initialized memory B at address 0x1ff
     10345 [DRIVER] Init SRAM block 0 at Addr 0x200 with Data 0xb1200062
     10345 Mon: Initialize SRAM; Write to SRAM A, Addr: 0x200, Data: 0xb1200062
     10345 SB: Initialized memory A at address 0x200
     10355 [DRIVER] Init SRAM block 1 at Addr 0x200 with Data 0x748abbe9
     10355 Mon: Initialize SRAM; Write to SRAM B, Addr: 0x200, Data: 0x748abbe9
     10355 SB: Initialized memory B at address 0x200
     10365 [DRIVER] Init SRAM block 0 at Addr 0x201 with Data 0x1747832e
     10365 Mon: Initialize SRAM; Write to SRAM A, Addr: 0x201, Data: 0x1747832e
     10365 SB: Initialized memory A at address 0x201
     10375 [DRIVER] Init SRAM block 1 at Addr 0x201 with Data 0xc690128d
     10375 Mon: Initialize SRAM; Write to SRAM B, Addr: 0x201, Data: 0xc690128d
     10375 SB: Initialized memory B at address 0x201
     10385 [DRIVER] Init SRAM block 0 at Addr 0x202 with Data 0x632f07c6
     10385 Mon: Initialize SRAM; Write to SRAM A, Addr: 0x202, Data: 0x632f07c6
     10385 SB: Initialized memory A at address 0x202
     10395 [DRIVER] Init SRAM block 1 at Addr 0x202 with Data 0xd51cb4aa
     10395 Mon: Initialize SRAM; Write to SRAM B, Addr: 0x202, Data: 0xd51cb4aa
     10395 SB: Initialized memory B at address 0x202
     10405 [DRIVER] Init SRAM block 0 at Addr 0x203 with Data 0xd01df0a0
     10405 Mon: Initialize SRAM; Write to SRAM A, Addr: 0x203, Data: 0xd01df0a0
     10405 SB: Initialized memory A at address 0x203
     10415 [DRIVER] Init SRAM block 1 at Addr 0x203 with Data 0x1be8cf37
     10415 Mon: Initialize SRAM; Write to SRAM B, Addr: 0x203, Data: 0x1be8cf37
     10415 SB: Initialized memory B at address 0x203
     10425 [DRIVER] Init SRAM block 0 at Addr 0x204 with Data 0xf8602ef0
     10425 Mon: Initialize SRAM; Write to SRAM A, Addr: 0x204, Data: 0xf8602ef0
     10425 SB: Initialized memory A at address 0x204
     10435 [DRIVER] Init SRAM block 1 at Addr 0x204 with Data 0xf46ca8e8
     10435 Mon: Initialize SRAM; Write to SRAM B, Addr: 0x204, Data: 0xf46ca8e8
     10435 SB: Initialized memory B at address 0x204
     10445 [DRIVER] Init SRAM block 0 at Addr 0x205 with Data 0xe6841ccd
     10445 Mon: Initialize SRAM; Write to SRAM A, Addr: 0x205, Data: 0xe6841ccd
     10445 SB: Initialized memory A at address 0x205
     10455 [DRIVER] Init SRAM block 1 at Addr 0x205 with Data 0x68cd09d1
     10455 Mon: Initialize SRAM; Write to SRAM B, Addr: 0x205, Data: 0x68cd09d1
     10455 SB: Initialized memory B at address 0x205
     10465 [DRIVER] Init SRAM block 0 at Addr 0x206 with Data 0x5d8363bb
     10465 Mon: Initialize SRAM; Write to SRAM A, Addr: 0x206, Data: 0x5d8363bb
     10465 SB: Initialized memory A at address 0x206
     10475 [DRIVER] Init SRAM block 1 at Addr 0x206 with Data 0xeff692df
     10475 Mon: Initialize SRAM; Write to SRAM B, Addr: 0x206, Data: 0xeff692df
     10475 SB: Initialized memory B at address 0x206
     10485 [DRIVER] Init SRAM block 0 at Addr 0x207 with Data 0x3e8ed57d
     10485 Mon: Initialize SRAM; Write to SRAM A, Addr: 0x207, Data: 0x3e8ed57d
     10485 SB: Initialized memory A at address 0x207
     10495 [DRIVER] Init SRAM block 1 at Addr 0x207 with Data 0x2c402158
     10495 Mon: Initialize SRAM; Write to SRAM B, Addr: 0x207, Data: 0x2c402158
     10495 SB: Initialized memory B at address 0x207
     10505 [DRIVER] Init SRAM block 0 at Addr 0x208 with Data 0xcff5509f
     10505 Mon: Initialize SRAM; Write to SRAM A, Addr: 0x208, Data: 0xcff5509f
     10505 SB: Initialized memory A at address 0x208
     10515 [DRIVER] Init SRAM block 1 at Addr 0x208 with Data 0x4bac2f97
     10515 Mon: Initialize SRAM; Write to SRAM B, Addr: 0x208, Data: 0x4bac2f97
     10515 SB: Initialized memory B at address 0x208
     10525 [DRIVER] Init SRAM block 0 at Addr 0x209 with Data 0x835da206
     10525 Mon: Initialize SRAM; Write to SRAM A, Addr: 0x209, Data: 0x835da206
     10525 SB: Initialized memory A at address 0x209
     10535 [DRIVER] Init SRAM block 1 at Addr 0x209 with Data 0x94a12e29
     10535 Mon: Initialize SRAM; Write to SRAM B, Addr: 0x209, Data: 0x94a12e29
     10535 SB: Initialized memory B at address 0x209
     10545 [DRIVER] Init SRAM block 0 at Addr 0x20a with Data 0x624b63c4
     10545 Mon: Initialize SRAM; Write to SRAM A, Addr: 0x20a, Data: 0x624b63c4
     10545 SB: Initialized memory A at address 0x20a
     10555 [DRIVER] Init SRAM block 1 at Addr 0x20a with Data 0xebb0f6d7
     10555 Mon: Initialize SRAM; Write to SRAM B, Addr: 0x20a, Data: 0xebb0f6d7
     10555 SB: Initialized memory B at address 0x20a
     10565 [DRIVER] Init SRAM block 0 at Addr 0x20b with Data 0xaea6d45d
     10565 Mon: Initialize SRAM; Write to SRAM A, Addr: 0x20b, Data: 0xaea6d45d
     10565 SB: Initialized memory A at address 0x20b
     10575 [DRIVER] Init SRAM block 1 at Addr 0x20b with Data 0x26c7134d
     10575 Mon: Initialize SRAM; Write to SRAM B, Addr: 0x20b, Data: 0x26c7134d
     10575 SB: Initialized memory B at address 0x20b
     10585 [DRIVER] Init SRAM block 0 at Addr 0x20c with Data 0x39bfc773
     10585 Mon: Initialize SRAM; Write to SRAM A, Addr: 0x20c, Data: 0x39bfc773
     10585 SB: Initialized memory A at address 0x20c
     10595 [DRIVER] Init SRAM block 1 at Addr 0x20c with Data 0xbfd62a7f
     10595 Mon: Initialize SRAM; Write to SRAM B, Addr: 0x20c, Data: 0xbfd62a7f
     10595 SB: Initialized memory B at address 0x20c
     10605 [DRIVER] Init SRAM block 0 at Addr 0x20d with Data 0xa703744e
     10605 Mon: Initialize SRAM; Write to SRAM A, Addr: 0x20d, Data: 0xa703744e
     10605 SB: Initialized memory A at address 0x20d
     10615 [DRIVER] Init SRAM block 1 at Addr 0x20d with Data 0x5cdc65b9
     10615 Mon: Initialize SRAM; Write to SRAM B, Addr: 0x20d, Data: 0x5cdc65b9
     10615 SB: Initialized memory B at address 0x20d
     10625 [DRIVER] Init SRAM block 0 at Addr 0x20e with Data 0xf05d64e0
     10625 Mon: Initialize SRAM; Write to SRAM A, Addr: 0x20e, Data: 0xf05d64e0
     10625 SB: Initialized memory A at address 0x20e
     10635 [DRIVER] Init SRAM block 1 at Addr 0x20e with Data 0x9cd6c239
     10635 Mon: Initialize SRAM; Write to SRAM B, Addr: 0x20e, Data: 0x9cd6c239
     10635 SB: Initialized memory B at address 0x20e
     10645 [DRIVER] Init SRAM block 0 at Addr 0x20f with Data 0x40fb4f81
     10645 Mon: Initialize SRAM; Write to SRAM A, Addr: 0x20f, Data: 0x40fb4f81
     10645 SB: Initialized memory A at address 0x20f
     10655 [DRIVER] Init SRAM block 1 at Addr 0x20f with Data 0x18fb8331
     10655 Mon: Initialize SRAM; Write to SRAM B, Addr: 0x20f, Data: 0x18fb8331
     10655 SB: Initialized memory B at address 0x20f
     10665 [DRIVER] Init SRAM block 0 at Addr 0x210 with Data 0x47ebef8f
     10665 Mon: Initialize SRAM; Write to SRAM A, Addr: 0x210, Data: 0x47ebef8f
     10665 SB: Initialized memory A at address 0x210
     10675 [DRIVER] Init SRAM block 1 at Addr 0x210 with Data 0x7f537dfe
     10675 Mon: Initialize SRAM; Write to SRAM B, Addr: 0x210, Data: 0x7f537dfe
     10675 SB: Initialized memory B at address 0x210
     10685 [DRIVER] Init SRAM block 0 at Addr 0x211 with Data 0xaed0f05d
     10685 Mon: Initialize SRAM; Write to SRAM A, Addr: 0x211, Data: 0xaed0f05d
     10685 SB: Initialized memory A at address 0x211
     10695 [DRIVER] Init SRAM block 1 at Addr 0x211 with Data 0x878a880f
     10695 Mon: Initialize SRAM; Write to SRAM B, Addr: 0x211, Data: 0x878a880f
     10695 SB: Initialized memory B at address 0x211
     10705 [DRIVER] Init SRAM block 0 at Addr 0x212 with Data 0x199bcb33
     10705 Mon: Initialize SRAM; Write to SRAM A, Addr: 0x212, Data: 0x199bcb33
     10705 SB: Initialized memory A at address 0x212
     10715 [DRIVER] Init SRAM block 1 at Addr 0x212 with Data 0x348ed569
     10715 Mon: Initialize SRAM; Write to SRAM B, Addr: 0x212, Data: 0x348ed569
     10715 SB: Initialized memory B at address 0x212
     10725 [DRIVER] Init SRAM block 0 at Addr 0x213 with Data 0x2b0da556
     10725 Mon: Initialize SRAM; Write to SRAM A, Addr: 0x213, Data: 0x2b0da556
     10725 SB: Initialized memory A at address 0x213
     10735 [DRIVER] Init SRAM block 1 at Addr 0x213 with Data 0xcd57529a
     10735 Mon: Initialize SRAM; Write to SRAM B, Addr: 0x213, Data: 0xcd57529a
     10735 SB: Initialized memory B at address 0x213
     10745 [DRIVER] Init SRAM block 0 at Addr 0x214 with Data 0x2e72295c
     10745 Mon: Initialize SRAM; Write to SRAM A, Addr: 0x214, Data: 0x2e72295c
     10745 SB: Initialized memory A at address 0x214
     10755 [DRIVER] Init SRAM block 1 at Addr 0x214 with Data 0x24e90749
     10755 Mon: Initialize SRAM; Write to SRAM B, Addr: 0x214, Data: 0x24e90749
     10755 SB: Initialized memory B at address 0x214
     10765 [DRIVER] Init SRAM block 0 at Addr 0x215 with Data 0x69cd77d3
     10765 Mon: Initialize SRAM; Write to SRAM A, Addr: 0x215, Data: 0x69cd77d3
     10765 SB: Initialized memory A at address 0x215
     10775 [DRIVER] Init SRAM block 1 at Addr 0x215 with Data 0x9d737a3a
     10775 Mon: Initialize SRAM; Write to SRAM B, Addr: 0x215, Data: 0x9d737a3a
     10775 SB: Initialized memory B at address 0x215
     10785 [DRIVER] Init SRAM block 0 at Addr 0x216 with Data 0x6c74f5d8
     10785 Mon: Initialize SRAM; Write to SRAM A, Addr: 0x216, Data: 0x6c74f5d8
     10785 SB: Initialized memory A at address 0x216
     10795 [DRIVER] Init SRAM block 1 at Addr 0x216 with Data 0xbc1c0e78
     10795 Mon: Initialize SRAM; Write to SRAM B, Addr: 0x216, Data: 0xbc1c0e78
     10795 SB: Initialized memory B at address 0x216
     10805 [DRIVER] Init SRAM block 0 at Addr 0x217 with Data 0x1ccb3539
     10805 Mon: Initialize SRAM; Write to SRAM A, Addr: 0x217, Data: 0x1ccb3539
     10805 SB: Initialized memory A at address 0x217
     10815 [DRIVER] Init SRAM block 1 at Addr 0x217 with Data 0x92d06025
     10815 Mon: Initialize SRAM; Write to SRAM B, Addr: 0x217, Data: 0x92d06025
     10815 SB: Initialized memory B at address 0x217
     10825 [DRIVER] Init SRAM block 0 at Addr 0x218 with Data 0x8496d609
     10825 Mon: Initialize SRAM; Write to SRAM A, Addr: 0x218, Data: 0x8496d609
     10825 SB: Initialized memory A at address 0x218
     10835 [DRIVER] Init SRAM block 1 at Addr 0x218 with Data 0xab37a856
     10835 Mon: Initialize SRAM; Write to SRAM B, Addr: 0x218, Data: 0xab37a856
     10835 SB: Initialized memory B at address 0x218
     10845 [DRIVER] Init SRAM block 0 at Addr 0x219 with Data 0x962c682c
     10845 Mon: Initialize SRAM; Write to SRAM A, Addr: 0x219, Data: 0x962c682c
     10845 SB: Initialized memory A at address 0x219
     10855 [DRIVER] Init SRAM block 1 at Addr 0x219 with Data 0xe99b1cd3
     10855 Mon: Initialize SRAM; Write to SRAM B, Addr: 0x219, Data: 0xe99b1cd3
     10855 SB: Initialized memory B at address 0x219
     10865 [DRIVER] Init SRAM block 0 at Addr 0x21a with Data 0x0d633f1a
     10865 Mon: Initialize SRAM; Write to SRAM A, Addr: 0x21a, Data: 0xd633f1a
     10865 SB: Initialized memory A at address 0x21a
     10875 [DRIVER] Init SRAM block 1 at Addr 0x21a with Data 0x005d5100
     10875 Mon: Initialize SRAM; Write to SRAM B, Addr: 0x21a, Data: 0x5d5100
     10875 SB: Initialized memory B at address 0x21a
     10885 [DRIVER] Init SRAM block 0 at Addr 0x21b with Data 0x560d5fac
     10885 Mon: Initialize SRAM; Write to SRAM A, Addr: 0x21b, Data: 0x560d5fac
     10885 SB: Initialized memory A at address 0x21b
     10895 [DRIVER] Init SRAM block 1 at Addr 0x21b with Data 0xf4588ee8
     10895 Mon: Initialize SRAM; Write to SRAM B, Addr: 0x21b, Data: 0xf4588ee8
     10895 SB: Initialized memory B at address 0x21b
     10905 [DRIVER] Init SRAM block 0 at Addr 0x21c with Data 0xb66a586c
     10905 Mon: Initialize SRAM; Write to SRAM A, Addr: 0x21c, Data: 0xb66a586c
     10905 SB: Initialized memory A at address 0x21c
     10915 [DRIVER] Init SRAM block 1 at Addr 0x21c with Data 0xd03c40a0
     10915 Mon: Initialize SRAM; Write to SRAM B, Addr: 0x21c, Data: 0xd03c40a0
     10915 SB: Initialized memory B at address 0x21c
     10925 [DRIVER] Init SRAM block 0 at Addr 0x21d with Data 0x0ecd251d
     10925 Mon: Initialize SRAM; Write to SRAM A, Addr: 0x21d, Data: 0xecd251d
     10925 SB: Initialized memory A at address 0x21d
     10935 [DRIVER] Init SRAM block 1 at Addr 0x21d with Data 0x68c14fd1
     10935 Mon: Initialize SRAM; Write to SRAM B, Addr: 0x21d, Data: 0x68c14fd1
     10935 SB: Initialized memory B at address 0x21d
     10945 [DRIVER] Init SRAM block 0 at Addr 0x21e with Data 0x006d0f00
     10945 Mon: Initialize SRAM; Write to SRAM A, Addr: 0x21e, Data: 0x6d0f00
     10945 SB: Initialized memory A at address 0x21e
     10955 [DRIVER] Init SRAM block 1 at Addr 0x21e with Data 0xed4d78da
     10955 Mon: Initialize SRAM; Write to SRAM B, Addr: 0x21e, Data: 0xed4d78da
     10955 SB: Initialized memory B at address 0x21e
     10965 [DRIVER] Init SRAM block 0 at Addr 0x21f with Data 0x6c1987d8
     10965 Mon: Initialize SRAM; Write to SRAM A, Addr: 0x21f, Data: 0x6c1987d8
     10965 SB: Initialized memory A at address 0x21f
     10975 [DRIVER] Init SRAM block 1 at Addr 0x21f with Data 0x605dbbc0
     10975 Mon: Initialize SRAM; Write to SRAM B, Addr: 0x21f, Data: 0x605dbbc0
     10975 SB: Initialized memory B at address 0x21f
     10985 [DRIVER] Init SRAM block 0 at Addr 0x220 with Data 0xa6490c4c
     10985 Mon: Initialize SRAM; Write to SRAM A, Addr: 0x220, Data: 0xa6490c4c
     10985 SB: Initialized memory A at address 0x220
     10995 [DRIVER] Init SRAM block 1 at Addr 0x220 with Data 0xe8cfb0d1
     10995 Mon: Initialize SRAM; Write to SRAM B, Addr: 0x220, Data: 0xe8cfb0d1
     10995 SB: Initialized memory B at address 0x220
     11005 [DRIVER] Init SRAM block 0 at Addr 0x221 with Data 0xa8bb0c51
     11005 Mon: Initialize SRAM; Write to SRAM A, Addr: 0x221, Data: 0xa8bb0c51
     11005 SB: Initialized memory A at address 0x221
     11015 [DRIVER] Init SRAM block 1 at Addr 0x221 with Data 0xa8e1ee51
     11015 Mon: Initialize SRAM; Write to SRAM B, Addr: 0x221, Data: 0xa8e1ee51
     11015 SB: Initialized memory B at address 0x221
     11025 [DRIVER] Init SRAM block 0 at Addr 0x222 with Data 0xa2a4be45
     11025 Mon: Initialize SRAM; Write to SRAM A, Addr: 0x222, Data: 0xa2a4be45
     11025 SB: Initialized memory A at address 0x222
     11035 [DRIVER] Init SRAM block 1 at Addr 0x222 with Data 0x598367b3
     11035 Mon: Initialize SRAM; Write to SRAM B, Addr: 0x222, Data: 0x598367b3
     11035 SB: Initialized memory B at address 0x222
     11045 [DRIVER] Init SRAM block 0 at Addr 0x223 with Data 0xbf21067e
     11045 Mon: Initialize SRAM; Write to SRAM A, Addr: 0x223, Data: 0xbf21067e
     11045 SB: Initialized memory A at address 0x223
     11055 [DRIVER] Init SRAM block 1 at Addr 0x223 with Data 0xc049c680
     11055 Mon: Initialize SRAM; Write to SRAM B, Addr: 0x223, Data: 0xc049c680
     11055 SB: Initialized memory B at address 0x223
     11065 [DRIVER] Init SRAM block 0 at Addr 0x224 with Data 0x7e5b53fc
     11065 Mon: Initialize SRAM; Write to SRAM A, Addr: 0x224, Data: 0x7e5b53fc
     11065 SB: Initialized memory A at address 0x224
     11075 [DRIVER] Init SRAM block 1 at Addr 0x224 with Data 0x2426d748
     11075 Mon: Initialize SRAM; Write to SRAM B, Addr: 0x224, Data: 0x2426d748
     11075 SB: Initialized memory B at address 0x224
     11085 [DRIVER] Init SRAM block 0 at Addr 0x225 with Data 0xc0ad8081
     11085 Mon: Initialize SRAM; Write to SRAM A, Addr: 0x225, Data: 0xc0ad8081
     11085 SB: Initialized memory A at address 0x225
     11095 [DRIVER] Init SRAM block 1 at Addr 0x225 with Data 0x98b4dc31
     11095 Mon: Initialize SRAM; Write to SRAM B, Addr: 0x225, Data: 0x98b4dc31
     11095 SB: Initialized memory B at address 0x225
     11105 [DRIVER] Init SRAM block 0 at Addr 0x226 with Data 0x53a8b5a7
     11105 Mon: Initialize SRAM; Write to SRAM A, Addr: 0x226, Data: 0x53a8b5a7
     11105 SB: Initialized memory A at address 0x226
     11115 [DRIVER] Init SRAM block 1 at Addr 0x226 with Data 0x41b1fd83
     11115 Mon: Initialize SRAM; Write to SRAM B, Addr: 0x226, Data: 0x41b1fd83
     11115 SB: Initialized memory B at address 0x226
     11125 [DRIVER] Init SRAM block 0 at Addr 0x227 with Data 0x9fc1423f
     11125 Mon: Initialize SRAM; Write to SRAM A, Addr: 0x227, Data: 0x9fc1423f
     11125 SB: Initialized memory A at address 0x227
     11135 [DRIVER] Init SRAM block 1 at Addr 0x227 with Data 0x00029100
     11135 Mon: Initialize SRAM; Write to SRAM B, Addr: 0x227, Data: 0x29100
     11135 SB: Initialized memory B at address 0x227
     11145 [DRIVER] Init SRAM block 0 at Addr 0x228 with Data 0xb2158c64
     11145 Mon: Initialize SRAM; Write to SRAM A, Addr: 0x228, Data: 0xb2158c64
     11145 SB: Initialized memory A at address 0x228
     11155 [DRIVER] Init SRAM block 1 at Addr 0x228 with Data 0x3f52937e
     11155 Mon: Initialize SRAM; Write to SRAM B, Addr: 0x228, Data: 0x3f52937e
     11155 SB: Initialized memory B at address 0x228
     11165 [DRIVER] Init SRAM block 0 at Addr 0x229 with Data 0x7887dff1
     11165 Mon: Initialize SRAM; Write to SRAM A, Addr: 0x229, Data: 0x7887dff1
     11165 SB: Initialized memory A at address 0x229
     11175 [DRIVER] Init SRAM block 1 at Addr 0x229 with Data 0x472dfb8e
     11175 Mon: Initialize SRAM; Write to SRAM B, Addr: 0x229, Data: 0x472dfb8e
     11175 SB: Initialized memory B at address 0x229
     11185 [DRIVER] Init SRAM block 0 at Addr 0x22a with Data 0x4f234d9e
     11185 Mon: Initialize SRAM; Write to SRAM A, Addr: 0x22a, Data: 0x4f234d9e
     11185 SB: Initialized memory A at address 0x22a
     11195 [DRIVER] Init SRAM block 1 at Addr 0x22a with Data 0x742819e8
     11195 Mon: Initialize SRAM; Write to SRAM B, Addr: 0x22a, Data: 0x742819e8
     11195 SB: Initialized memory B at address 0x22a
     11205 [DRIVER] Init SRAM block 0 at Addr 0x22b with Data 0x24839b49
     11205 Mon: Initialize SRAM; Write to SRAM A, Addr: 0x22b, Data: 0x24839b49
     11205 SB: Initialized memory A at address 0x22b
     11215 [DRIVER] Init SRAM block 1 at Addr 0x22b with Data 0x8569fa0a
     11215 Mon: Initialize SRAM; Write to SRAM B, Addr: 0x22b, Data: 0x8569fa0a
     11215 SB: Initialized memory B at address 0x22b
     11225 [DRIVER] Init SRAM block 0 at Addr 0x22c with Data 0x2fb81b5f
     11225 Mon: Initialize SRAM; Write to SRAM A, Addr: 0x22c, Data: 0x2fb81b5f
     11225 SB: Initialized memory A at address 0x22c
     11235 [DRIVER] Init SRAM block 1 at Addr 0x22c with Data 0xa8bfc851
     11235 Mon: Initialize SRAM; Write to SRAM B, Addr: 0x22c, Data: 0xa8bfc851
     11235 SB: Initialized memory B at address 0x22c
     11245 [DRIVER] Init SRAM block 0 at Addr 0x22d with Data 0xa4d98649
     11245 Mon: Initialize SRAM; Write to SRAM A, Addr: 0x22d, Data: 0xa4d98649
     11245 SB: Initialized memory A at address 0x22d
     11255 [DRIVER] Init SRAM block 1 at Addr 0x22d with Data 0x92fd2825
     11255 Mon: Initialize SRAM; Write to SRAM B, Addr: 0x22d, Data: 0x92fd2825
     11255 SB: Initialized memory B at address 0x22d
     11265 [DRIVER] Init SRAM block 0 at Addr 0x22e with Data 0xb64ae66c
     11265 Mon: Initialize SRAM; Write to SRAM A, Addr: 0x22e, Data: 0xb64ae66c
     11265 SB: Initialized memory A at address 0x22e
     11275 [DRIVER] Init SRAM block 1 at Addr 0x22e with Data 0xac509c58
     11275 Mon: Initialize SRAM; Write to SRAM B, Addr: 0x22e, Data: 0xac509c58
     11275 SB: Initialized memory B at address 0x22e
     11285 [DRIVER] Init SRAM block 0 at Addr 0x22f with Data 0xaf5d6c5e
     11285 Mon: Initialize SRAM; Write to SRAM A, Addr: 0x22f, Data: 0xaf5d6c5e
     11285 SB: Initialized memory A at address 0x22f
     11295 [DRIVER] Init SRAM block 1 at Addr 0x22f with Data 0x97dde22f
     11295 Mon: Initialize SRAM; Write to SRAM B, Addr: 0x22f, Data: 0x97dde22f
     11295 SB: Initialized memory B at address 0x22f
     11305 [DRIVER] Init SRAM block 0 at Addr 0x230 with Data 0xc1cf5a83
     11305 Mon: Initialize SRAM; Write to SRAM A, Addr: 0x230, Data: 0xc1cf5a83
     11305 SB: Initialized memory A at address 0x230
     11315 [DRIVER] Init SRAM block 1 at Addr 0x230 with Data 0x13b75327
     11315 Mon: Initialize SRAM; Write to SRAM B, Addr: 0x230, Data: 0x13b75327
     11315 SB: Initialized memory B at address 0x230
     11325 [DRIVER] Init SRAM block 0 at Addr 0x231 with Data 0x6a5ddbd4
     11325 Mon: Initialize SRAM; Write to SRAM A, Addr: 0x231, Data: 0x6a5ddbd4
     11325 SB: Initialized memory A at address 0x231
     11335 [DRIVER] Init SRAM block 1 at Addr 0x231 with Data 0xca0e4494
     11335 Mon: Initialize SRAM; Write to SRAM B, Addr: 0x231, Data: 0xca0e4494
     11335 SB: Initialized memory B at address 0x231
     11345 [DRIVER] Init SRAM block 0 at Addr 0x232 with Data 0xc961e492
     11345 Mon: Initialize SRAM; Write to SRAM A, Addr: 0x232, Data: 0xc961e492
     11345 SB: Initialized memory A at address 0x232
     11355 [DRIVER] Init SRAM block 1 at Addr 0x232 with Data 0x1e32673c
     11355 Mon: Initialize SRAM; Write to SRAM B, Addr: 0x232, Data: 0x1e32673c
     11355 SB: Initialized memory B at address 0x232
     11365 [DRIVER] Init SRAM block 0 at Addr 0x233 with Data 0x23301b46
     11365 Mon: Initialize SRAM; Write to SRAM A, Addr: 0x233, Data: 0x23301b46
     11365 SB: Initialized memory A at address 0x233
     11375 [DRIVER] Init SRAM block 1 at Addr 0x233 with Data 0xb7b82a6f
     11375 Mon: Initialize SRAM; Write to SRAM B, Addr: 0x233, Data: 0xb7b82a6f
     11375 SB: Initialized memory B at address 0x233
     11385 [DRIVER] Init SRAM block 0 at Addr 0x234 with Data 0xa0b3ae41
     11385 Mon: Initialize SRAM; Write to SRAM A, Addr: 0x234, Data: 0xa0b3ae41
     11385 SB: Initialized memory A at address 0x234
     11395 [DRIVER] Init SRAM block 1 at Addr 0x234 with Data 0x7bde15f7
     11395 Mon: Initialize SRAM; Write to SRAM B, Addr: 0x234, Data: 0x7bde15f7
     11395 SB: Initialized memory B at address 0x234
     11405 [DRIVER] Init SRAM block 0 at Addr 0x235 with Data 0x8b7c3816
     11405 Mon: Initialize SRAM; Write to SRAM A, Addr: 0x235, Data: 0x8b7c3816
     11405 SB: Initialized memory A at address 0x235
     11415 [DRIVER] Init SRAM block 1 at Addr 0x235 with Data 0x39092f72
     11415 Mon: Initialize SRAM; Write to SRAM B, Addr: 0x235, Data: 0x39092f72
     11415 SB: Initialized memory B at address 0x235
     11425 [DRIVER] Init SRAM block 0 at Addr 0x236 with Data 0x5136a5a2
     11425 Mon: Initialize SRAM; Write to SRAM A, Addr: 0x236, Data: 0x5136a5a2
     11425 SB: Initialized memory A at address 0x236
     11435 [DRIVER] Init SRAM block 1 at Addr 0x236 with Data 0x71f059e3
     11435 Mon: Initialize SRAM; Write to SRAM B, Addr: 0x236, Data: 0x71f059e3
     11435 SB: Initialized memory B at address 0x236
     11445 [DRIVER] Init SRAM block 0 at Addr 0x237 with Data 0xc9490292
     11445 Mon: Initialize SRAM; Write to SRAM A, Addr: 0x237, Data: 0xc9490292
     11445 SB: Initialized memory A at address 0x237
     11455 [DRIVER] Init SRAM block 1 at Addr 0x237 with Data 0xe5ceb0cb
     11455 Mon: Initialize SRAM; Write to SRAM B, Addr: 0x237, Data: 0xe5ceb0cb
     11455 SB: Initialized memory B at address 0x237
     11465 [DRIVER] Init SRAM block 0 at Addr 0x238 with Data 0x34097568
     11465 Mon: Initialize SRAM; Write to SRAM A, Addr: 0x238, Data: 0x34097568
     11465 SB: Initialized memory A at address 0x238
     11475 [DRIVER] Init SRAM block 1 at Addr 0x238 with Data 0x98b4ee31
     11475 Mon: Initialize SRAM; Write to SRAM B, Addr: 0x238, Data: 0x98b4ee31
     11475 SB: Initialized memory B at address 0x238
     11485 [DRIVER] Init SRAM block 0 at Addr 0x239 with Data 0x65c803cb
     11485 Mon: Initialize SRAM; Write to SRAM A, Addr: 0x239, Data: 0x65c803cb
     11485 SB: Initialized memory A at address 0x239
     11495 [DRIVER] Init SRAM block 1 at Addr 0x239 with Data 0xaad1c855
     11495 Mon: Initialize SRAM; Write to SRAM B, Addr: 0x239, Data: 0xaad1c855
     11495 SB: Initialized memory B at address 0x239
     11505 [DRIVER] Init SRAM block 0 at Addr 0x23a with Data 0x38a38971
     11505 Mon: Initialize SRAM; Write to SRAM A, Addr: 0x23a, Data: 0x38a38971
     11505 SB: Initialized memory A at address 0x23a
     11515 [DRIVER] Init SRAM block 1 at Addr 0x23a with Data 0x2f49535e
     11515 Mon: Initialize SRAM; Write to SRAM B, Addr: 0x23a, Data: 0x2f49535e
     11515 SB: Initialized memory B at address 0x23a
     11525 [DRIVER] Init SRAM block 0 at Addr 0x23b with Data 0xe6e186cd
     11525 Mon: Initialize SRAM; Write to SRAM A, Addr: 0x23b, Data: 0xe6e186cd
     11525 SB: Initialized memory A at address 0x23b
     11535 [DRIVER] Init SRAM block 1 at Addr 0x23b with Data 0xdaf356b5
     11535 Mon: Initialize SRAM; Write to SRAM B, Addr: 0x23b, Data: 0xdaf356b5
     11535 SB: Initialized memory B at address 0x23b
     11545 [DRIVER] Init SRAM block 0 at Addr 0x23c with Data 0x04410d08
     11545 Mon: Initialize SRAM; Write to SRAM A, Addr: 0x23c, Data: 0x4410d08
     11545 SB: Initialized memory A at address 0x23c
     11555 [DRIVER] Init SRAM block 1 at Addr 0x23c with Data 0xc118be82
     11555 Mon: Initialize SRAM; Write to SRAM B, Addr: 0x23c, Data: 0xc118be82
     11555 SB: Initialized memory B at address 0x23c
     11565 [DRIVER] Init SRAM block 0 at Addr 0x23d with Data 0x9f80983f
     11565 Mon: Initialize SRAM; Write to SRAM A, Addr: 0x23d, Data: 0x9f80983f
     11565 SB: Initialized memory A at address 0x23d
     11575 [DRIVER] Init SRAM block 1 at Addr 0x23d with Data 0xd807f2b0
     11575 Mon: Initialize SRAM; Write to SRAM B, Addr: 0x23d, Data: 0xd807f2b0
     11575 SB: Initialized memory B at address 0x23d
     11585 [DRIVER] Init SRAM block 0 at Addr 0x23e with Data 0x560eefac
     11585 Mon: Initialize SRAM; Write to SRAM A, Addr: 0x23e, Data: 0x560eefac
     11585 SB: Initialized memory A at address 0x23e
     11595 [DRIVER] Init SRAM block 1 at Addr 0x23e with Data 0x99183032
     11595 Mon: Initialize SRAM; Write to SRAM B, Addr: 0x23e, Data: 0x99183032
     11595 SB: Initialized memory B at address 0x23e
     11605 [DRIVER] Init SRAM block 0 at Addr 0x23f with Data 0x029f0505
     11605 Mon: Initialize SRAM; Write to SRAM A, Addr: 0x23f, Data: 0x29f0505
     11605 SB: Initialized memory A at address 0x23f
     11615 [DRIVER] Init SRAM block 1 at Addr 0x23f with Data 0x2f73fb5e
     11615 Mon: Initialize SRAM; Write to SRAM B, Addr: 0x23f, Data: 0x2f73fb5e
     11615 SB: Initialized memory B at address 0x23f
     11625 [DRIVER] Init SRAM block 0 at Addr 0x240 with Data 0xdc16d8b8
     11625 Mon: Initialize SRAM; Write to SRAM A, Addr: 0x240, Data: 0xdc16d8b8
     11625 SB: Initialized memory A at address 0x240
     11635 [DRIVER] Init SRAM block 1 at Addr 0x240 with Data 0x3ec2677d
     11635 Mon: Initialize SRAM; Write to SRAM B, Addr: 0x240, Data: 0x3ec2677d
     11635 SB: Initialized memory B at address 0x240
     11645 [DRIVER] Init SRAM block 0 at Addr 0x241 with Data 0x8511580a
     11645 Mon: Initialize SRAM; Write to SRAM A, Addr: 0x241, Data: 0x8511580a
     11645 SB: Initialized memory A at address 0x241
     11655 [DRIVER] Init SRAM block 1 at Addr 0x241 with Data 0xc6878a8d
     11655 Mon: Initialize SRAM; Write to SRAM B, Addr: 0x241, Data: 0xc6878a8d
     11655 SB: Initialized memory B at address 0x241
     11665 [DRIVER] Init SRAM block 0 at Addr 0x242 with Data 0x64eb39c9
     11665 Mon: Initialize SRAM; Write to SRAM A, Addr: 0x242, Data: 0x64eb39c9
     11665 SB: Initialized memory A at address 0x242
     11675 [DRIVER] Init SRAM block 1 at Addr 0x242 with Data 0xf8d3d8f1
     11675 Mon: Initialize SRAM; Write to SRAM B, Addr: 0x242, Data: 0xf8d3d8f1
     11675 SB: Initialized memory B at address 0x242
     11685 [DRIVER] Init SRAM block 0 at Addr 0x243 with Data 0xda12deb4
     11685 Mon: Initialize SRAM; Write to SRAM A, Addr: 0x243, Data: 0xda12deb4
     11685 SB: Initialized memory A at address 0x243
     11695 [DRIVER] Init SRAM block 1 at Addr 0x243 with Data 0x729a7fe5
     11695 Mon: Initialize SRAM; Write to SRAM B, Addr: 0x243, Data: 0x729a7fe5
     11695 SB: Initialized memory B at address 0x243
     11705 [DRIVER] Init SRAM block 0 at Addr 0x244 with Data 0x1a133934
     11705 Mon: Initialize SRAM; Write to SRAM A, Addr: 0x244, Data: 0x1a133934
     11705 SB: Initialized memory A at address 0x244
     11715 [DRIVER] Init SRAM block 1 at Addr 0x244 with Data 0x11c6c523
     11715 Mon: Initialize SRAM; Write to SRAM B, Addr: 0x244, Data: 0x11c6c523
     11715 SB: Initialized memory B at address 0x244
     11725 [DRIVER] Init SRAM block 0 at Addr 0x245 with Data 0x1691a32d
     11725 Mon: Initialize SRAM; Write to SRAM A, Addr: 0x245, Data: 0x1691a32d
     11725 SB: Initialized memory A at address 0x245
     11735 [DRIVER] Init SRAM block 1 at Addr 0x245 with Data 0x18e87131
     11735 Mon: Initialize SRAM; Write to SRAM B, Addr: 0x245, Data: 0x18e87131
     11735 SB: Initialized memory B at address 0x245
     11745 [DRIVER] Init SRAM block 0 at Addr 0x246 with Data 0x2f36c55e
     11745 Mon: Initialize SRAM; Write to SRAM A, Addr: 0x246, Data: 0x2f36c55e
     11745 SB: Initialized memory A at address 0x246
     11755 [DRIVER] Init SRAM block 1 at Addr 0x246 with Data 0x5a0f27b4
     11755 Mon: Initialize SRAM; Write to SRAM B, Addr: 0x246, Data: 0x5a0f27b4
     11755 SB: Initialized memory B at address 0x246
     11765 [DRIVER] Init SRAM block 0 at Addr 0x247 with Data 0x073a730e
     11765 Mon: Initialize SRAM; Write to SRAM A, Addr: 0x247, Data: 0x73a730e
     11765 SB: Initialized memory A at address 0x247
     11775 [DRIVER] Init SRAM block 1 at Addr 0x247 with Data 0x322cc164
     11775 Mon: Initialize SRAM; Write to SRAM B, Addr: 0x247, Data: 0x322cc164
     11775 SB: Initialized memory B at address 0x247
     11785 [DRIVER] Init SRAM block 0 at Addr 0x248 with Data 0x320a8b64
     11785 Mon: Initialize SRAM; Write to SRAM A, Addr: 0x248, Data: 0x320a8b64
     11785 SB: Initialized memory A at address 0x248
     11795 [DRIVER] Init SRAM block 1 at Addr 0x248 with Data 0x2416b948
     11795 Mon: Initialize SRAM; Write to SRAM B, Addr: 0x248, Data: 0x2416b948
     11795 SB: Initialized memory B at address 0x248
     11805 [DRIVER] Init SRAM block 0 at Addr 0x249 with Data 0xc544d88a
     11805 Mon: Initialize SRAM; Write to SRAM A, Addr: 0x249, Data: 0xc544d88a
     11805 SB: Initialized memory A at address 0x249
     11815 [DRIVER] Init SRAM block 1 at Addr 0x249 with Data 0x4dfe879b
     11815 Mon: Initialize SRAM; Write to SRAM B, Addr: 0x249, Data: 0x4dfe879b
     11815 SB: Initialized memory B at address 0x249
     11825 [DRIVER] Init SRAM block 0 at Addr 0x24a with Data 0xe6fbf4cd
     11825 Mon: Initialize SRAM; Write to SRAM A, Addr: 0x24a, Data: 0xe6fbf4cd
     11825 SB: Initialized memory A at address 0x24a
     11835 [DRIVER] Init SRAM block 1 at Addr 0x24a with Data 0xb5f8fa6b
     11835 Mon: Initialize SRAM; Write to SRAM B, Addr: 0x24a, Data: 0xb5f8fa6b
     11835 SB: Initialized memory B at address 0x24a
     11845 [DRIVER] Init SRAM block 0 at Addr 0x24b with Data 0x55ff23ab
     11845 Mon: Initialize SRAM; Write to SRAM A, Addr: 0x24b, Data: 0x55ff23ab
     11845 SB: Initialized memory A at address 0x24b
     11855 [DRIVER] Init SRAM block 1 at Addr 0x24b with Data 0xf1eca2e3
     11855 Mon: Initialize SRAM; Write to SRAM B, Addr: 0x24b, Data: 0xf1eca2e3
     11855 SB: Initialized memory B at address 0x24b
     11865 [DRIVER] Init SRAM block 0 at Addr 0x24c with Data 0x5e9d2fbd
     11865 Mon: Initialize SRAM; Write to SRAM A, Addr: 0x24c, Data: 0x5e9d2fbd
     11865 SB: Initialized memory A at address 0x24c
     11875 [DRIVER] Init SRAM block 1 at Addr 0x24c with Data 0xecff24d9
     11875 Mon: Initialize SRAM; Write to SRAM B, Addr: 0x24c, Data: 0xecff24d9
     11875 SB: Initialized memory B at address 0x24c
     11885 [DRIVER] Init SRAM block 0 at Addr 0x24d with Data 0xe11a58c2
     11885 Mon: Initialize SRAM; Write to SRAM A, Addr: 0x24d, Data: 0xe11a58c2
     11885 SB: Initialized memory A at address 0x24d
     11895 [DRIVER] Init SRAM block 1 at Addr 0x24d with Data 0xf059ace0
     11895 Mon: Initialize SRAM; Write to SRAM B, Addr: 0x24d, Data: 0xf059ace0
     11895 SB: Initialized memory B at address 0x24d
     11905 [DRIVER] Init SRAM block 0 at Addr 0x24e with Data 0xafd1265f
     11905 Mon: Initialize SRAM; Write to SRAM A, Addr: 0x24e, Data: 0xafd1265f
     11905 SB: Initialized memory A at address 0x24e
     11915 [DRIVER] Init SRAM block 1 at Addr 0x24e with Data 0x8edc361d
     11915 Mon: Initialize SRAM; Write to SRAM B, Addr: 0x24e, Data: 0x8edc361d
     11915 SB: Initialized memory B at address 0x24e
     11925 [DRIVER] Init SRAM block 0 at Addr 0x24f with Data 0xc9b64c93
     11925 Mon: Initialize SRAM; Write to SRAM A, Addr: 0x24f, Data: 0xc9b64c93
     11925 SB: Initialized memory A at address 0x24f
     11935 [DRIVER] Init SRAM block 1 at Addr 0x24f with Data 0x13180326
     11935 Mon: Initialize SRAM; Write to SRAM B, Addr: 0x24f, Data: 0x13180326
     11935 SB: Initialized memory B at address 0x24f
     11945 [DRIVER] Init SRAM block 0 at Addr 0x250 with Data 0x82b78605
     11945 Mon: Initialize SRAM; Write to SRAM A, Addr: 0x250, Data: 0x82b78605
     11945 SB: Initialized memory A at address 0x250
     11955 [DRIVER] Init SRAM block 1 at Addr 0x250 with Data 0x84a8e809
     11955 Mon: Initialize SRAM; Write to SRAM B, Addr: 0x250, Data: 0x84a8e809
     11955 SB: Initialized memory B at address 0x250
     11965 [DRIVER] Init SRAM block 0 at Addr 0x251 with Data 0xb62d846c
     11965 Mon: Initialize SRAM; Write to SRAM A, Addr: 0x251, Data: 0xb62d846c
     11965 SB: Initialized memory A at address 0x251
     11975 [DRIVER] Init SRAM block 1 at Addr 0x251 with Data 0xb5c5c06b
     11975 Mon: Initialize SRAM; Write to SRAM B, Addr: 0x251, Data: 0xb5c5c06b
     11975 SB: Initialized memory B at address 0x251
     11985 [DRIVER] Init SRAM block 0 at Addr 0x252 with Data 0x5858bdb0
     11985 Mon: Initialize SRAM; Write to SRAM A, Addr: 0x252, Data: 0x5858bdb0
     11985 SB: Initialized memory A at address 0x252
     11995 [DRIVER] Init SRAM block 1 at Addr 0x252 with Data 0xfb9fb8f7
     11995 Mon: Initialize SRAM; Write to SRAM B, Addr: 0x252, Data: 0xfb9fb8f7
     11995 SB: Initialized memory B at address 0x252
     12005 [DRIVER] Init SRAM block 0 at Addr 0x253 with Data 0x52a151a5
     12005 Mon: Initialize SRAM; Write to SRAM A, Addr: 0x253, Data: 0x52a151a5
     12005 SB: Initialized memory A at address 0x253
     12015 [DRIVER] Init SRAM block 1 at Addr 0x253 with Data 0xabe8c057
     12015 Mon: Initialize SRAM; Write to SRAM B, Addr: 0x253, Data: 0xabe8c057
     12015 SB: Initialized memory B at address 0x253
     12025 [DRIVER] Init SRAM block 0 at Addr 0x254 with Data 0x3b11f376
     12025 Mon: Initialize SRAM; Write to SRAM A, Addr: 0x254, Data: 0x3b11f376
     12025 SB: Initialized memory A at address 0x254
     12035 [DRIVER] Init SRAM block 1 at Addr 0x254 with Data 0x2798e34f
     12035 Mon: Initialize SRAM; Write to SRAM B, Addr: 0x254, Data: 0x2798e34f
     12035 SB: Initialized memory B at address 0x254
     12045 [DRIVER] Init SRAM block 0 at Addr 0x255 with Data 0x5a45bdb4
     12045 Mon: Initialize SRAM; Write to SRAM A, Addr: 0x255, Data: 0x5a45bdb4
     12045 SB: Initialized memory A at address 0x255
     12055 [DRIVER] Init SRAM block 1 at Addr 0x255 with Data 0x8ecaa21d
     12055 Mon: Initialize SRAM; Write to SRAM B, Addr: 0x255, Data: 0x8ecaa21d
     12055 SB: Initialized memory B at address 0x255
     12065 [DRIVER] Init SRAM block 0 at Addr 0x256 with Data 0x43c11587
     12065 Mon: Initialize SRAM; Write to SRAM A, Addr: 0x256, Data: 0x43c11587
     12065 SB: Initialized memory A at address 0x256
     12075 [DRIVER] Init SRAM block 1 at Addr 0x256 with Data 0x23466346
     12075 Mon: Initialize SRAM; Write to SRAM B, Addr: 0x256, Data: 0x23466346
     12075 SB: Initialized memory B at address 0x256
     12085 [DRIVER] Init SRAM block 0 at Addr 0x257 with Data 0x336d9366
     12085 Mon: Initialize SRAM; Write to SRAM A, Addr: 0x257, Data: 0x336d9366
     12085 SB: Initialized memory A at address 0x257
     12095 [DRIVER] Init SRAM block 1 at Addr 0x257 with Data 0x4f14c19e
     12095 Mon: Initialize SRAM; Write to SRAM B, Addr: 0x257, Data: 0x4f14c19e
     12095 SB: Initialized memory B at address 0x257
     12105 [DRIVER] Init SRAM block 0 at Addr 0x258 with Data 0x1fb0d13f
     12105 Mon: Initialize SRAM; Write to SRAM A, Addr: 0x258, Data: 0x1fb0d13f
     12105 SB: Initialized memory A at address 0x258
     12115 [DRIVER] Init SRAM block 1 at Addr 0x258 with Data 0x2a2ff554
     12115 Mon: Initialize SRAM; Write to SRAM B, Addr: 0x258, Data: 0x2a2ff554
     12115 SB: Initialized memory B at address 0x258
     12125 [DRIVER] Init SRAM block 0 at Addr 0x259 with Data 0x2a565f54
     12125 Mon: Initialize SRAM; Write to SRAM A, Addr: 0x259, Data: 0x2a565f54
     12125 SB: Initialized memory A at address 0x259
     12135 [DRIVER] Init SRAM block 1 at Addr 0x259 with Data 0xa62c344c
     12135 Mon: Initialize SRAM; Write to SRAM B, Addr: 0x259, Data: 0xa62c344c
     12135 SB: Initialized memory B at address 0x259
     12145 [DRIVER] Init SRAM block 0 at Addr 0x25a with Data 0x83449006
     12145 Mon: Initialize SRAM; Write to SRAM A, Addr: 0x25a, Data: 0x83449006
     12145 SB: Initialized memory A at address 0x25a
     12155 [DRIVER] Init SRAM block 1 at Addr 0x25a with Data 0x286f1350
     12155 Mon: Initialize SRAM; Write to SRAM B, Addr: 0x25a, Data: 0x286f1350
     12155 SB: Initialized memory B at address 0x25a
     12165 [DRIVER] Init SRAM block 0 at Addr 0x25b with Data 0x16b46d2d
     12165 Mon: Initialize SRAM; Write to SRAM A, Addr: 0x25b, Data: 0x16b46d2d
     12165 SB: Initialized memory A at address 0x25b
     12175 [DRIVER] Init SRAM block 1 at Addr 0x25b with Data 0xc34ddc86
     12175 Mon: Initialize SRAM; Write to SRAM B, Addr: 0x25b, Data: 0xc34ddc86
     12175 SB: Initialized memory B at address 0x25b
     12185 [DRIVER] Init SRAM block 0 at Addr 0x25c with Data 0x3564836a
     12185 Mon: Initialize SRAM; Write to SRAM A, Addr: 0x25c, Data: 0x3564836a
     12185 SB: Initialized memory A at address 0x25c
     12195 [DRIVER] Init SRAM block 1 at Addr 0x25c with Data 0x5c2afdb8
     12195 Mon: Initialize SRAM; Write to SRAM B, Addr: 0x25c, Data: 0x5c2afdb8
     12195 SB: Initialized memory B at address 0x25c
     12205 [DRIVER] Init SRAM block 0 at Addr 0x25d with Data 0xf7fecaef
     12205 Mon: Initialize SRAM; Write to SRAM A, Addr: 0x25d, Data: 0xf7fecaef
     12205 SB: Initialized memory A at address 0x25d
     12215 [DRIVER] Init SRAM block 1 at Addr 0x25d with Data 0x506a57a0
     12215 Mon: Initialize SRAM; Write to SRAM B, Addr: 0x25d, Data: 0x506a57a0
     12215 SB: Initialized memory B at address 0x25d
     12225 [DRIVER] Init SRAM block 0 at Addr 0x25e with Data 0x1fa98f3f
     12225 Mon: Initialize SRAM; Write to SRAM A, Addr: 0x25e, Data: 0x1fa98f3f
     12225 SB: Initialized memory A at address 0x25e
     12235 [DRIVER] Init SRAM block 1 at Addr 0x25e with Data 0x84d4aa09
     12235 Mon: Initialize SRAM; Write to SRAM B, Addr: 0x25e, Data: 0x84d4aa09
     12235 SB: Initialized memory B at address 0x25e
     12245 [DRIVER] Init SRAM block 0 at Addr 0x25f with Data 0xd47b42a8
     12245 Mon: Initialize SRAM; Write to SRAM A, Addr: 0x25f, Data: 0xd47b42a8
     12245 SB: Initialized memory A at address 0x25f
     12255 [DRIVER] Init SRAM block 1 at Addr 0x25f with Data 0xaac1fa55
     12255 Mon: Initialize SRAM; Write to SRAM B, Addr: 0x25f, Data: 0xaac1fa55
     12255 SB: Initialized memory B at address 0x25f
     12265 [DRIVER] Init SRAM block 0 at Addr 0x260 with Data 0x8f49661e
     12265 Mon: Initialize SRAM; Write to SRAM A, Addr: 0x260, Data: 0x8f49661e
     12265 SB: Initialized memory A at address 0x260
     12275 [DRIVER] Init SRAM block 1 at Addr 0x260 with Data 0xdc22dcb8
     12275 Mon: Initialize SRAM; Write to SRAM B, Addr: 0x260, Data: 0xdc22dcb8
     12275 SB: Initialized memory B at address 0x260
     12285 [DRIVER] Init SRAM block 0 at Addr 0x261 with Data 0xe70a62ce
     12285 Mon: Initialize SRAM; Write to SRAM A, Addr: 0x261, Data: 0xe70a62ce
     12285 SB: Initialized memory A at address 0x261
     12295 [DRIVER] Init SRAM block 1 at Addr 0x261 with Data 0xeb40e6d6
     12295 Mon: Initialize SRAM; Write to SRAM B, Addr: 0x261, Data: 0xeb40e6d6
     12295 SB: Initialized memory B at address 0x261
     12305 [DRIVER] Init SRAM block 0 at Addr 0x262 with Data 0x92c27025
     12305 Mon: Initialize SRAM; Write to SRAM A, Addr: 0x262, Data: 0x92c27025
     12305 SB: Initialized memory A at address 0x262
     12315 [DRIVER] Init SRAM block 1 at Addr 0x262 with Data 0xd4ce0aa9
     12315 Mon: Initialize SRAM; Write to SRAM B, Addr: 0x262, Data: 0xd4ce0aa9
     12315 SB: Initialized memory B at address 0x262
     12325 [DRIVER] Init SRAM block 0 at Addr 0x263 with Data 0xe7b374cf
     12325 Mon: Initialize SRAM; Write to SRAM A, Addr: 0x263, Data: 0xe7b374cf
     12325 SB: Initialized memory A at address 0x263
     12335 [DRIVER] Init SRAM block 1 at Addr 0x263 with Data 0x1a9af535
     12335 Mon: Initialize SRAM; Write to SRAM B, Addr: 0x263, Data: 0x1a9af535
     12335 SB: Initialized memory B at address 0x263
     12345 [DRIVER] Init SRAM block 0 at Addr 0x264 with Data 0x2047dd40
     12345 Mon: Initialize SRAM; Write to SRAM A, Addr: 0x264, Data: 0x2047dd40
     12345 SB: Initialized memory A at address 0x264
     12355 [DRIVER] Init SRAM block 1 at Addr 0x264 with Data 0x5b0c73b6
     12355 Mon: Initialize SRAM; Write to SRAM B, Addr: 0x264, Data: 0x5b0c73b6
     12355 SB: Initialized memory B at address 0x264
     12365 [DRIVER] Init SRAM block 0 at Addr 0x265 with Data 0xfaf084f5
     12365 Mon: Initialize SRAM; Write to SRAM A, Addr: 0x265, Data: 0xfaf084f5
     12365 SB: Initialized memory A at address 0x265
     12375 [DRIVER] Init SRAM block 1 at Addr 0x265 with Data 0xad27c45a
     12375 Mon: Initialize SRAM; Write to SRAM B, Addr: 0x265, Data: 0xad27c45a
     12375 SB: Initialized memory B at address 0x265
     12385 [DRIVER] Init SRAM block 0 at Addr 0x266 with Data 0x70ed97e1
     12385 Mon: Initialize SRAM; Write to SRAM A, Addr: 0x266, Data: 0x70ed97e1
     12385 SB: Initialized memory A at address 0x266
     12395 [DRIVER] Init SRAM block 1 at Addr 0x266 with Data 0x12ce1125
     12395 Mon: Initialize SRAM; Write to SRAM B, Addr: 0x266, Data: 0x12ce1125
     12395 SB: Initialized memory B at address 0x266
     12405 [DRIVER] Init SRAM block 0 at Addr 0x267 with Data 0x93ba6027
     12405 Mon: Initialize SRAM; Write to SRAM A, Addr: 0x267, Data: 0x93ba6027
     12405 SB: Initialized memory A at address 0x267
     12415 [DRIVER] Init SRAM block 1 at Addr 0x267 with Data 0x227eb144
     12415 Mon: Initialize SRAM; Write to SRAM B, Addr: 0x267, Data: 0x227eb144
     12415 SB: Initialized memory B at address 0x267
     12425 [DRIVER] Init SRAM block 0 at Addr 0x268 with Data 0xbc944679
     12425 Mon: Initialize SRAM; Write to SRAM A, Addr: 0x268, Data: 0xbc944679
     12425 SB: Initialized memory A at address 0x268
     12435 [DRIVER] Init SRAM block 1 at Addr 0x268 with Data 0xcfb89e9f
     12435 Mon: Initialize SRAM; Write to SRAM B, Addr: 0x268, Data: 0xcfb89e9f
     12435 SB: Initialized memory B at address 0x268
     12445 [DRIVER] Init SRAM block 0 at Addr 0x269 with Data 0x545493a8
     12445 Mon: Initialize SRAM; Write to SRAM A, Addr: 0x269, Data: 0x545493a8
     12445 SB: Initialized memory A at address 0x269
     12455 [DRIVER] Init SRAM block 1 at Addr 0x269 with Data 0x64d2d3c9
     12455 Mon: Initialize SRAM; Write to SRAM B, Addr: 0x269, Data: 0x64d2d3c9
     12455 SB: Initialized memory B at address 0x269
     12465 [DRIVER] Init SRAM block 0 at Addr 0x26a with Data 0x42955d85
     12465 Mon: Initialize SRAM; Write to SRAM A, Addr: 0x26a, Data: 0x42955d85
     12465 SB: Initialized memory A at address 0x26a
     12475 [DRIVER] Init SRAM block 1 at Addr 0x26a with Data 0x42e39d85
     12475 Mon: Initialize SRAM; Write to SRAM B, Addr: 0x26a, Data: 0x42e39d85
     12475 SB: Initialized memory B at address 0x26a
     12485 [DRIVER] Init SRAM block 0 at Addr 0x26b with Data 0xb9d96873
     12485 Mon: Initialize SRAM; Write to SRAM A, Addr: 0x26b, Data: 0xb9d96873
     12485 SB: Initialized memory A at address 0x26b
     12495 [DRIVER] Init SRAM block 1 at Addr 0x26b with Data 0x440f0988
     12495 Mon: Initialize SRAM; Write to SRAM B, Addr: 0x26b, Data: 0x440f0988
     12495 SB: Initialized memory B at address 0x26b
     12505 [DRIVER] Init SRAM block 0 at Addr 0x26c with Data 0x4b2f0596
     12505 Mon: Initialize SRAM; Write to SRAM A, Addr: 0x26c, Data: 0x4b2f0596
     12505 SB: Initialized memory A at address 0x26c
     12515 [DRIVER] Init SRAM block 1 at Addr 0x26c with Data 0x9a544234
     12515 Mon: Initialize SRAM; Write to SRAM B, Addr: 0x26c, Data: 0x9a544234
     12515 SB: Initialized memory B at address 0x26c
     12525 [DRIVER] Init SRAM block 0 at Addr 0x26d with Data 0x1e85ed3d
     12525 Mon: Initialize SRAM; Write to SRAM A, Addr: 0x26d, Data: 0x1e85ed3d
     12525 SB: Initialized memory A at address 0x26d
     12535 [DRIVER] Init SRAM block 1 at Addr 0x26d with Data 0x28b1f151
     12535 Mon: Initialize SRAM; Write to SRAM B, Addr: 0x26d, Data: 0x28b1f151
     12535 SB: Initialized memory B at address 0x26d
     12545 [DRIVER] Init SRAM block 0 at Addr 0x26e with Data 0x8db0281b
     12545 Mon: Initialize SRAM; Write to SRAM A, Addr: 0x26e, Data: 0x8db0281b
     12545 SB: Initialized memory A at address 0x26e
     12555 [DRIVER] Init SRAM block 1 at Addr 0x26e with Data 0x8e39901c
     12555 Mon: Initialize SRAM; Write to SRAM B, Addr: 0x26e, Data: 0x8e39901c
     12555 SB: Initialized memory B at address 0x26e
     12565 [DRIVER] Init SRAM block 0 at Addr 0x26f with Data 0x5ec5ebbd
     12565 Mon: Initialize SRAM; Write to SRAM A, Addr: 0x26f, Data: 0x5ec5ebbd
     12565 SB: Initialized memory A at address 0x26f
     12575 [DRIVER] Init SRAM block 1 at Addr 0x26f with Data 0xda69e2b4
     12575 Mon: Initialize SRAM; Write to SRAM B, Addr: 0x26f, Data: 0xda69e2b4
     12575 SB: Initialized memory B at address 0x26f
     12585 [DRIVER] Init SRAM block 0 at Addr 0x270 with Data 0x2764754e
     12585 Mon: Initialize SRAM; Write to SRAM A, Addr: 0x270, Data: 0x2764754e
     12585 SB: Initialized memory A at address 0x270
     12595 [DRIVER] Init SRAM block 1 at Addr 0x270 with Data 0x17e83f2f
     12595 Mon: Initialize SRAM; Write to SRAM B, Addr: 0x270, Data: 0x17e83f2f
     12595 SB: Initialized memory B at address 0x270
     12605 [DRIVER] Init SRAM block 0 at Addr 0x271 with Data 0x2cfff159
     12605 Mon: Initialize SRAM; Write to SRAM A, Addr: 0x271, Data: 0x2cfff159
     12605 SB: Initialized memory A at address 0x271
     12615 [DRIVER] Init SRAM block 1 at Addr 0x271 with Data 0xf670fcec
     12615 Mon: Initialize SRAM; Write to SRAM B, Addr: 0x271, Data: 0xf670fcec
     12615 SB: Initialized memory B at address 0x271
     12625 [DRIVER] Init SRAM block 0 at Addr 0x272 with Data 0x0f40551e
     12625 Mon: Initialize SRAM; Write to SRAM A, Addr: 0x272, Data: 0xf40551e
     12625 SB: Initialized memory A at address 0x272
     12635 [DRIVER] Init SRAM block 1 at Addr 0x272 with Data 0xce96ca9d
     12635 Mon: Initialize SRAM; Write to SRAM B, Addr: 0x272, Data: 0xce96ca9d
     12635 SB: Initialized memory B at address 0x272
     12645 [DRIVER] Init SRAM block 0 at Addr 0x273 with Data 0xe02148c0
     12645 Mon: Initialize SRAM; Write to SRAM A, Addr: 0x273, Data: 0xe02148c0
     12645 SB: Initialized memory A at address 0x273
     12655 [DRIVER] Init SRAM block 1 at Addr 0x273 with Data 0x71a919e3
     12655 Mon: Initialize SRAM; Write to SRAM B, Addr: 0x273, Data: 0x71a919e3
     12655 SB: Initialized memory B at address 0x273
     12665 [DRIVER] Init SRAM block 0 at Addr 0x274 with Data 0xb24cf664
     12665 Mon: Initialize SRAM; Write to SRAM A, Addr: 0x274, Data: 0xb24cf664
     12665 SB: Initialized memory A at address 0x274
     12675 [DRIVER] Init SRAM block 1 at Addr 0x274 with Data 0xa5d9704b
     12675 Mon: Initialize SRAM; Write to SRAM B, Addr: 0x274, Data: 0xa5d9704b
     12675 SB: Initialized memory B at address 0x274
     12685 [DRIVER] Init SRAM block 0 at Addr 0x275 with Data 0x48e9ff91
     12685 Mon: Initialize SRAM; Write to SRAM A, Addr: 0x275, Data: 0x48e9ff91
     12685 SB: Initialized memory A at address 0x275
     12695 [DRIVER] Init SRAM block 1 at Addr 0x275 with Data 0x4277d784
     12695 Mon: Initialize SRAM; Write to SRAM B, Addr: 0x275, Data: 0x4277d784
     12695 SB: Initialized memory B at address 0x275
     12705 [DRIVER] Init SRAM block 0 at Addr 0x276 with Data 0x24d44749
     12705 Mon: Initialize SRAM; Write to SRAM A, Addr: 0x276, Data: 0x24d44749
     12705 SB: Initialized memory A at address 0x276
     12715 [DRIVER] Init SRAM block 1 at Addr 0x276 with Data 0x89de2c13
     12715 Mon: Initialize SRAM; Write to SRAM B, Addr: 0x276, Data: 0x89de2c13
     12715 SB: Initialized memory B at address 0x276
     12725 [DRIVER] Init SRAM block 0 at Addr 0x277 with Data 0xd9f8e0b3
     12725 Mon: Initialize SRAM; Write to SRAM A, Addr: 0x277, Data: 0xd9f8e0b3
     12725 SB: Initialized memory A at address 0x277
     12735 [DRIVER] Init SRAM block 1 at Addr 0x277 with Data 0x0e62911c
     12735 Mon: Initialize SRAM; Write to SRAM B, Addr: 0x277, Data: 0xe62911c
     12735 SB: Initialized memory B at address 0x277
     12745 [DRIVER] Init SRAM block 0 at Addr 0x278 with Data 0x144ced28
     12745 Mon: Initialize SRAM; Write to SRAM A, Addr: 0x278, Data: 0x144ced28
     12745 SB: Initialized memory A at address 0x278
     12755 [DRIVER] Init SRAM block 1 at Addr 0x278 with Data 0x1568bb2a
     12755 Mon: Initialize SRAM; Write to SRAM B, Addr: 0x278, Data: 0x1568bb2a
     12755 SB: Initialized memory B at address 0x278
     12765 [DRIVER] Init SRAM block 0 at Addr 0x279 with Data 0x2e97795d
     12765 Mon: Initialize SRAM; Write to SRAM A, Addr: 0x279, Data: 0x2e97795d
     12765 SB: Initialized memory A at address 0x279
     12775 [DRIVER] Init SRAM block 1 at Addr 0x279 with Data 0x776a61ee
     12775 Mon: Initialize SRAM; Write to SRAM B, Addr: 0x279, Data: 0x776a61ee
     12775 SB: Initialized memory B at address 0x279
     12785 [DRIVER] Init SRAM block 0 at Addr 0x27a with Data 0x66065bcc
     12785 Mon: Initialize SRAM; Write to SRAM A, Addr: 0x27a, Data: 0x66065bcc
     12785 SB: Initialized memory A at address 0x27a
     12795 [DRIVER] Init SRAM block 1 at Addr 0x27a with Data 0x5d8e95bb
     12795 Mon: Initialize SRAM; Write to SRAM B, Addr: 0x27a, Data: 0x5d8e95bb
     12795 SB: Initialized memory B at address 0x27a
     12805 [DRIVER] Init SRAM block 0 at Addr 0x27b with Data 0xbc461478
     12805 Mon: Initialize SRAM; Write to SRAM A, Addr: 0x27b, Data: 0xbc461478
     12805 SB: Initialized memory A at address 0x27b
     12815 [DRIVER] Init SRAM block 1 at Addr 0x27b with Data 0x652825ca
     12815 Mon: Initialize SRAM; Write to SRAM B, Addr: 0x27b, Data: 0x652825ca
     12815 SB: Initialized memory B at address 0x27b
     12825 [DRIVER] Init SRAM block 0 at Addr 0x27c with Data 0x2e94b75d
     12825 Mon: Initialize SRAM; Write to SRAM A, Addr: 0x27c, Data: 0x2e94b75d
     12825 SB: Initialized memory A at address 0x27c
     12835 [DRIVER] Init SRAM block 1 at Addr 0x27c with Data 0x8f32fa1e
     12835 Mon: Initialize SRAM; Write to SRAM B, Addr: 0x27c, Data: 0x8f32fa1e
     12835 SB: Initialized memory B at address 0x27c
     12845 [DRIVER] Init SRAM block 0 at Addr 0x27d with Data 0x3b07bd76
     12845 Mon: Initialize SRAM; Write to SRAM A, Addr: 0x27d, Data: 0x3b07bd76
     12845 SB: Initialized memory A at address 0x27d
     12855 [DRIVER] Init SRAM block 1 at Addr 0x27d with Data 0x65a879cb
     12855 Mon: Initialize SRAM; Write to SRAM B, Addr: 0x27d, Data: 0x65a879cb
     12855 SB: Initialized memory B at address 0x27d
     12865 [DRIVER] Init SRAM block 0 at Addr 0x27e with Data 0x6dfcf1db
     12865 Mon: Initialize SRAM; Write to SRAM A, Addr: 0x27e, Data: 0x6dfcf1db
     12865 SB: Initialized memory A at address 0x27e
     12875 [DRIVER] Init SRAM block 1 at Addr 0x27e with Data 0xda42e4b4
     12875 Mon: Initialize SRAM; Write to SRAM B, Addr: 0x27e, Data: 0xda42e4b4
     12875 SB: Initialized memory B at address 0x27e
     12885 [DRIVER] Init SRAM block 0 at Addr 0x27f with Data 0x106e4320
     12885 Mon: Initialize SRAM; Write to SRAM A, Addr: 0x27f, Data: 0x106e4320
     12885 SB: Initialized memory A at address 0x27f
     12895 [DRIVER] Init SRAM block 1 at Addr 0x27f with Data 0x0207bb04
     12895 Mon: Initialize SRAM; Write to SRAM B, Addr: 0x27f, Data: 0x207bb04
     12895 SB: Initialized memory B at address 0x27f
     12905 [DRIVER] Init SRAM block 0 at Addr 0x280 with Data 0xbca0b279
     12905 Mon: Initialize SRAM; Write to SRAM A, Addr: 0x280, Data: 0xbca0b279
     12905 SB: Initialized memory A at address 0x280
     12915 [DRIVER] Init SRAM block 1 at Addr 0x280 with Data 0xe6b110cd
     12915 Mon: Initialize SRAM; Write to SRAM B, Addr: 0x280, Data: 0xe6b110cd
     12915 SB: Initialized memory B at address 0x280
     12925 [DRIVER] Init SRAM block 0 at Addr 0x281 with Data 0xc9662c92
     12925 Mon: Initialize SRAM; Write to SRAM A, Addr: 0x281, Data: 0xc9662c92
     12925 SB: Initialized memory A at address 0x281
     12935 [DRIVER] Init SRAM block 1 at Addr 0x281 with Data 0xa2ce0045
     12935 Mon: Initialize SRAM; Write to SRAM B, Addr: 0x281, Data: 0xa2ce0045
     12935 SB: Initialized memory B at address 0x281
     12945 [DRIVER] Init SRAM block 0 at Addr 0x282 with Data 0xd4ea6aa9
     12945 Mon: Initialize SRAM; Write to SRAM A, Addr: 0x282, Data: 0xd4ea6aa9
     12945 SB: Initialized memory A at address 0x282
     12955 [DRIVER] Init SRAM block 1 at Addr 0x282 with Data 0xcf31fc9e
     12955 Mon: Initialize SRAM; Write to SRAM B, Addr: 0x282, Data: 0xcf31fc9e
     12955 SB: Initialized memory B at address 0x282
     12965 [DRIVER] Init SRAM block 0 at Addr 0x283 with Data 0x6ec2cbdd
     12965 Mon: Initialize SRAM; Write to SRAM A, Addr: 0x283, Data: 0x6ec2cbdd
     12965 SB: Initialized memory A at address 0x283
     12975 [DRIVER] Init SRAM block 1 at Addr 0x283 with Data 0x600b2dc0
     12975 Mon: Initialize SRAM; Write to SRAM B, Addr: 0x283, Data: 0x600b2dc0
     12975 SB: Initialized memory B at address 0x283
     12985 [DRIVER] Init SRAM block 0 at Addr 0x284 with Data 0xa5b9424b
     12985 Mon: Initialize SRAM; Write to SRAM A, Addr: 0x284, Data: 0xa5b9424b
     12985 SB: Initialized memory A at address 0x284
     12995 [DRIVER] Init SRAM block 1 at Addr 0x284 with Data 0x5db7e1bb
     12995 Mon: Initialize SRAM; Write to SRAM B, Addr: 0x284, Data: 0x5db7e1bb
     12995 SB: Initialized memory B at address 0x284
     13005 [DRIVER] Init SRAM block 0 at Addr 0x285 with Data 0x408a2981
     13005 Mon: Initialize SRAM; Write to SRAM A, Addr: 0x285, Data: 0x408a2981
     13005 SB: Initialized memory A at address 0x285
     13015 [DRIVER] Init SRAM block 1 at Addr 0x285 with Data 0xd932d8b2
     13015 Mon: Initialize SRAM; Write to SRAM B, Addr: 0x285, Data: 0xd932d8b2
     13015 SB: Initialized memory B at address 0x285
     13025 [DRIVER] Init SRAM block 0 at Addr 0x286 with Data 0x598d27b3
     13025 Mon: Initialize SRAM; Write to SRAM A, Addr: 0x286, Data: 0x598d27b3
     13025 SB: Initialized memory A at address 0x286
     13035 [DRIVER] Init SRAM block 1 at Addr 0x286 with Data 0x05aeb90b
     13035 Mon: Initialize SRAM; Write to SRAM B, Addr: 0x286, Data: 0x5aeb90b
     13035 SB: Initialized memory B at address 0x286
     13045 [DRIVER] Init SRAM block 0 at Addr 0x287 with Data 0x24011148
     13045 Mon: Initialize SRAM; Write to SRAM A, Addr: 0x287, Data: 0x24011148
     13045 SB: Initialized memory A at address 0x287
     13055 [DRIVER] Init SRAM block 1 at Addr 0x287 with Data 0xf0b860e1
     13055 Mon: Initialize SRAM; Write to SRAM B, Addr: 0x287, Data: 0xf0b860e1
     13055 SB: Initialized memory B at address 0x287
     13065 [DRIVER] Init SRAM block 0 at Addr 0x288 with Data 0x7e72c5fc
     13065 Mon: Initialize SRAM; Write to SRAM A, Addr: 0x288, Data: 0x7e72c5fc
     13065 SB: Initialized memory A at address 0x288
     13075 [DRIVER] Init SRAM block 1 at Addr 0x288 with Data 0xd7f844af
     13075 Mon: Initialize SRAM; Write to SRAM B, Addr: 0x288, Data: 0xd7f844af
     13075 SB: Initialized memory B at address 0x288
     13085 [DRIVER] Init SRAM block 0 at Addr 0x289 with Data 0xd0770ea0
     13085 Mon: Initialize SRAM; Write to SRAM A, Addr: 0x289, Data: 0xd0770ea0
     13085 SB: Initialized memory A at address 0x289
     13095 [DRIVER] Init SRAM block 1 at Addr 0x289 with Data 0x076adf0e
     13095 Mon: Initialize SRAM; Write to SRAM B, Addr: 0x289, Data: 0x76adf0e
     13095 SB: Initialized memory B at address 0x289
     13105 [DRIVER] Init SRAM block 0 at Addr 0x28a with Data 0x3aaf8775
     13105 Mon: Initialize SRAM; Write to SRAM A, Addr: 0x28a, Data: 0x3aaf8775
     13105 SB: Initialized memory A at address 0x28a
     13115 [DRIVER] Init SRAM block 1 at Addr 0x28a with Data 0x6ca7ffd9
     13115 Mon: Initialize SRAM; Write to SRAM B, Addr: 0x28a, Data: 0x6ca7ffd9
     13115 SB: Initialized memory B at address 0x28a
     13125 [DRIVER] Init SRAM block 0 at Addr 0x28b with Data 0x86d26e0d
     13125 Mon: Initialize SRAM; Write to SRAM A, Addr: 0x28b, Data: 0x86d26e0d
     13125 SB: Initialized memory A at address 0x28b
     13135 [DRIVER] Init SRAM block 1 at Addr 0x28b with Data 0x13913127
     13135 Mon: Initialize SRAM; Write to SRAM B, Addr: 0x28b, Data: 0x13913127
     13135 SB: Initialized memory B at address 0x28b
     13145 [DRIVER] Init SRAM block 0 at Addr 0x28c with Data 0x3a2d9974
     13145 Mon: Initialize SRAM; Write to SRAM A, Addr: 0x28c, Data: 0x3a2d9974
     13145 SB: Initialized memory A at address 0x28c
     13155 [DRIVER] Init SRAM block 1 at Addr 0x28c with Data 0x7e7f21fc
     13155 Mon: Initialize SRAM; Write to SRAM B, Addr: 0x28c, Data: 0x7e7f21fc
     13155 SB: Initialized memory B at address 0x28c
     13165 [DRIVER] Init SRAM block 0 at Addr 0x28d with Data 0xdfdc3ebf
     13165 Mon: Initialize SRAM; Write to SRAM A, Addr: 0x28d, Data: 0xdfdc3ebf
     13165 SB: Initialized memory A at address 0x28d
     13175 [DRIVER] Init SRAM block 1 at Addr 0x28d with Data 0xafc5f25f
     13175 Mon: Initialize SRAM; Write to SRAM B, Addr: 0x28d, Data: 0xafc5f25f
     13175 SB: Initialized memory B at address 0x28d
     13185 [DRIVER] Init SRAM block 0 at Addr 0x28e with Data 0xc0a7e881
     13185 Mon: Initialize SRAM; Write to SRAM A, Addr: 0x28e, Data: 0xc0a7e881
     13185 SB: Initialized memory A at address 0x28e
     13195 [DRIVER] Init SRAM block 1 at Addr 0x28e with Data 0xb428aa68
     13195 Mon: Initialize SRAM; Write to SRAM B, Addr: 0x28e, Data: 0xb428aa68
     13195 SB: Initialized memory B at address 0x28e
     13205 [DRIVER] Init SRAM block 0 at Addr 0x28f with Data 0xfd4c48fa
     13205 Mon: Initialize SRAM; Write to SRAM A, Addr: 0x28f, Data: 0xfd4c48fa
     13205 SB: Initialized memory A at address 0x28f
     13215 [DRIVER] Init SRAM block 1 at Addr 0x28f with Data 0xfd9380fb
     13215 Mon: Initialize SRAM; Write to SRAM B, Addr: 0x28f, Data: 0xfd9380fb
     13215 SB: Initialized memory B at address 0x28f
     13225 [DRIVER] Init SRAM block 0 at Addr 0x290 with Data 0x0c962119
     13225 Mon: Initialize SRAM; Write to SRAM A, Addr: 0x290, Data: 0xc962119
     13225 SB: Initialized memory A at address 0x290
     13235 [DRIVER] Init SRAM block 1 at Addr 0x290 with Data 0xd33554a6
     13235 Mon: Initialize SRAM; Write to SRAM B, Addr: 0x290, Data: 0xd33554a6
     13235 SB: Initialized memory B at address 0x290
     13245 [DRIVER] Init SRAM block 0 at Addr 0x291 with Data 0x29951b53
     13245 Mon: Initialize SRAM; Write to SRAM A, Addr: 0x291, Data: 0x29951b53
     13245 SB: Initialized memory A at address 0x291
     13255 [DRIVER] Init SRAM block 1 at Addr 0x291 with Data 0xf7cff6ef
     13255 Mon: Initialize SRAM; Write to SRAM B, Addr: 0x291, Data: 0xf7cff6ef
     13255 SB: Initialized memory B at address 0x291
     13265 [DRIVER] Init SRAM block 0 at Addr 0x292 with Data 0xf6d8aeed
     13265 Mon: Initialize SRAM; Write to SRAM A, Addr: 0x292, Data: 0xf6d8aeed
     13265 SB: Initialized memory A at address 0x292
     13275 [DRIVER] Init SRAM block 1 at Addr 0x292 with Data 0x58d79db1
     13275 Mon: Initialize SRAM; Write to SRAM B, Addr: 0x292, Data: 0x58d79db1
     13275 SB: Initialized memory B at address 0x292
     13285 [DRIVER] Init SRAM block 0 at Addr 0x293 with Data 0xb26ffe64
     13285 Mon: Initialize SRAM; Write to SRAM A, Addr: 0x293, Data: 0xb26ffe64
     13285 SB: Initialized memory A at address 0x293
     13295 [DRIVER] Init SRAM block 1 at Addr 0x293 with Data 0x90b93021
     13295 Mon: Initialize SRAM; Write to SRAM B, Addr: 0x293, Data: 0x90b93021
     13295 SB: Initialized memory B at address 0x293
     13305 [DRIVER] Init SRAM block 0 at Addr 0x294 with Data 0x7b24bdf6
     13305 Mon: Initialize SRAM; Write to SRAM A, Addr: 0x294, Data: 0x7b24bdf6
     13305 SB: Initialized memory A at address 0x294
     13315 [DRIVER] Init SRAM block 1 at Addr 0x294 with Data 0x345fbf68
     13315 Mon: Initialize SRAM; Write to SRAM B, Addr: 0x294, Data: 0x345fbf68
     13315 SB: Initialized memory B at address 0x294
     13325 [DRIVER] Init SRAM block 0 at Addr 0x295 with Data 0x8a290014
     13325 Mon: Initialize SRAM; Write to SRAM A, Addr: 0x295, Data: 0x8a290014
     13325 SB: Initialized memory A at address 0x295
     13335 [DRIVER] Init SRAM block 1 at Addr 0x295 with Data 0xb7d0ca6f
     13335 Mon: Initialize SRAM; Write to SRAM B, Addr: 0x295, Data: 0xb7d0ca6f
     13335 SB: Initialized memory B at address 0x295
     13345 [DRIVER] Init SRAM block 0 at Addr 0x296 with Data 0x9530362a
     13345 Mon: Initialize SRAM; Write to SRAM A, Addr: 0x296, Data: 0x9530362a
     13345 SB: Initialized memory A at address 0x296
     13355 [DRIVER] Init SRAM block 1 at Addr 0x296 with Data 0x1f77b73e
     13355 Mon: Initialize SRAM; Write to SRAM B, Addr: 0x296, Data: 0x1f77b73e
     13355 SB: Initialized memory B at address 0x296
     13365 [DRIVER] Init SRAM block 0 at Addr 0x297 with Data 0xfbaaeef7
     13365 Mon: Initialize SRAM; Write to SRAM A, Addr: 0x297, Data: 0xfbaaeef7
     13365 SB: Initialized memory A at address 0x297
     13375 [DRIVER] Init SRAM block 1 at Addr 0x297 with Data 0x23781f46
     13375 Mon: Initialize SRAM; Write to SRAM B, Addr: 0x297, Data: 0x23781f46
     13375 SB: Initialized memory B at address 0x297
     13385 [DRIVER] Init SRAM block 0 at Addr 0x298 with Data 0x9e9dca3d
     13385 Mon: Initialize SRAM; Write to SRAM A, Addr: 0x298, Data: 0x9e9dca3d
     13385 SB: Initialized memory A at address 0x298
     13395 [DRIVER] Init SRAM block 1 at Addr 0x298 with Data 0xd01f40a0
     13395 Mon: Initialize SRAM; Write to SRAM B, Addr: 0x298, Data: 0xd01f40a0
     13395 SB: Initialized memory B at address 0x298
     13405 [DRIVER] Init SRAM block 0 at Addr 0x299 with Data 0x7d4b53fa
     13405 Mon: Initialize SRAM; Write to SRAM A, Addr: 0x299, Data: 0x7d4b53fa
     13405 SB: Initialized memory A at address 0x299
     13415 [DRIVER] Init SRAM block 1 at Addr 0x299 with Data 0x7a4c4df4
     13415 Mon: Initialize SRAM; Write to SRAM B, Addr: 0x299, Data: 0x7a4c4df4
     13415 SB: Initialized memory B at address 0x299
     13425 [DRIVER] Init SRAM block 0 at Addr 0x29a with Data 0x19a8e333
     13425 Mon: Initialize SRAM; Write to SRAM A, Addr: 0x29a, Data: 0x19a8e333
     13425 SB: Initialized memory A at address 0x29a
     13435 [DRIVER] Init SRAM block 1 at Addr 0x29a with Data 0x0067d700
     13435 Mon: Initialize SRAM; Write to SRAM B, Addr: 0x29a, Data: 0x67d700
     13435 SB: Initialized memory B at address 0x29a
     13445 [DRIVER] Init SRAM block 0 at Addr 0x29b with Data 0x6e567bdc
     13445 Mon: Initialize SRAM; Write to SRAM A, Addr: 0x29b, Data: 0x6e567bdc
     13445 SB: Initialized memory A at address 0x29b
     13455 [DRIVER] Init SRAM block 1 at Addr 0x29b with Data 0x38422d70
     13455 Mon: Initialize SRAM; Write to SRAM B, Addr: 0x29b, Data: 0x38422d70
     13455 SB: Initialized memory B at address 0x29b
     13465 [DRIVER] Init SRAM block 0 at Addr 0x29c with Data 0x9491aa29
     13465 Mon: Initialize SRAM; Write to SRAM A, Addr: 0x29c, Data: 0x9491aa29
     13465 SB: Initialized memory A at address 0x29c
     13475 [DRIVER] Init SRAM block 1 at Addr 0x29c with Data 0x07f0b90f
     13475 Mon: Initialize SRAM; Write to SRAM B, Addr: 0x29c, Data: 0x7f0b90f
     13475 SB: Initialized memory B at address 0x29c
     13485 [DRIVER] Init SRAM block 0 at Addr 0x29d with Data 0x4b5b7196
     13485 Mon: Initialize SRAM; Write to SRAM A, Addr: 0x29d, Data: 0x4b5b7196
     13485 SB: Initialized memory A at address 0x29d
     13495 [DRIVER] Init SRAM block 1 at Addr 0x29d with Data 0x6b825dd7
     13495 Mon: Initialize SRAM; Write to SRAM B, Addr: 0x29d, Data: 0x6b825dd7
     13495 SB: Initialized memory B at address 0x29d
     13505 [DRIVER] Init SRAM block 0 at Addr 0x29e with Data 0x11c91123
     13505 Mon: Initialize SRAM; Write to SRAM A, Addr: 0x29e, Data: 0x11c91123
     13505 SB: Initialized memory A at address 0x29e
     13515 [DRIVER] Init SRAM block 1 at Addr 0x29e with Data 0x8322de06
     13515 Mon: Initialize SRAM; Write to SRAM B, Addr: 0x29e, Data: 0x8322de06
     13515 SB: Initialized memory B at address 0x29e
     13525 [DRIVER] Init SRAM block 0 at Addr 0x29f with Data 0xa538004a
     13525 Mon: Initialize SRAM; Write to SRAM A, Addr: 0x29f, Data: 0xa538004a
     13525 SB: Initialized memory A at address 0x29f
     13535 [DRIVER] Init SRAM block 1 at Addr 0x29f with Data 0x2505394a
     13535 Mon: Initialize SRAM; Write to SRAM B, Addr: 0x29f, Data: 0x2505394a
     13535 SB: Initialized memory B at address 0x29f
     13545 [DRIVER] Init SRAM block 0 at Addr 0x2a0 with Data 0x20dcbf41
     13545 Mon: Initialize SRAM; Write to SRAM A, Addr: 0x2a0, Data: 0x20dcbf41
     13545 SB: Initialized memory A at address 0x2a0
     13555 [DRIVER] Init SRAM block 1 at Addr 0x2a0 with Data 0x442d0788
     13555 Mon: Initialize SRAM; Write to SRAM B, Addr: 0x2a0, Data: 0x442d0788
     13555 SB: Initialized memory B at address 0x2a0
     13565 [DRIVER] Init SRAM block 0 at Addr 0x2a1 with Data 0xe6e4b8cd
     13565 Mon: Initialize SRAM; Write to SRAM A, Addr: 0x2a1, Data: 0xe6e4b8cd
     13565 SB: Initialized memory A at address 0x2a1
     13575 [DRIVER] Init SRAM block 1 at Addr 0x2a1 with Data 0x38eedd71
     13575 Mon: Initialize SRAM; Write to SRAM B, Addr: 0x2a1, Data: 0x38eedd71
     13575 SB: Initialized memory B at address 0x2a1
     13585 [DRIVER] Init SRAM block 0 at Addr 0x2a2 with Data 0x94232228
     13585 Mon: Initialize SRAM; Write to SRAM A, Addr: 0x2a2, Data: 0x94232228
     13585 SB: Initialized memory A at address 0x2a2
     13595 [DRIVER] Init SRAM block 1 at Addr 0x2a2 with Data 0x89bfac13
     13595 Mon: Initialize SRAM; Write to SRAM B, Addr: 0x2a2, Data: 0x89bfac13
     13595 SB: Initialized memory B at address 0x2a2
     13605 [DRIVER] Init SRAM block 0 at Addr 0x2a3 with Data 0xb600e26c
     13605 Mon: Initialize SRAM; Write to SRAM A, Addr: 0x2a3, Data: 0xb600e26c
     13605 SB: Initialized memory A at address 0x2a3
     13615 [DRIVER] Init SRAM block 1 at Addr 0x2a3 with Data 0xaaab2455
     13615 Mon: Initialize SRAM; Write to SRAM B, Addr: 0x2a3, Data: 0xaaab2455
     13615 SB: Initialized memory B at address 0x2a3
     13625 [DRIVER] Init SRAM block 0 at Addr 0x2a4 with Data 0x7f2767fe
     13625 Mon: Initialize SRAM; Write to SRAM A, Addr: 0x2a4, Data: 0x7f2767fe
     13625 SB: Initialized memory A at address 0x2a4
     13635 [DRIVER] Init SRAM block 1 at Addr 0x2a4 with Data 0x37890d6f
     13635 Mon: Initialize SRAM; Write to SRAM B, Addr: 0x2a4, Data: 0x37890d6f
     13635 SB: Initialized memory B at address 0x2a4
     13645 [DRIVER] Init SRAM block 0 at Addr 0x2a5 with Data 0x7a1e8bf4
     13645 Mon: Initialize SRAM; Write to SRAM A, Addr: 0x2a5, Data: 0x7a1e8bf4
     13645 SB: Initialized memory A at address 0x2a5
     13655 [DRIVER] Init SRAM block 1 at Addr 0x2a5 with Data 0xe0c9acc1
     13655 Mon: Initialize SRAM; Write to SRAM B, Addr: 0x2a5, Data: 0xe0c9acc1
     13655 SB: Initialized memory B at address 0x2a5
     13665 [DRIVER] Init SRAM block 0 at Addr 0x2a6 with Data 0xe9d576d3
     13665 Mon: Initialize SRAM; Write to SRAM A, Addr: 0x2a6, Data: 0xe9d576d3
     13665 SB: Initialized memory A at address 0x2a6
     13675 [DRIVER] Init SRAM block 1 at Addr 0x2a6 with Data 0x8c712218
     13675 Mon: Initialize SRAM; Write to SRAM B, Addr: 0x2a6, Data: 0x8c712218
     13675 SB: Initialized memory B at address 0x2a6
     13685 [DRIVER] Init SRAM block 0 at Addr 0x2a7 with Data 0x56ce7fad
     13685 Mon: Initialize SRAM; Write to SRAM A, Addr: 0x2a7, Data: 0x56ce7fad
     13685 SB: Initialized memory A at address 0x2a7
     13695 [DRIVER] Init SRAM block 1 at Addr 0x2a7 with Data 0x7c99cff9
     13695 Mon: Initialize SRAM; Write to SRAM B, Addr: 0x2a7, Data: 0x7c99cff9
     13695 SB: Initialized memory B at address 0x2a7
     13705 [DRIVER] Init SRAM block 0 at Addr 0x2a8 with Data 0x646601c8
     13705 Mon: Initialize SRAM; Write to SRAM A, Addr: 0x2a8, Data: 0x646601c8
     13705 SB: Initialized memory A at address 0x2a8
     13715 [DRIVER] Init SRAM block 1 at Addr 0x2a8 with Data 0x9295aa25
     13715 Mon: Initialize SRAM; Write to SRAM B, Addr: 0x2a8, Data: 0x9295aa25
     13715 SB: Initialized memory B at address 0x2a8
     13725 [DRIVER] Init SRAM block 0 at Addr 0x2a9 with Data 0xa46c4848
     13725 Mon: Initialize SRAM; Write to SRAM A, Addr: 0x2a9, Data: 0xa46c4848
     13725 SB: Initialized memory A at address 0x2a9
     13735 [DRIVER] Init SRAM block 1 at Addr 0x2a9 with Data 0x7186abe3
     13735 Mon: Initialize SRAM; Write to SRAM B, Addr: 0x2a9, Data: 0x7186abe3
     13735 SB: Initialized memory B at address 0x2a9
     13745 [DRIVER] Init SRAM block 0 at Addr 0x2aa with Data 0x680a6fd0
     13745 Mon: Initialize SRAM; Write to SRAM A, Addr: 0x2aa, Data: 0x680a6fd0
     13745 SB: Initialized memory A at address 0x2aa
     13755 [DRIVER] Init SRAM block 1 at Addr 0x2aa with Data 0x4506218a
     13755 Mon: Initialize SRAM; Write to SRAM B, Addr: 0x2aa, Data: 0x4506218a
     13755 SB: Initialized memory B at address 0x2aa
     13765 [DRIVER] Init SRAM block 0 at Addr 0x2ab with Data 0xb3aa3667
     13765 Mon: Initialize SRAM; Write to SRAM A, Addr: 0x2ab, Data: 0xb3aa3667
     13765 SB: Initialized memory A at address 0x2ab
     13775 [DRIVER] Init SRAM block 1 at Addr 0x2ab with Data 0xb8331870
     13775 Mon: Initialize SRAM; Write to SRAM B, Addr: 0x2ab, Data: 0xb8331870
     13775 SB: Initialized memory B at address 0x2ab
     13785 [DRIVER] Init SRAM block 0 at Addr 0x2ac with Data 0x3058ef60
     13785 Mon: Initialize SRAM; Write to SRAM A, Addr: 0x2ac, Data: 0x3058ef60
     13785 SB: Initialized memory A at address 0x2ac
     13795 [DRIVER] Init SRAM block 1 at Addr 0x2ac with Data 0x273fbf4e
     13795 Mon: Initialize SRAM; Write to SRAM B, Addr: 0x2ac, Data: 0x273fbf4e
     13795 SB: Initialized memory B at address 0x2ac
     13805 [DRIVER] Init SRAM block 0 at Addr 0x2ad with Data 0x67dd53cf
     13805 Mon: Initialize SRAM; Write to SRAM A, Addr: 0x2ad, Data: 0x67dd53cf
     13805 SB: Initialized memory A at address 0x2ad
     13815 [DRIVER] Init SRAM block 1 at Addr 0x2ad with Data 0xb955b672
     13815 Mon: Initialize SRAM; Write to SRAM B, Addr: 0x2ad, Data: 0xb955b672
     13815 SB: Initialized memory B at address 0x2ad
     13825 [DRIVER] Init SRAM block 0 at Addr 0x2ae with Data 0x797869f2
     13825 Mon: Initialize SRAM; Write to SRAM A, Addr: 0x2ae, Data: 0x797869f2
     13825 SB: Initialized memory A at address 0x2ae
     13835 [DRIVER] Init SRAM block 1 at Addr 0x2ae with Data 0xca698294
     13835 Mon: Initialize SRAM; Write to SRAM B, Addr: 0x2ae, Data: 0xca698294
     13835 SB: Initialized memory B at address 0x2ae
     13845 [DRIVER] Init SRAM block 0 at Addr 0x2af with Data 0xf40968e8
     13845 Mon: Initialize SRAM; Write to SRAM A, Addr: 0x2af, Data: 0xf40968e8
     13845 SB: Initialized memory A at address 0x2af
     13855 [DRIVER] Init SRAM block 1 at Addr 0x2af with Data 0x4c54e198
     13855 Mon: Initialize SRAM; Write to SRAM B, Addr: 0x2af, Data: 0x4c54e198
     13855 SB: Initialized memory B at address 0x2af
     13865 [DRIVER] Init SRAM block 0 at Addr 0x2b0 with Data 0x4f0c8f9e
     13865 Mon: Initialize SRAM; Write to SRAM A, Addr: 0x2b0, Data: 0x4f0c8f9e
     13865 SB: Initialized memory A at address 0x2b0
     13875 [DRIVER] Init SRAM block 1 at Addr 0x2b0 with Data 0x7c502bf8
     13875 Mon: Initialize SRAM; Write to SRAM B, Addr: 0x2b0, Data: 0x7c502bf8
     13875 SB: Initialized memory B at address 0x2b0
     13885 [DRIVER] Init SRAM block 0 at Addr 0x2b1 with Data 0xc6ad048d
     13885 Mon: Initialize SRAM; Write to SRAM A, Addr: 0x2b1, Data: 0xc6ad048d
     13885 SB: Initialized memory A at address 0x2b1
     13895 [DRIVER] Init SRAM block 1 at Addr 0x2b1 with Data 0xe5a2b2cb
     13895 Mon: Initialize SRAM; Write to SRAM B, Addr: 0x2b1, Data: 0xe5a2b2cb
     13895 SB: Initialized memory B at address 0x2b1
     13905 [DRIVER] Init SRAM block 0 at Addr 0x2b2 with Data 0xd7e1c6af
     13905 Mon: Initialize SRAM; Write to SRAM A, Addr: 0x2b2, Data: 0xd7e1c6af
     13905 SB: Initialized memory A at address 0x2b2
     13915 [DRIVER] Init SRAM block 1 at Addr 0x2b2 with Data 0x1c222f38
     13915 Mon: Initialize SRAM; Write to SRAM B, Addr: 0x2b2, Data: 0x1c222f38
     13915 SB: Initialized memory B at address 0x2b2
     13925 [DRIVER] Init SRAM block 0 at Addr 0x2b3 with Data 0x704d75e0
     13925 Mon: Initialize SRAM; Write to SRAM A, Addr: 0x2b3, Data: 0x704d75e0
     13925 SB: Initialized memory A at address 0x2b3
     13935 [DRIVER] Init SRAM block 1 at Addr 0x2b3 with Data 0x50d909a1
     13935 Mon: Initialize SRAM; Write to SRAM B, Addr: 0x2b3, Data: 0x50d909a1
     13935 SB: Initialized memory B at address 0x2b3
     13945 [DRIVER] Init SRAM block 0 at Addr 0x2b4 with Data 0xca594094
     13945 Mon: Initialize SRAM; Write to SRAM A, Addr: 0x2b4, Data: 0xca594094
     13945 SB: Initialized memory A at address 0x2b4
     13955 [DRIVER] Init SRAM block 1 at Addr 0x2b4 with Data 0xd0ebcca1
     13955 Mon: Initialize SRAM; Write to SRAM B, Addr: 0x2b4, Data: 0xd0ebcca1
     13955 SB: Initialized memory B at address 0x2b4
     13965 [DRIVER] Init SRAM block 0 at Addr 0x2b5 with Data 0x10c2c521
     13965 Mon: Initialize SRAM; Write to SRAM A, Addr: 0x2b5, Data: 0x10c2c521
     13965 SB: Initialized memory A at address 0x2b5
     13975 [DRIVER] Init SRAM block 1 at Addr 0x2b5 with Data 0x12957f25
     13975 Mon: Initialize SRAM; Write to SRAM B, Addr: 0x2b5, Data: 0x12957f25
     13975 SB: Initialized memory B at address 0x2b5
     13985 [DRIVER] Init SRAM block 0 at Addr 0x2b6 with Data 0xf594e6eb
     13985 Mon: Initialize SRAM; Write to SRAM A, Addr: 0x2b6, Data: 0xf594e6eb
     13985 SB: Initialized memory A at address 0x2b6
     13995 [DRIVER] Init SRAM block 1 at Addr 0x2b6 with Data 0x1dd3013b
     13995 Mon: Initialize SRAM; Write to SRAM B, Addr: 0x2b6, Data: 0x1dd3013b
     13995 SB: Initialized memory B at address 0x2b6
     14005 [DRIVER] Init SRAM block 0 at Addr 0x2b7 with Data 0x9743be2e
     14005 Mon: Initialize SRAM; Write to SRAM A, Addr: 0x2b7, Data: 0x9743be2e
     14005 SB: Initialized memory A at address 0x2b7
     14015 [DRIVER] Init SRAM block 1 at Addr 0x2b7 with Data 0x4e156f9c
     14015 Mon: Initialize SRAM; Write to SRAM B, Addr: 0x2b7, Data: 0x4e156f9c
     14015 SB: Initialized memory B at address 0x2b7
     14025 [DRIVER] Init SRAM block 0 at Addr 0x2b8 with Data 0x0b636716
     14025 Mon: Initialize SRAM; Write to SRAM A, Addr: 0x2b8, Data: 0xb636716
     14025 SB: Initialized memory A at address 0x2b8
     14035 [DRIVER] Init SRAM block 1 at Addr 0x2b8 with Data 0x90138420
     14035 Mon: Initialize SRAM; Write to SRAM B, Addr: 0x2b8, Data: 0x90138420
     14035 SB: Initialized memory B at address 0x2b8
     14045 [DRIVER] Init SRAM block 0 at Addr 0x2b9 with Data 0xe131eec2
     14045 Mon: Initialize SRAM; Write to SRAM A, Addr: 0x2b9, Data: 0xe131eec2
     14045 SB: Initialized memory A at address 0x2b9
     14055 [DRIVER] Init SRAM block 1 at Addr 0x2b9 with Data 0xca91f895
     14055 Mon: Initialize SRAM; Write to SRAM B, Addr: 0x2b9, Data: 0xca91f895
     14055 SB: Initialized memory B at address 0x2b9
     14065 [DRIVER] Init SRAM block 0 at Addr 0x2ba with Data 0x96ec2a2d
     14065 Mon: Initialize SRAM; Write to SRAM A, Addr: 0x2ba, Data: 0x96ec2a2d
     14065 SB: Initialized memory A at address 0x2ba
     14075 [DRIVER] Init SRAM block 1 at Addr 0x2ba with Data 0x02bad905
     14075 Mon: Initialize SRAM; Write to SRAM B, Addr: 0x2ba, Data: 0x2bad905
     14075 SB: Initialized memory B at address 0x2ba
     14085 [DRIVER] Init SRAM block 0 at Addr 0x2bb with Data 0x83a5a007
     14085 Mon: Initialize SRAM; Write to SRAM A, Addr: 0x2bb, Data: 0x83a5a007
     14085 SB: Initialized memory A at address 0x2bb
     14095 [DRIVER] Init SRAM block 1 at Addr 0x2bb with Data 0x745bf5e8
     14095 Mon: Initialize SRAM; Write to SRAM B, Addr: 0x2bb, Data: 0x745bf5e8
     14095 SB: Initialized memory B at address 0x2bb
     14105 [DRIVER] Init SRAM block 0 at Addr 0x2bc with Data 0xcc1b6098
     14105 Mon: Initialize SRAM; Write to SRAM A, Addr: 0x2bc, Data: 0xcc1b6098
     14105 SB: Initialized memory A at address 0x2bc
     14115 [DRIVER] Init SRAM block 1 at Addr 0x2bc with Data 0x34243768
     14115 Mon: Initialize SRAM; Write to SRAM B, Addr: 0x2bc, Data: 0x34243768
     14115 SB: Initialized memory B at address 0x2bc
     14125 [DRIVER] Init SRAM block 0 at Addr 0x2bd with Data 0xcbb9e297
     14125 Mon: Initialize SRAM; Write to SRAM A, Addr: 0x2bd, Data: 0xcbb9e297
     14125 SB: Initialized memory A at address 0x2bd
     14135 [DRIVER] Init SRAM block 1 at Addr 0x2bd with Data 0x75b801eb
     14135 Mon: Initialize SRAM; Write to SRAM B, Addr: 0x2bd, Data: 0x75b801eb
     14135 SB: Initialized memory B at address 0x2bd
     14145 [DRIVER] Init SRAM block 0 at Addr 0x2be with Data 0x9bcdf237
     14145 Mon: Initialize SRAM; Write to SRAM A, Addr: 0x2be, Data: 0x9bcdf237
     14145 SB: Initialized memory A at address 0x2be
     14155 [DRIVER] Init SRAM block 1 at Addr 0x2be with Data 0x29349952
     14155 Mon: Initialize SRAM; Write to SRAM B, Addr: 0x2be, Data: 0x29349952
     14155 SB: Initialized memory B at address 0x2be
     14165 [DRIVER] Init SRAM block 0 at Addr 0x2bf with Data 0x41987f83
     14165 Mon: Initialize SRAM; Write to SRAM A, Addr: 0x2bf, Data: 0x41987f83
     14165 SB: Initialized memory A at address 0x2bf
     14175 [DRIVER] Init SRAM block 1 at Addr 0x2bf with Data 0xc37a7886
     14175 Mon: Initialize SRAM; Write to SRAM B, Addr: 0x2bf, Data: 0xc37a7886
     14175 SB: Initialized memory B at address 0x2bf
     14185 [DRIVER] Init SRAM block 0 at Addr 0x2c0 with Data 0x38bd8d71
     14185 Mon: Initialize SRAM; Write to SRAM A, Addr: 0x2c0, Data: 0x38bd8d71
     14185 SB: Initialized memory A at address 0x2c0
     14195 [DRIVER] Init SRAM block 1 at Addr 0x2c0 with Data 0x9a56bc34
     14195 Mon: Initialize SRAM; Write to SRAM B, Addr: 0x2c0, Data: 0x9a56bc34
     14195 SB: Initialized memory B at address 0x2c0
     14205 [DRIVER] Init SRAM block 0 at Addr 0x2c1 with Data 0xba460274
     14205 Mon: Initialize SRAM; Write to SRAM A, Addr: 0x2c1, Data: 0xba460274
     14205 SB: Initialized memory A at address 0x2c1
     14215 [DRIVER] Init SRAM block 1 at Addr 0x2c1 with Data 0xb9637872
     14215 Mon: Initialize SRAM; Write to SRAM B, Addr: 0x2c1, Data: 0xb9637872
     14215 SB: Initialized memory B at address 0x2c1
     14225 [DRIVER] Init SRAM block 0 at Addr 0x2c2 with Data 0xf92c9af2
     14225 Mon: Initialize SRAM; Write to SRAM A, Addr: 0x2c2, Data: 0xf92c9af2
     14225 SB: Initialized memory A at address 0x2c2
     14235 [DRIVER] Init SRAM block 1 at Addr 0x2c2 with Data 0x66371fcc
     14235 Mon: Initialize SRAM; Write to SRAM B, Addr: 0x2c2, Data: 0x66371fcc
     14235 SB: Initialized memory B at address 0x2c2
     14245 [DRIVER] Init SRAM block 0 at Addr 0x2c3 with Data 0xc42db888
     14245 Mon: Initialize SRAM; Write to SRAM A, Addr: 0x2c3, Data: 0xc42db888
     14245 SB: Initialized memory A at address 0x2c3
     14255 [DRIVER] Init SRAM block 1 at Addr 0x2c3 with Data 0x223add44
     14255 Mon: Initialize SRAM; Write to SRAM B, Addr: 0x2c3, Data: 0x223add44
     14255 SB: Initialized memory B at address 0x2c3
     14265 [DRIVER] Init SRAM block 0 at Addr 0x2c4 with Data 0x41524b82
     14265 Mon: Initialize SRAM; Write to SRAM A, Addr: 0x2c4, Data: 0x41524b82
     14265 SB: Initialized memory A at address 0x2c4
     14275 [DRIVER] Init SRAM block 1 at Addr 0x2c4 with Data 0xc63ffa8c
     14275 Mon: Initialize SRAM; Write to SRAM B, Addr: 0x2c4, Data: 0xc63ffa8c
     14275 SB: Initialized memory B at address 0x2c4
     14285 [DRIVER] Init SRAM block 0 at Addr 0x2c5 with Data 0xfa6daef4
     14285 Mon: Initialize SRAM; Write to SRAM A, Addr: 0x2c5, Data: 0xfa6daef4
     14285 SB: Initialized memory A at address 0x2c5
     14295 [DRIVER] Init SRAM block 1 at Addr 0x2c5 with Data 0xc7ac408f
     14295 Mon: Initialize SRAM; Write to SRAM B, Addr: 0x2c5, Data: 0xc7ac408f
     14295 SB: Initialized memory B at address 0x2c5
     14305 [DRIVER] Init SRAM block 0 at Addr 0x2c6 with Data 0xe28688c5
     14305 Mon: Initialize SRAM; Write to SRAM A, Addr: 0x2c6, Data: 0xe28688c5
     14305 SB: Initialized memory A at address 0x2c6
     14315 [DRIVER] Init SRAM block 1 at Addr 0x2c6 with Data 0xc0d54c81
     14315 Mon: Initialize SRAM; Write to SRAM B, Addr: 0x2c6, Data: 0xc0d54c81
     14315 SB: Initialized memory B at address 0x2c6
     14325 [DRIVER] Init SRAM block 0 at Addr 0x2c7 with Data 0x8ae2ac15
     14325 Mon: Initialize SRAM; Write to SRAM A, Addr: 0x2c7, Data: 0x8ae2ac15
     14325 SB: Initialized memory A at address 0x2c7
     14335 [DRIVER] Init SRAM block 1 at Addr 0x2c7 with Data 0x65e2ffcb
     14335 Mon: Initialize SRAM; Write to SRAM B, Addr: 0x2c7, Data: 0x65e2ffcb
     14335 SB: Initialized memory B at address 0x2c7
     14345 [DRIVER] Init SRAM block 0 at Addr 0x2c8 with Data 0x1b2dfd36
     14345 Mon: Initialize SRAM; Write to SRAM A, Addr: 0x2c8, Data: 0x1b2dfd36
     14345 SB: Initialized memory A at address 0x2c8
     14355 [DRIVER] Init SRAM block 1 at Addr 0x2c8 with Data 0x1550d12a
     14355 Mon: Initialize SRAM; Write to SRAM B, Addr: 0x2c8, Data: 0x1550d12a
     14355 SB: Initialized memory B at address 0x2c8
     14365 [DRIVER] Init SRAM block 0 at Addr 0x2c9 with Data 0xfaf442f5
     14365 Mon: Initialize SRAM; Write to SRAM A, Addr: 0x2c9, Data: 0xfaf442f5
     14365 SB: Initialized memory A at address 0x2c9
     14375 [DRIVER] Init SRAM block 1 at Addr 0x2c9 with Data 0x9ee6363d
     14375 Mon: Initialize SRAM; Write to SRAM B, Addr: 0x2c9, Data: 0x9ee6363d
     14375 SB: Initialized memory B at address 0x2c9
     14385 [DRIVER] Init SRAM block 0 at Addr 0x2ca with Data 0x23661746
     14385 Mon: Initialize SRAM; Write to SRAM A, Addr: 0x2ca, Data: 0x23661746
     14385 SB: Initialized memory A at address 0x2ca
     14395 [DRIVER] Init SRAM block 1 at Addr 0x2ca with Data 0x9dbe003b
     14395 Mon: Initialize SRAM; Write to SRAM B, Addr: 0x2ca, Data: 0x9dbe003b
     14395 SB: Initialized memory B at address 0x2ca
     14405 [DRIVER] Init SRAM block 0 at Addr 0x2cb with Data 0xf720bcee
     14405 Mon: Initialize SRAM; Write to SRAM A, Addr: 0x2cb, Data: 0xf720bcee
     14405 SB: Initialized memory A at address 0x2cb
     14415 [DRIVER] Init SRAM block 1 at Addr 0x2cb with Data 0x49b4c193
     14415 Mon: Initialize SRAM; Write to SRAM B, Addr: 0x2cb, Data: 0x49b4c193
     14415 SB: Initialized memory B at address 0x2cb
     14425 [DRIVER] Init SRAM block 0 at Addr 0x2cc with Data 0xf27102e4
     14425 Mon: Initialize SRAM; Write to SRAM A, Addr: 0x2cc, Data: 0xf27102e4
     14425 SB: Initialized memory A at address 0x2cc
     14435 [DRIVER] Init SRAM block 1 at Addr 0x2cc with Data 0xe2561cc4
     14435 Mon: Initialize SRAM; Write to SRAM B, Addr: 0x2cc, Data: 0xe2561cc4
     14435 SB: Initialized memory B at address 0x2cc
     14445 [DRIVER] Init SRAM block 0 at Addr 0x2cd with Data 0xb9492472
     14445 Mon: Initialize SRAM; Write to SRAM A, Addr: 0x2cd, Data: 0xb9492472
     14445 SB: Initialized memory A at address 0x2cd
     14455 [DRIVER] Init SRAM block 1 at Addr 0x2cd with Data 0x39213b72
     14455 Mon: Initialize SRAM; Write to SRAM B, Addr: 0x2cd, Data: 0x39213b72
     14455 SB: Initialized memory B at address 0x2cd
     14465 [DRIVER] Init SRAM block 0 at Addr 0x2ce with Data 0xa8e1aa51
     14465 Mon: Initialize SRAM; Write to SRAM A, Addr: 0x2ce, Data: 0xa8e1aa51
     14465 SB: Initialized memory A at address 0x2ce
     14475 [DRIVER] Init SRAM block 1 at Addr 0x2ce with Data 0x5abc1db5
     14475 Mon: Initialize SRAM; Write to SRAM B, Addr: 0x2ce, Data: 0x5abc1db5
     14475 SB: Initialized memory B at address 0x2ce
     14485 [DRIVER] Init SRAM block 0 at Addr 0x2cf with Data 0x51bd47a3
     14485 Mon: Initialize SRAM; Write to SRAM A, Addr: 0x2cf, Data: 0x51bd47a3
     14485 SB: Initialized memory A at address 0x2cf
     14495 [DRIVER] Init SRAM block 1 at Addr 0x2cf with Data 0x566e01ac
     14495 Mon: Initialize SRAM; Write to SRAM B, Addr: 0x2cf, Data: 0x566e01ac
     14495 SB: Initialized memory B at address 0x2cf
     14505 [DRIVER] Init SRAM block 0 at Addr 0x2d0 with Data 0xcb87ba97
     14505 Mon: Initialize SRAM; Write to SRAM A, Addr: 0x2d0, Data: 0xcb87ba97
     14505 SB: Initialized memory A at address 0x2d0
     14515 [DRIVER] Init SRAM block 1 at Addr 0x2d0 with Data 0x98f8c031
     14515 Mon: Initialize SRAM; Write to SRAM B, Addr: 0x2d0, Data: 0x98f8c031
     14515 SB: Initialized memory B at address 0x2d0
     14525 [DRIVER] Init SRAM block 0 at Addr 0x2d1 with Data 0xdf07b0be
     14525 Mon: Initialize SRAM; Write to SRAM A, Addr: 0x2d1, Data: 0xdf07b0be
     14525 SB: Initialized memory A at address 0x2d1
     14535 [DRIVER] Init SRAM block 1 at Addr 0x2d1 with Data 0xaba92e57
     14535 Mon: Initialize SRAM; Write to SRAM B, Addr: 0x2d1, Data: 0xaba92e57
     14535 SB: Initialized memory B at address 0x2d1
     14545 [DRIVER] Init SRAM block 0 at Addr 0x2d2 with Data 0x3b1ba176
     14545 Mon: Initialize SRAM; Write to SRAM A, Addr: 0x2d2, Data: 0x3b1ba176
     14545 SB: Initialized memory A at address 0x2d2
     14555 [DRIVER] Init SRAM block 1 at Addr 0x2d2 with Data 0x5a3681b4
     14555 Mon: Initialize SRAM; Write to SRAM B, Addr: 0x2d2, Data: 0x5a3681b4
     14555 SB: Initialized memory B at address 0x2d2
     14565 [DRIVER] Init SRAM block 0 at Addr 0x2d3 with Data 0x8079ac00
     14565 Mon: Initialize SRAM; Write to SRAM A, Addr: 0x2d3, Data: 0x8079ac00
     14565 SB: Initialized memory A at address 0x2d3
     14575 [DRIVER] Init SRAM block 1 at Addr 0x2d3 with Data 0xb9c8a073
     14575 Mon: Initialize SRAM; Write to SRAM B, Addr: 0x2d3, Data: 0xb9c8a073
     14575 SB: Initialized memory B at address 0x2d3
     14585 [DRIVER] Init SRAM block 0 at Addr 0x2d4 with Data 0x94aa8429
     14585 Mon: Initialize SRAM; Write to SRAM A, Addr: 0x2d4, Data: 0x94aa8429
     14585 SB: Initialized memory A at address 0x2d4
     14595 [DRIVER] Init SRAM block 1 at Addr 0x2d4 with Data 0x393d9b72
     14595 Mon: Initialize SRAM; Write to SRAM B, Addr: 0x2d4, Data: 0x393d9b72
     14595 SB: Initialized memory B at address 0x2d4
     14605 [DRIVER] Init SRAM block 0 at Addr 0x2d5 with Data 0x8f77461e
     14605 Mon: Initialize SRAM; Write to SRAM A, Addr: 0x2d5, Data: 0x8f77461e
     14605 SB: Initialized memory A at address 0x2d5
     14615 [DRIVER] Init SRAM block 1 at Addr 0x2d5 with Data 0x3685f36d
     14615 Mon: Initialize SRAM; Write to SRAM B, Addr: 0x2d5, Data: 0x3685f36d
     14615 SB: Initialized memory B at address 0x2d5
     14625 [DRIVER] Init SRAM block 0 at Addr 0x2d6 with Data 0x66c259cd
     14625 Mon: Initialize SRAM; Write to SRAM A, Addr: 0x2d6, Data: 0x66c259cd
     14625 SB: Initialized memory A at address 0x2d6
     14635 [DRIVER] Init SRAM block 1 at Addr 0x2d6 with Data 0x7eb00bfd
     14635 Mon: Initialize SRAM; Write to SRAM B, Addr: 0x2d6, Data: 0x7eb00bfd
     14635 SB: Initialized memory B at address 0x2d6
     14645 [DRIVER] Init SRAM block 0 at Addr 0x2d7 with Data 0x6b834dd7
     14645 Mon: Initialize SRAM; Write to SRAM A, Addr: 0x2d7, Data: 0x6b834dd7
     14645 SB: Initialized memory A at address 0x2d7
     14655 [DRIVER] Init SRAM block 1 at Addr 0x2d7 with Data 0x0dfa7f1b
     14655 Mon: Initialize SRAM; Write to SRAM B, Addr: 0x2d7, Data: 0xdfa7f1b
     14655 SB: Initialized memory B at address 0x2d7
     14665 [DRIVER] Init SRAM block 0 at Addr 0x2d8 with Data 0x675dc5ce
     14665 Mon: Initialize SRAM; Write to SRAM A, Addr: 0x2d8, Data: 0x675dc5ce
     14665 SB: Initialized memory A at address 0x2d8
     14675 [DRIVER] Init SRAM block 1 at Addr 0x2d8 with Data 0x4b058b96
     14675 Mon: Initialize SRAM; Write to SRAM B, Addr: 0x2d8, Data: 0x4b058b96
     14675 SB: Initialized memory B at address 0x2d8
     14685 [DRIVER] Init SRAM block 0 at Addr 0x2d9 with Data 0xe50b48ca
     14685 Mon: Initialize SRAM; Write to SRAM A, Addr: 0x2d9, Data: 0xe50b48ca
     14685 SB: Initialized memory A at address 0x2d9
     14695 [DRIVER] Init SRAM block 1 at Addr 0x2d9 with Data 0x43fb6587
     14695 Mon: Initialize SRAM; Write to SRAM B, Addr: 0x2d9, Data: 0x43fb6587
     14695 SB: Initialized memory B at address 0x2d9
     14705 [DRIVER] Init SRAM block 0 at Addr 0x2da with Data 0x9690342d
     14705 Mon: Initialize SRAM; Write to SRAM A, Addr: 0x2da, Data: 0x9690342d
     14705 SB: Initialized memory A at address 0x2da
     14715 [DRIVER] Init SRAM block 1 at Addr 0x2da with Data 0x16479b2c
     14715 Mon: Initialize SRAM; Write to SRAM B, Addr: 0x2da, Data: 0x16479b2c
     14715 SB: Initialized memory B at address 0x2da
     14725 [DRIVER] Init SRAM block 0 at Addr 0x2db with Data 0x12f38925
     14725 Mon: Initialize SRAM; Write to SRAM A, Addr: 0x2db, Data: 0x12f38925
     14725 SB: Initialized memory A at address 0x2db
     14735 [DRIVER] Init SRAM block 1 at Addr 0x2db with Data 0x11357d22
     14735 Mon: Initialize SRAM; Write to SRAM B, Addr: 0x2db, Data: 0x11357d22
     14735 SB: Initialized memory B at address 0x2db
     14745 [DRIVER] Init SRAM block 0 at Addr 0x2dc with Data 0xf9f1d4f3
     14745 Mon: Initialize SRAM; Write to SRAM A, Addr: 0x2dc, Data: 0xf9f1d4f3
     14745 SB: Initialized memory A at address 0x2dc
     14755 [DRIVER] Init SRAM block 1 at Addr 0x2dc with Data 0x418d7383
     14755 Mon: Initialize SRAM; Write to SRAM B, Addr: 0x2dc, Data: 0x418d7383
     14755 SB: Initialized memory B at address 0x2dc
     14765 [DRIVER] Init SRAM block 0 at Addr 0x2dd with Data 0x1ee3173d
     14765 Mon: Initialize SRAM; Write to SRAM A, Addr: 0x2dd, Data: 0x1ee3173d
     14765 SB: Initialized memory A at address 0x2dd
     14775 [DRIVER] Init SRAM block 1 at Addr 0x2dd with Data 0x580965b0
     14775 Mon: Initialize SRAM; Write to SRAM B, Addr: 0x2dd, Data: 0x580965b0
     14775 SB: Initialized memory B at address 0x2dd
     14785 [DRIVER] Init SRAM block 0 at Addr 0x2de with Data 0x5ccb93b9
     14785 Mon: Initialize SRAM; Write to SRAM A, Addr: 0x2de, Data: 0x5ccb93b9
     14785 SB: Initialized memory A at address 0x2de
     14795 [DRIVER] Init SRAM block 1 at Addr 0x2de with Data 0x3638136c
     14795 Mon: Initialize SRAM; Write to SRAM B, Addr: 0x2de, Data: 0x3638136c
     14795 SB: Initialized memory B at address 0x2de
     14805 [DRIVER] Init SRAM block 0 at Addr 0x2df with Data 0x544fbfa8
     14805 Mon: Initialize SRAM; Write to SRAM A, Addr: 0x2df, Data: 0x544fbfa8
     14805 SB: Initialized memory A at address 0x2df
     14815 [DRIVER] Init SRAM block 1 at Addr 0x2df with Data 0x4d27799a
     14815 Mon: Initialize SRAM; Write to SRAM B, Addr: 0x2df, Data: 0x4d27799a
     14815 SB: Initialized memory B at address 0x2df
     14825 [DRIVER] Init SRAM block 0 at Addr 0x2e0 with Data 0x41031982
     14825 Mon: Initialize SRAM; Write to SRAM A, Addr: 0x2e0, Data: 0x41031982
     14825 SB: Initialized memory A at address 0x2e0
     14835 [DRIVER] Init SRAM block 1 at Addr 0x2e0 with Data 0x4eee339d
     14835 Mon: Initialize SRAM; Write to SRAM B, Addr: 0x2e0, Data: 0x4eee339d
     14835 SB: Initialized memory B at address 0x2e0
     14845 [DRIVER] Init SRAM block 0 at Addr 0x2e1 with Data 0x7e4a0ffc
     14845 Mon: Initialize SRAM; Write to SRAM A, Addr: 0x2e1, Data: 0x7e4a0ffc
     14845 SB: Initialized memory A at address 0x2e1
     14855 [DRIVER] Init SRAM block 1 at Addr 0x2e1 with Data 0xefebd4df
     14855 Mon: Initialize SRAM; Write to SRAM B, Addr: 0x2e1, Data: 0xefebd4df
     14855 SB: Initialized memory B at address 0x2e1
     14865 [DRIVER] Init SRAM block 0 at Addr 0x2e2 with Data 0xecc6d4d9
     14865 Mon: Initialize SRAM; Write to SRAM A, Addr: 0x2e2, Data: 0xecc6d4d9
     14865 SB: Initialized memory A at address 0x2e2
     14875 [DRIVER] Init SRAM block 1 at Addr 0x2e2 with Data 0x8658500c
     14875 Mon: Initialize SRAM; Write to SRAM B, Addr: 0x2e2, Data: 0x8658500c
     14875 SB: Initialized memory B at address 0x2e2
     14885 [DRIVER] Init SRAM block 0 at Addr 0x2e3 with Data 0x600951c0
     14885 Mon: Initialize SRAM; Write to SRAM A, Addr: 0x2e3, Data: 0x600951c0
     14885 SB: Initialized memory A at address 0x2e3
     14895 [DRIVER] Init SRAM block 1 at Addr 0x2e3 with Data 0xae7a545c
     14895 Mon: Initialize SRAM; Write to SRAM B, Addr: 0x2e3, Data: 0xae7a545c
     14895 SB: Initialized memory B at address 0x2e3
     14905 [DRIVER] Init SRAM block 0 at Addr 0x2e4 with Data 0x40f9f181
     14905 Mon: Initialize SRAM; Write to SRAM A, Addr: 0x2e4, Data: 0x40f9f181
     14905 SB: Initialized memory A at address 0x2e4
     14915 [DRIVER] Init SRAM block 1 at Addr 0x2e4 with Data 0xa79ca84f
     14915 Mon: Initialize SRAM; Write to SRAM B, Addr: 0x2e4, Data: 0xa79ca84f
     14915 SB: Initialized memory B at address 0x2e4
     14925 [DRIVER] Init SRAM block 0 at Addr 0x2e5 with Data 0xd43790a8
     14925 Mon: Initialize SRAM; Write to SRAM A, Addr: 0x2e5, Data: 0xd43790a8
     14925 SB: Initialized memory A at address 0x2e5
     14935 [DRIVER] Init SRAM block 1 at Addr 0x2e5 with Data 0x519a95a3
     14935 Mon: Initialize SRAM; Write to SRAM B, Addr: 0x2e5, Data: 0x519a95a3
     14935 SB: Initialized memory B at address 0x2e5
     14945 [DRIVER] Init SRAM block 0 at Addr 0x2e6 with Data 0xc4605888
     14945 Mon: Initialize SRAM; Write to SRAM A, Addr: 0x2e6, Data: 0xc4605888
     14945 SB: Initialized memory A at address 0x2e6
     14955 [DRIVER] Init SRAM block 1 at Addr 0x2e6 with Data 0x7c9b37f9
     14955 Mon: Initialize SRAM; Write to SRAM B, Addr: 0x2e6, Data: 0x7c9b37f9
     14955 SB: Initialized memory B at address 0x2e6
     14965 [DRIVER] Init SRAM block 0 at Addr 0x2e7 with Data 0xdefd9cbd
     14965 Mon: Initialize SRAM; Write to SRAM A, Addr: 0x2e7, Data: 0xdefd9cbd
     14965 SB: Initialized memory A at address 0x2e7
     14975 [DRIVER] Init SRAM block 1 at Addr 0x2e7 with Data 0x0c53ef18
     14975 Mon: Initialize SRAM; Write to SRAM B, Addr: 0x2e7, Data: 0xc53ef18
     14975 SB: Initialized memory B at address 0x2e7
     14985 [DRIVER] Init SRAM block 0 at Addr 0x2e8 with Data 0x0f8abb1f
     14985 Mon: Initialize SRAM; Write to SRAM A, Addr: 0x2e8, Data: 0xf8abb1f
     14985 SB: Initialized memory A at address 0x2e8
     14995 [DRIVER] Init SRAM block 1 at Addr 0x2e8 with Data 0x35e9b76b
     14995 Mon: Initialize SRAM; Write to SRAM B, Addr: 0x2e8, Data: 0x35e9b76b
     14995 SB: Initialized memory B at address 0x2e8
     15005 [DRIVER] Init SRAM block 0 at Addr 0x2e9 with Data 0xbecefe7d
     15005 Mon: Initialize SRAM; Write to SRAM A, Addr: 0x2e9, Data: 0xbecefe7d
     15005 SB: Initialized memory A at address 0x2e9
     15015 [DRIVER] Init SRAM block 1 at Addr 0x2e9 with Data 0x4b498396
     15015 Mon: Initialize SRAM; Write to SRAM B, Addr: 0x2e9, Data: 0x4b498396
     15015 SB: Initialized memory B at address 0x2e9
     15025 [DRIVER] Init SRAM block 0 at Addr 0x2ea with Data 0x8582800b
     15025 Mon: Initialize SRAM; Write to SRAM A, Addr: 0x2ea, Data: 0x8582800b
     15025 SB: Initialized memory A at address 0x2ea
     15035 [DRIVER] Init SRAM block 1 at Addr 0x2ea with Data 0x088fa311
     15035 Mon: Initialize SRAM; Write to SRAM B, Addr: 0x2ea, Data: 0x88fa311
     15035 SB: Initialized memory B at address 0x2ea
     15045 [DRIVER] Init SRAM block 0 at Addr 0x2eb with Data 0xc7f6028f
     15045 Mon: Initialize SRAM; Write to SRAM A, Addr: 0x2eb, Data: 0xc7f6028f
     15045 SB: Initialized memory A at address 0x2eb
     15055 [DRIVER] Init SRAM block 1 at Addr 0x2eb with Data 0x9fd6283f
     15055 Mon: Initialize SRAM; Write to SRAM B, Addr: 0x2eb, Data: 0x9fd6283f
     15055 SB: Initialized memory B at address 0x2eb
     15065 [DRIVER] Init SRAM block 0 at Addr 0x2ec with Data 0x0535d70a
     15065 Mon: Initialize SRAM; Write to SRAM A, Addr: 0x2ec, Data: 0x535d70a
     15065 SB: Initialized memory A at address 0x2ec
     15075 [DRIVER] Init SRAM block 1 at Addr 0x2ec with Data 0xbd823a7b
     15075 Mon: Initialize SRAM; Write to SRAM B, Addr: 0x2ec, Data: 0xbd823a7b
     15075 SB: Initialized memory B at address 0x2ec
     15085 [DRIVER] Init SRAM block 0 at Addr 0x2ed with Data 0x96dfb62d
     15085 Mon: Initialize SRAM; Write to SRAM A, Addr: 0x2ed, Data: 0x96dfb62d
     15085 SB: Initialized memory A at address 0x2ed
     15095 [DRIVER] Init SRAM block 1 at Addr 0x2ed with Data 0xe2e87ec5
     15095 Mon: Initialize SRAM; Write to SRAM B, Addr: 0x2ed, Data: 0xe2e87ec5
     15095 SB: Initialized memory B at address 0x2ed
     15105 [DRIVER] Init SRAM block 0 at Addr 0x2ee with Data 0xffa3aaff
     15105 Mon: Initialize SRAM; Write to SRAM A, Addr: 0x2ee, Data: 0xffa3aaff
     15105 SB: Initialized memory A at address 0x2ee
     15115 [DRIVER] Init SRAM block 1 at Addr 0x2ee with Data 0xaee0765d
     15115 Mon: Initialize SRAM; Write to SRAM B, Addr: 0x2ee, Data: 0xaee0765d
     15115 SB: Initialized memory B at address 0x2ee
     15125 [DRIVER] Init SRAM block 0 at Addr 0x2ef with Data 0xe527e6ca
     15125 Mon: Initialize SRAM; Write to SRAM A, Addr: 0x2ef, Data: 0xe527e6ca
     15125 SB: Initialized memory A at address 0x2ef
     15135 [DRIVER] Init SRAM block 1 at Addr 0x2ef with Data 0x6b9ee1d7
     15135 Mon: Initialize SRAM; Write to SRAM B, Addr: 0x2ef, Data: 0x6b9ee1d7
     15135 SB: Initialized memory B at address 0x2ef
     15145 [DRIVER] Init SRAM block 0 at Addr 0x2f0 with Data 0x1ec7a73d
     15145 Mon: Initialize SRAM; Write to SRAM A, Addr: 0x2f0, Data: 0x1ec7a73d
     15145 SB: Initialized memory A at address 0x2f0
     15155 [DRIVER] Init SRAM block 1 at Addr 0x2f0 with Data 0x6eef15dd
     15155 Mon: Initialize SRAM; Write to SRAM B, Addr: 0x2f0, Data: 0x6eef15dd
     15155 SB: Initialized memory B at address 0x2f0
     15165 [DRIVER] Init SRAM block 0 at Addr 0x2f1 with Data 0x0d651b1a
     15165 Mon: Initialize SRAM; Write to SRAM A, Addr: 0x2f1, Data: 0xd651b1a
     15165 SB: Initialized memory A at address 0x2f1
     15175 [DRIVER] Init SRAM block 1 at Addr 0x2f1 with Data 0xf5a36aeb
     15175 Mon: Initialize SRAM; Write to SRAM B, Addr: 0x2f1, Data: 0xf5a36aeb
     15175 SB: Initialized memory B at address 0x2f1
     15185 [DRIVER] Init SRAM block 0 at Addr 0x2f2 with Data 0x694639d2
     15185 Mon: Initialize SRAM; Write to SRAM A, Addr: 0x2f2, Data: 0x694639d2
     15185 SB: Initialized memory A at address 0x2f2
     15195 [DRIVER] Init SRAM block 1 at Addr 0x2f2 with Data 0x14d49329
     15195 Mon: Initialize SRAM; Write to SRAM B, Addr: 0x2f2, Data: 0x14d49329
     15195 SB: Initialized memory B at address 0x2f2
     15205 [DRIVER] Init SRAM block 0 at Addr 0x2f3 with Data 0x09b4a313
     15205 Mon: Initialize SRAM; Write to SRAM A, Addr: 0x2f3, Data: 0x9b4a313
     15205 SB: Initialized memory A at address 0x2f3
     15215 [DRIVER] Init SRAM block 1 at Addr 0x2f3 with Data 0x9347f826
     15215 Mon: Initialize SRAM; Write to SRAM B, Addr: 0x2f3, Data: 0x9347f826
     15215 SB: Initialized memory B at address 0x2f3
     15225 [DRIVER] Init SRAM block 0 at Addr 0x2f4 with Data 0x8ed88a1d
     15225 Mon: Initialize SRAM; Write to SRAM A, Addr: 0x2f4, Data: 0x8ed88a1d
     15225 SB: Initialized memory A at address 0x2f4
     15235 [DRIVER] Init SRAM block 1 at Addr 0x2f4 with Data 0xeb1528d6
     15235 Mon: Initialize SRAM; Write to SRAM B, Addr: 0x2f4, Data: 0xeb1528d6
     15235 SB: Initialized memory B at address 0x2f4
     15245 [DRIVER] Init SRAM block 0 at Addr 0x2f5 with Data 0x79068bf2
     15245 Mon: Initialize SRAM; Write to SRAM A, Addr: 0x2f5, Data: 0x79068bf2
     15245 SB: Initialized memory A at address 0x2f5
     15255 [DRIVER] Init SRAM block 1 at Addr 0x2f5 with Data 0xc762268e
     15255 Mon: Initialize SRAM; Write to SRAM B, Addr: 0x2f5, Data: 0xc762268e
     15255 SB: Initialized memory B at address 0x2f5
     15265 [DRIVER] Init SRAM block 0 at Addr 0x2f6 with Data 0xc9788892
     15265 Mon: Initialize SRAM; Write to SRAM A, Addr: 0x2f6, Data: 0xc9788892
     15265 SB: Initialized memory A at address 0x2f6
     15275 [DRIVER] Init SRAM block 1 at Addr 0x2f6 with Data 0xfbced2f7
     15275 Mon: Initialize SRAM; Write to SRAM B, Addr: 0x2f6, Data: 0xfbced2f7
     15275 SB: Initialized memory B at address 0x2f6
     15285 [DRIVER] Init SRAM block 0 at Addr 0x2f7 with Data 0xf7299aee
     15285 Mon: Initialize SRAM; Write to SRAM A, Addr: 0x2f7, Data: 0xf7299aee
     15285 SB: Initialized memory A at address 0x2f7
     15295 [DRIVER] Init SRAM block 1 at Addr 0x2f7 with Data 0xa2e74e45
     15295 Mon: Initialize SRAM; Write to SRAM B, Addr: 0x2f7, Data: 0xa2e74e45
     15295 SB: Initialized memory B at address 0x2f7
     15305 [DRIVER] Init SRAM block 0 at Addr 0x2f8 with Data 0x7f4ce1fe
     15305 Mon: Initialize SRAM; Write to SRAM A, Addr: 0x2f8, Data: 0x7f4ce1fe
     15305 SB: Initialized memory A at address 0x2f8
     15315 [DRIVER] Init SRAM block 1 at Addr 0x2f8 with Data 0xb6b5506d
     15315 Mon: Initialize SRAM; Write to SRAM B, Addr: 0x2f8, Data: 0xb6b5506d
     15315 SB: Initialized memory B at address 0x2f8
     15325 [DRIVER] Init SRAM block 0 at Addr 0x2f9 with Data 0xd39764a7
     15325 Mon: Initialize SRAM; Write to SRAM A, Addr: 0x2f9, Data: 0xd39764a7
     15325 SB: Initialized memory A at address 0x2f9
     15335 [DRIVER] Init SRAM block 1 at Addr 0x2f9 with Data 0x82489004
     15335 Mon: Initialize SRAM; Write to SRAM B, Addr: 0x2f9, Data: 0x82489004
     15335 SB: Initialized memory B at address 0x2f9
     15345 [DRIVER] Init SRAM block 0 at Addr 0x2fa with Data 0x9154fc22
     15345 Mon: Initialize SRAM; Write to SRAM A, Addr: 0x2fa, Data: 0x9154fc22
     15345 SB: Initialized memory A at address 0x2fa
     15355 [DRIVER] Init SRAM block 1 at Addr 0x2fa with Data 0xacce1c59
     15355 Mon: Initialize SRAM; Write to SRAM B, Addr: 0x2fa, Data: 0xacce1c59
     15355 SB: Initialized memory B at address 0x2fa
     15365 [DRIVER] Init SRAM block 0 at Addr 0x2fb with Data 0xf3002ee6
     15365 Mon: Initialize SRAM; Write to SRAM A, Addr: 0x2fb, Data: 0xf3002ee6
     15365 SB: Initialized memory A at address 0x2fb
     15375 [DRIVER] Init SRAM block 1 at Addr 0x2fb with Data 0xc68ec48d
     15375 Mon: Initialize SRAM; Write to SRAM B, Addr: 0x2fb, Data: 0xc68ec48d
     15375 SB: Initialized memory B at address 0x2fb
     15385 [DRIVER] Init SRAM block 0 at Addr 0x2fc with Data 0x02d50905
     15385 Mon: Initialize SRAM; Write to SRAM A, Addr: 0x2fc, Data: 0x2d50905
     15385 SB: Initialized memory A at address 0x2fc
     15395 [DRIVER] Init SRAM block 1 at Addr 0x2fc with Data 0x1dec713b
     15395 Mon: Initialize SRAM; Write to SRAM B, Addr: 0x2fc, Data: 0x1dec713b
     15395 SB: Initialized memory B at address 0x2fc
     15405 [DRIVER] Init SRAM block 0 at Addr 0x2fd with Data 0x679709cf
     15405 Mon: Initialize SRAM; Write to SRAM A, Addr: 0x2fd, Data: 0x679709cf
     15405 SB: Initialized memory A at address 0x2fd
     15415 [DRIVER] Init SRAM block 1 at Addr 0x2fd with Data 0xa636884c
     15415 Mon: Initialize SRAM; Write to SRAM B, Addr: 0x2fd, Data: 0xa636884c
     15415 SB: Initialized memory B at address 0x2fd
     15425 [DRIVER] Init SRAM block 0 at Addr 0x2fe with Data 0x6581f3cb
     15425 Mon: Initialize SRAM; Write to SRAM A, Addr: 0x2fe, Data: 0x6581f3cb
     15425 SB: Initialized memory A at address 0x2fe
     15435 [DRIVER] Init SRAM block 1 at Addr 0x2fe with Data 0xd3ed4ca7
     15435 Mon: Initialize SRAM; Write to SRAM B, Addr: 0x2fe, Data: 0xd3ed4ca7
     15435 SB: Initialized memory B at address 0x2fe
     15445 [DRIVER] Init SRAM block 0 at Addr 0x2ff with Data 0x0c1dbd18
     15445 Mon: Initialize SRAM; Write to SRAM A, Addr: 0x2ff, Data: 0xc1dbd18
     15445 SB: Initialized memory A at address 0x2ff
     15455 [DRIVER] Init SRAM block 1 at Addr 0x2ff with Data 0xf1cc38e3
     15455 Mon: Initialize SRAM; Write to SRAM B, Addr: 0x2ff, Data: 0xf1cc38e3
     15455 SB: Initialized memory B at address 0x2ff
     15465 [DRIVER] Init SRAM block 0 at Addr 0x300 with Data 0x366d676c
     15465 Mon: Initialize SRAM; Write to SRAM A, Addr: 0x300, Data: 0x366d676c
     15465 SB: Initialized memory A at address 0x300
     15475 [DRIVER] Init SRAM block 1 at Addr 0x300 with Data 0x87b3680f
     15475 Mon: Initialize SRAM; Write to SRAM B, Addr: 0x300, Data: 0x87b3680f
     15475 SB: Initialized memory B at address 0x300
     15485 [DRIVER] Init SRAM block 0 at Addr 0x301 with Data 0x2db0d95b
     15485 Mon: Initialize SRAM; Write to SRAM A, Addr: 0x301, Data: 0x2db0d95b
     15485 SB: Initialized memory A at address 0x301
     15495 [DRIVER] Init SRAM block 1 at Addr 0x301 with Data 0x6847f1d0
     15495 Mon: Initialize SRAM; Write to SRAM B, Addr: 0x301, Data: 0x6847f1d0
     15495 SB: Initialized memory B at address 0x301
     15505 [DRIVER] Init SRAM block 0 at Addr 0x302 with Data 0x17b1cd2f
     15505 Mon: Initialize SRAM; Write to SRAM A, Addr: 0x302, Data: 0x17b1cd2f
     15505 SB: Initialized memory A at address 0x302
     15515 [DRIVER] Init SRAM block 1 at Addr 0x302 with Data 0xcbe34297
     15515 Mon: Initialize SRAM; Write to SRAM B, Addr: 0x302, Data: 0xcbe34297
     15515 SB: Initialized memory B at address 0x302
     15525 [DRIVER] Init SRAM block 0 at Addr 0x303 with Data 0x1053a720
     15525 Mon: Initialize SRAM; Write to SRAM A, Addr: 0x303, Data: 0x1053a720
     15525 SB: Initialized memory A at address 0x303
     15535 [DRIVER] Init SRAM block 1 at Addr 0x303 with Data 0xf7298cee
     15535 Mon: Initialize SRAM; Write to SRAM B, Addr: 0x303, Data: 0xf7298cee
     15535 SB: Initialized memory B at address 0x303
     15545 [DRIVER] Init SRAM block 0 at Addr 0x304 with Data 0x92de5425
     15545 Mon: Initialize SRAM; Write to SRAM A, Addr: 0x304, Data: 0x92de5425
     15545 SB: Initialized memory A at address 0x304
     15555 [DRIVER] Init SRAM block 1 at Addr 0x304 with Data 0x395f1772
     15555 Mon: Initialize SRAM; Write to SRAM B, Addr: 0x304, Data: 0x395f1772
     15555 SB: Initialized memory B at address 0x304
     15565 [DRIVER] Init SRAM block 0 at Addr 0x305 with Data 0xda3c32b4
     15565 Mon: Initialize SRAM; Write to SRAM A, Addr: 0x305, Data: 0xda3c32b4
     15565 SB: Initialized memory A at address 0x305
     15575 [DRIVER] Init SRAM block 1 at Addr 0x305 with Data 0x0254a704
     15575 Mon: Initialize SRAM; Write to SRAM B, Addr: 0x305, Data: 0x254a704
     15575 SB: Initialized memory B at address 0x305
     15585 [DRIVER] Init SRAM block 0 at Addr 0x306 with Data 0xd022e8a0
     15585 Mon: Initialize SRAM; Write to SRAM A, Addr: 0x306, Data: 0xd022e8a0
     15585 SB: Initialized memory A at address 0x306
     15595 [DRIVER] Init SRAM block 1 at Addr 0x306 with Data 0x5982e1b3
     15595 Mon: Initialize SRAM; Write to SRAM B, Addr: 0x306, Data: 0x5982e1b3
     15595 SB: Initialized memory B at address 0x306
     15605 [DRIVER] Init SRAM block 0 at Addr 0x307 with Data 0x31df4b63
     15605 Mon: Initialize SRAM; Write to SRAM A, Addr: 0x307, Data: 0x31df4b63
     15605 SB: Initialized memory A at address 0x307
     15615 [DRIVER] Init SRAM block 1 at Addr 0x307 with Data 0x8fac9e1f
     15615 Mon: Initialize SRAM; Write to SRAM B, Addr: 0x307, Data: 0x8fac9e1f
     15615 SB: Initialized memory B at address 0x307
     15625 [DRIVER] Init SRAM block 0 at Addr 0x308 with Data 0x6e3c37dc
     15625 Mon: Initialize SRAM; Write to SRAM A, Addr: 0x308, Data: 0x6e3c37dc
     15625 SB: Initialized memory A at address 0x308
     15635 [DRIVER] Init SRAM block 1 at Addr 0x308 with Data 0x8a205c14
     15635 Mon: Initialize SRAM; Write to SRAM B, Addr: 0x308, Data: 0x8a205c14
     15635 SB: Initialized memory B at address 0x308
     15645 [DRIVER] Init SRAM block 0 at Addr 0x309 with Data 0x9abc7835
     15645 Mon: Initialize SRAM; Write to SRAM A, Addr: 0x309, Data: 0x9abc7835
     15645 SB: Initialized memory A at address 0x309
     15655 [DRIVER] Init SRAM block 1 at Addr 0x309 with Data 0xf2708ce4
     15655 Mon: Initialize SRAM; Write to SRAM B, Addr: 0x309, Data: 0xf2708ce4
     15655 SB: Initialized memory B at address 0x309
     15665 [DRIVER] Init SRAM block 0 at Addr 0x30a with Data 0x671fa9ce
     15665 Mon: Initialize SRAM; Write to SRAM A, Addr: 0x30a, Data: 0x671fa9ce
     15665 SB: Initialized memory A at address 0x30a
     15675 [DRIVER] Init SRAM block 1 at Addr 0x30a with Data 0xd73b04ae
     15675 Mon: Initialize SRAM; Write to SRAM B, Addr: 0x30a, Data: 0xd73b04ae
     15675 SB: Initialized memory B at address 0x30a
     15685 [DRIVER] Init SRAM block 0 at Addr 0x30b with Data 0x5cea0bb9
     15685 Mon: Initialize SRAM; Write to SRAM A, Addr: 0x30b, Data: 0x5cea0bb9
     15685 SB: Initialized memory A at address 0x30b
     15695 [DRIVER] Init SRAM block 1 at Addr 0x30b with Data 0x525751a4
     15695 Mon: Initialize SRAM; Write to SRAM B, Addr: 0x30b, Data: 0x525751a4
     15695 SB: Initialized memory B at address 0x30b
     15705 [DRIVER] Init SRAM block 0 at Addr 0x30c with Data 0xad676c5a
     15705 Mon: Initialize SRAM; Write to SRAM A, Addr: 0x30c, Data: 0xad676c5a
     15705 SB: Initialized memory A at address 0x30c
     15715 [DRIVER] Init SRAM block 1 at Addr 0x30c with Data 0x8684180d
     15715 Mon: Initialize SRAM; Write to SRAM B, Addr: 0x30c, Data: 0x8684180d
     15715 SB: Initialized memory B at address 0x30c
     15725 [DRIVER] Init SRAM block 0 at Addr 0x30d with Data 0x83610a06
     15725 Mon: Initialize SRAM; Write to SRAM A, Addr: 0x30d, Data: 0x83610a06
     15725 SB: Initialized memory A at address 0x30d
     15735 [DRIVER] Init SRAM block 1 at Addr 0x30d with Data 0x2a6b8354
     15735 Mon: Initialize SRAM; Write to SRAM B, Addr: 0x30d, Data: 0x2a6b8354
     15735 SB: Initialized memory B at address 0x30d
     15745 [DRIVER] Init SRAM block 0 at Addr 0x30e with Data 0xee7e6adc
     15745 Mon: Initialize SRAM; Write to SRAM A, Addr: 0x30e, Data: 0xee7e6adc
     15745 SB: Initialized memory A at address 0x30e
     15755 [DRIVER] Init SRAM block 1 at Addr 0x30e with Data 0xd09690a1
     15755 Mon: Initialize SRAM; Write to SRAM B, Addr: 0x30e, Data: 0xd09690a1
     15755 SB: Initialized memory B at address 0x30e
     15765 [DRIVER] Init SRAM block 0 at Addr 0x30f with Data 0x3d09457a
     15765 Mon: Initialize SRAM; Write to SRAM A, Addr: 0x30f, Data: 0x3d09457a
     15765 SB: Initialized memory A at address 0x30f
     15775 [DRIVER] Init SRAM block 1 at Addr 0x30f with Data 0x9ba78037
     15775 Mon: Initialize SRAM; Write to SRAM B, Addr: 0x30f, Data: 0x9ba78037
     15775 SB: Initialized memory B at address 0x30f
     15785 [DRIVER] Init SRAM block 0 at Addr 0x310 with Data 0xa58c544b
     15785 Mon: Initialize SRAM; Write to SRAM A, Addr: 0x310, Data: 0xa58c544b
     15785 SB: Initialized memory A at address 0x310
     15795 [DRIVER] Init SRAM block 1 at Addr 0x310 with Data 0x03f32b07
     15795 Mon: Initialize SRAM; Write to SRAM B, Addr: 0x310, Data: 0x3f32b07
     15795 SB: Initialized memory B at address 0x310
     15805 [DRIVER] Init SRAM block 0 at Addr 0x311 with Data 0xac854659
     15805 Mon: Initialize SRAM; Write to SRAM A, Addr: 0x311, Data: 0xac854659
     15805 SB: Initialized memory A at address 0x311
     15815 [DRIVER] Init SRAM block 1 at Addr 0x311 with Data 0x2f51675e
     15815 Mon: Initialize SRAM; Write to SRAM B, Addr: 0x311, Data: 0x2f51675e
     15815 SB: Initialized memory B at address 0x311
     15825 [DRIVER] Init SRAM block 0 at Addr 0x312 with Data 0x6b2191d6
     15825 Mon: Initialize SRAM; Write to SRAM A, Addr: 0x312, Data: 0x6b2191d6
     15825 SB: Initialized memory A at address 0x312
     15835 [DRIVER] Init SRAM block 1 at Addr 0x312 with Data 0x0dbc631b
     15835 Mon: Initialize SRAM; Write to SRAM B, Addr: 0x312, Data: 0xdbc631b
     15835 SB: Initialized memory B at address 0x312
     15845 [DRIVER] Init SRAM block 0 at Addr 0x313 with Data 0xf2be5ae5
     15845 Mon: Initialize SRAM; Write to SRAM A, Addr: 0x313, Data: 0xf2be5ae5
     15845 SB: Initialized memory A at address 0x313
     15855 [DRIVER] Init SRAM block 1 at Addr 0x313 with Data 0x651711ca
     15855 Mon: Initialize SRAM; Write to SRAM B, Addr: 0x313, Data: 0x651711ca
     15855 SB: Initialized memory B at address 0x313
     15865 [DRIVER] Init SRAM block 0 at Addr 0x314 with Data 0x2da34f5b
     15865 Mon: Initialize SRAM; Write to SRAM A, Addr: 0x314, Data: 0x2da34f5b
     15865 SB: Initialized memory A at address 0x314
     15875 [DRIVER] Init SRAM block 1 at Addr 0x314 with Data 0x24327548
     15875 Mon: Initialize SRAM; Write to SRAM B, Addr: 0x314, Data: 0x24327548
     15875 SB: Initialized memory B at address 0x314
     15885 [DRIVER] Init SRAM block 0 at Addr 0x315 with Data 0x00308d00
     15885 Mon: Initialize SRAM; Write to SRAM A, Addr: 0x315, Data: 0x308d00
     15885 SB: Initialized memory A at address 0x315
     15895 [DRIVER] Init SRAM block 1 at Addr 0x315 with Data 0x28ea1951
     15895 Mon: Initialize SRAM; Write to SRAM B, Addr: 0x315, Data: 0x28ea1951
     15895 SB: Initialized memory B at address 0x315
     15905 [DRIVER] Init SRAM block 0 at Addr 0x316 with Data 0xbe777a7c
     15905 Mon: Initialize SRAM; Write to SRAM A, Addr: 0x316, Data: 0xbe777a7c
     15905 SB: Initialized memory A at address 0x316
     15915 [DRIVER] Init SRAM block 1 at Addr 0x316 with Data 0x0eef5d1d
     15915 Mon: Initialize SRAM; Write to SRAM B, Addr: 0x316, Data: 0xeef5d1d
     15915 SB: Initialized memory B at address 0x316
     15925 [DRIVER] Init SRAM block 0 at Addr 0x317 with Data 0x78f6abf1
     15925 Mon: Initialize SRAM; Write to SRAM A, Addr: 0x317, Data: 0x78f6abf1
     15925 SB: Initialized memory A at address 0x317
     15935 [DRIVER] Init SRAM block 1 at Addr 0x317 with Data 0x0c9bdf19
     15935 Mon: Initialize SRAM; Write to SRAM B, Addr: 0x317, Data: 0xc9bdf19
     15935 SB: Initialized memory B at address 0x317
     15945 [DRIVER] Init SRAM block 0 at Addr 0x318 with Data 0xdff0bcbf
     15945 Mon: Initialize SRAM; Write to SRAM A, Addr: 0x318, Data: 0xdff0bcbf
     15945 SB: Initialized memory A at address 0x318
     15955 [DRIVER] Init SRAM block 1 at Addr 0x318 with Data 0x48e2d791
     15955 Mon: Initialize SRAM; Write to SRAM B, Addr: 0x318, Data: 0x48e2d791
     15955 SB: Initialized memory B at address 0x318
     15965 [DRIVER] Init SRAM block 0 at Addr 0x319 with Data 0xb7963e6f
     15965 Mon: Initialize SRAM; Write to SRAM A, Addr: 0x319, Data: 0xb7963e6f
     15965 SB: Initialized memory A at address 0x319
     15975 [DRIVER] Init SRAM block 1 at Addr 0x319 with Data 0xe1397ac2
     15975 Mon: Initialize SRAM; Write to SRAM B, Addr: 0x319, Data: 0xe1397ac2
     15975 SB: Initialized memory B at address 0x319
     15985 [DRIVER] Init SRAM block 0 at Addr 0x31a with Data 0xbffa847f
     15985 Mon: Initialize SRAM; Write to SRAM A, Addr: 0x31a, Data: 0xbffa847f
     15985 SB: Initialized memory A at address 0x31a
     15995 [DRIVER] Init SRAM block 1 at Addr 0x31a with Data 0xf80e5ef0
     15995 Mon: Initialize SRAM; Write to SRAM B, Addr: 0x31a, Data: 0xf80e5ef0
     15995 SB: Initialized memory B at address 0x31a
     16005 [DRIVER] Init SRAM block 0 at Addr 0x31b with Data 0xba8b9475
     16005 Mon: Initialize SRAM; Write to SRAM A, Addr: 0x31b, Data: 0xba8b9475
     16005 SB: Initialized memory A at address 0x31b
     16015 [DRIVER] Init SRAM block 1 at Addr 0x31b with Data 0x0c27cd18
     16015 Mon: Initialize SRAM; Write to SRAM B, Addr: 0x31b, Data: 0xc27cd18
     16015 SB: Initialized memory B at address 0x31b
     16025 [DRIVER] Init SRAM block 0 at Addr 0x31c with Data 0x8b84fe17
     16025 Mon: Initialize SRAM; Write to SRAM A, Addr: 0x31c, Data: 0x8b84fe17
     16025 SB: Initialized memory A at address 0x31c
     16035 [DRIVER] Init SRAM block 1 at Addr 0x31c with Data 0x77012fee
     16035 Mon: Initialize SRAM; Write to SRAM B, Addr: 0x31c, Data: 0x77012fee
     16035 SB: Initialized memory B at address 0x31c
     16045 [DRIVER] Init SRAM block 0 at Addr 0x31d with Data 0x8895ba11
     16045 Mon: Initialize SRAM; Write to SRAM A, Addr: 0x31d, Data: 0x8895ba11
     16045 SB: Initialized memory A at address 0x31d
     16055 [DRIVER] Init SRAM block 1 at Addr 0x31d with Data 0xb3ff6c67
     16055 Mon: Initialize SRAM; Write to SRAM B, Addr: 0x31d, Data: 0xb3ff6c67
     16055 SB: Initialized memory B at address 0x31d
     16065 [DRIVER] Init SRAM block 0 at Addr 0x31e with Data 0x86b1140d
     16065 Mon: Initialize SRAM; Write to SRAM A, Addr: 0x31e, Data: 0x86b1140d
     16065 SB: Initialized memory A at address 0x31e
     16075 [DRIVER] Init SRAM block 1 at Addr 0x31e with Data 0xec1446d8
     16075 Mon: Initialize SRAM; Write to SRAM B, Addr: 0x31e, Data: 0xec1446d8
     16075 SB: Initialized memory B at address 0x31e
     16085 [DRIVER] Init SRAM block 0 at Addr 0x31f with Data 0x57c27daf
     16085 Mon: Initialize SRAM; Write to SRAM A, Addr: 0x31f, Data: 0x57c27daf
     16085 SB: Initialized memory A at address 0x31f
     16095 [DRIVER] Init SRAM block 1 at Addr 0x31f with Data 0xa128b842
     16095 Mon: Initialize SRAM; Write to SRAM B, Addr: 0x31f, Data: 0xa128b842
     16095 SB: Initialized memory B at address 0x31f
     16105 [DRIVER] Init SRAM block 0 at Addr 0x320 with Data 0xd5bc72ab
     16105 Mon: Initialize SRAM; Write to SRAM A, Addr: 0x320, Data: 0xd5bc72ab
     16105 SB: Initialized memory A at address 0x320
     16115 [DRIVER] Init SRAM block 1 at Addr 0x320 with Data 0x2a665f54
     16115 Mon: Initialize SRAM; Write to SRAM B, Addr: 0x320, Data: 0x2a665f54
     16115 SB: Initialized memory B at address 0x320
     16125 [DRIVER] Init SRAM block 0 at Addr 0x321 with Data 0x833a6206
     16125 Mon: Initialize SRAM; Write to SRAM A, Addr: 0x321, Data: 0x833a6206
     16125 SB: Initialized memory A at address 0x321
     16135 [DRIVER] Init SRAM block 1 at Addr 0x321 with Data 0x6e37cddc
     16135 Mon: Initialize SRAM; Write to SRAM B, Addr: 0x321, Data: 0x6e37cddc
     16135 SB: Initialized memory B at address 0x321
     16145 [DRIVER] Init SRAM block 0 at Addr 0x322 with Data 0xe2ad84c5
     16145 Mon: Initialize SRAM; Write to SRAM A, Addr: 0x322, Data: 0xe2ad84c5
     16145 SB: Initialized memory A at address 0x322
     16155 [DRIVER] Init SRAM block 1 at Addr 0x322 with Data 0xd897f4b1
     16155 Mon: Initialize SRAM; Write to SRAM B, Addr: 0x322, Data: 0xd897f4b1
     16155 SB: Initialized memory B at address 0x322
     16165 [DRIVER] Init SRAM block 0 at Addr 0x323 with Data 0x1bccbd37
     16165 Mon: Initialize SRAM; Write to SRAM A, Addr: 0x323, Data: 0x1bccbd37
     16165 SB: Initialized memory A at address 0x323
     16175 [DRIVER] Init SRAM block 1 at Addr 0x323 with Data 0x640885c8
     16175 Mon: Initialize SRAM; Write to SRAM B, Addr: 0x323, Data: 0x640885c8
     16175 SB: Initialized memory B at address 0x323
     16185 [DRIVER] Init SRAM block 0 at Addr 0x324 with Data 0x0bbf7917
     16185 Mon: Initialize SRAM; Write to SRAM A, Addr: 0x324, Data: 0xbbf7917
     16185 SB: Initialized memory A at address 0x324
     16195 [DRIVER] Init SRAM block 1 at Addr 0x324 with Data 0x99474432
     16195 Mon: Initialize SRAM; Write to SRAM B, Addr: 0x324, Data: 0x99474432
     16195 SB: Initialized memory B at address 0x324
     16205 [DRIVER] Init SRAM block 0 at Addr 0x325 with Data 0x9f3b963e
     16205 Mon: Initialize SRAM; Write to SRAM A, Addr: 0x325, Data: 0x9f3b963e
     16205 SB: Initialized memory A at address 0x325
     16215 [DRIVER] Init SRAM block 1 at Addr 0x325 with Data 0x1d9a7b3b
     16215 Mon: Initialize SRAM; Write to SRAM B, Addr: 0x325, Data: 0x1d9a7b3b
     16215 SB: Initialized memory B at address 0x325
     16225 [DRIVER] Init SRAM block 0 at Addr 0x326 with Data 0x068e3b0d
     16225 Mon: Initialize SRAM; Write to SRAM A, Addr: 0x326, Data: 0x68e3b0d
     16225 SB: Initialized memory A at address 0x326
     16235 [DRIVER] Init SRAM block 1 at Addr 0x326 with Data 0xb14c4a62
     16235 Mon: Initialize SRAM; Write to SRAM B, Addr: 0x326, Data: 0xb14c4a62
     16235 SB: Initialized memory B at address 0x326
     16245 [DRIVER] Init SRAM block 0 at Addr 0x327 with Data 0x2247b944
     16245 Mon: Initialize SRAM; Write to SRAM A, Addr: 0x327, Data: 0x2247b944
     16245 SB: Initialized memory A at address 0x327
     16255 [DRIVER] Init SRAM block 1 at Addr 0x327 with Data 0xcfad0e9f
     16255 Mon: Initialize SRAM; Write to SRAM B, Addr: 0x327, Data: 0xcfad0e9f
     16255 SB: Initialized memory B at address 0x327
     16265 [DRIVER] Init SRAM block 0 at Addr 0x328 with Data 0x24027348
     16265 Mon: Initialize SRAM; Write to SRAM A, Addr: 0x328, Data: 0x24027348
     16265 SB: Initialized memory A at address 0x328
     16275 [DRIVER] Init SRAM block 1 at Addr 0x328 with Data 0x67b4c1cf
     16275 Mon: Initialize SRAM; Write to SRAM B, Addr: 0x328, Data: 0x67b4c1cf
     16275 SB: Initialized memory B at address 0x328
     16285 [DRIVER] Init SRAM block 0 at Addr 0x329 with Data 0xf97cb4f2
     16285 Mon: Initialize SRAM; Write to SRAM A, Addr: 0x329, Data: 0xf97cb4f2
     16285 SB: Initialized memory A at address 0x329
     16295 [DRIVER] Init SRAM block 1 at Addr 0x329 with Data 0xd01b58a0
     16295 Mon: Initialize SRAM; Write to SRAM B, Addr: 0x329, Data: 0xd01b58a0
     16295 SB: Initialized memory B at address 0x329
     16305 [DRIVER] Init SRAM block 0 at Addr 0x32a with Data 0x60fd93c1
     16305 Mon: Initialize SRAM; Write to SRAM A, Addr: 0x32a, Data: 0x60fd93c1
     16305 SB: Initialized memory A at address 0x32a
     16315 [DRIVER] Init SRAM block 1 at Addr 0x32a with Data 0x1b802737
     16315 Mon: Initialize SRAM; Write to SRAM B, Addr: 0x32a, Data: 0x1b802737
     16315 SB: Initialized memory B at address 0x32a
     16325 [DRIVER] Init SRAM block 0 at Addr 0x32b with Data 0xacbcd059
     16325 Mon: Initialize SRAM; Write to SRAM A, Addr: 0x32b, Data: 0xacbcd059
     16325 SB: Initialized memory A at address 0x32b
     16335 [DRIVER] Init SRAM block 1 at Addr 0x32b with Data 0xb8f83871
     16335 Mon: Initialize SRAM; Write to SRAM B, Addr: 0x32b, Data: 0xb8f83871
     16335 SB: Initialized memory B at address 0x32b
     16345 [DRIVER] Init SRAM block 0 at Addr 0x32c with Data 0xefc5c0df
     16345 Mon: Initialize SRAM; Write to SRAM A, Addr: 0x32c, Data: 0xefc5c0df
     16345 SB: Initialized memory A at address 0x32c
     16355 [DRIVER] Init SRAM block 1 at Addr 0x32c with Data 0xcb1bb696
     16355 Mon: Initialize SRAM; Write to SRAM B, Addr: 0x32c, Data: 0xcb1bb696
     16355 SB: Initialized memory B at address 0x32c
     16365 [DRIVER] Init SRAM block 0 at Addr 0x32d with Data 0xc18d1c83
     16365 Mon: Initialize SRAM; Write to SRAM A, Addr: 0x32d, Data: 0xc18d1c83
     16365 SB: Initialized memory A at address 0x32d
     16375 [DRIVER] Init SRAM block 1 at Addr 0x32d with Data 0x436a4786
     16375 Mon: Initialize SRAM; Write to SRAM B, Addr: 0x32d, Data: 0x436a4786
     16375 SB: Initialized memory B at address 0x32d
     16385 [DRIVER] Init SRAM block 0 at Addr 0x32e with Data 0xa631ec4c
     16385 Mon: Initialize SRAM; Write to SRAM A, Addr: 0x32e, Data: 0xa631ec4c
     16385 SB: Initialized memory A at address 0x32e
     16395 [DRIVER] Init SRAM block 1 at Addr 0x32e with Data 0x899e6a13
     16395 Mon: Initialize SRAM; Write to SRAM B, Addr: 0x32e, Data: 0x899e6a13
     16395 SB: Initialized memory B at address 0x32e
     16405 [DRIVER] Init SRAM block 0 at Addr 0x32f with Data 0xa8216250
     16405 Mon: Initialize SRAM; Write to SRAM A, Addr: 0x32f, Data: 0xa8216250
     16405 SB: Initialized memory A at address 0x32f
     16415 [DRIVER] Init SRAM block 1 at Addr 0x32f with Data 0xb647e06c
     16415 Mon: Initialize SRAM; Write to SRAM B, Addr: 0x32f, Data: 0xb647e06c
     16415 SB: Initialized memory B at address 0x32f
     16425 [DRIVER] Init SRAM block 0 at Addr 0x330 with Data 0x7c95c1f9
     16425 Mon: Initialize SRAM; Write to SRAM A, Addr: 0x330, Data: 0x7c95c1f9
     16425 SB: Initialized memory A at address 0x330
     16435 [DRIVER] Init SRAM block 1 at Addr 0x330 with Data 0x1dc5013b
     16435 Mon: Initialize SRAM; Write to SRAM B, Addr: 0x330, Data: 0x1dc5013b
     16435 SB: Initialized memory B at address 0x330
     16445 [DRIVER] Init SRAM block 0 at Addr 0x331 with Data 0xd72830ae
     16445 Mon: Initialize SRAM; Write to SRAM A, Addr: 0x331, Data: 0xd72830ae
     16445 SB: Initialized memory A at address 0x331
     16455 [DRIVER] Init SRAM block 1 at Addr 0x331 with Data 0x84732208
     16455 Mon: Initialize SRAM; Write to SRAM B, Addr: 0x331, Data: 0x84732208
     16455 SB: Initialized memory B at address 0x331
     16465 [DRIVER] Init SRAM block 0 at Addr 0x332 with Data 0x096dab12
     16465 Mon: Initialize SRAM; Write to SRAM A, Addr: 0x332, Data: 0x96dab12
     16465 SB: Initialized memory A at address 0x332
     16475 [DRIVER] Init SRAM block 1 at Addr 0x332 with Data 0xc6adf48d
     16475 Mon: Initialize SRAM; Write to SRAM B, Addr: 0x332, Data: 0xc6adf48d
     16475 SB: Initialized memory B at address 0x332
     16485 [DRIVER] Init SRAM block 0 at Addr 0x333 with Data 0xe256d0c4
     16485 Mon: Initialize SRAM; Write to SRAM A, Addr: 0x333, Data: 0xe256d0c4
     16485 SB: Initialized memory A at address 0x333
     16495 [DRIVER] Init SRAM block 1 at Addr 0x333 with Data 0x76f5e9ed
     16495 Mon: Initialize SRAM; Write to SRAM B, Addr: 0x333, Data: 0x76f5e9ed
     16495 SB: Initialized memory B at address 0x333
     16505 [DRIVER] Init SRAM block 0 at Addr 0x334 with Data 0xa5cad44b
     16505 Mon: Initialize SRAM; Write to SRAM A, Addr: 0x334, Data: 0xa5cad44b
     16505 SB: Initialized memory A at address 0x334
     16515 [DRIVER] Init SRAM block 1 at Addr 0x334 with Data 0xe25582c4
     16515 Mon: Initialize SRAM; Write to SRAM B, Addr: 0x334, Data: 0xe25582c4
     16515 SB: Initialized memory B at address 0x334
     16525 [DRIVER] Init SRAM block 0 at Addr 0x335 with Data 0x17b54f2f
     16525 Mon: Initialize SRAM; Write to SRAM A, Addr: 0x335, Data: 0x17b54f2f
     16525 SB: Initialized memory A at address 0x335
     16535 [DRIVER] Init SRAM block 1 at Addr 0x335 with Data 0x7eddcdfd
     16535 Mon: Initialize SRAM; Write to SRAM B, Addr: 0x335, Data: 0x7eddcdfd
     16535 SB: Initialized memory B at address 0x335
     16545 [DRIVER] Init SRAM block 0 at Addr 0x336 with Data 0xa67f2a4c
     16545 Mon: Initialize SRAM; Write to SRAM A, Addr: 0x336, Data: 0xa67f2a4c
     16545 SB: Initialized memory A at address 0x336
     16555 [DRIVER] Init SRAM block 1 at Addr 0x336 with Data 0xf1d1a6e3
     16555 Mon: Initialize SRAM; Write to SRAM B, Addr: 0x336, Data: 0xf1d1a6e3
     16555 SB: Initialized memory B at address 0x336
     16565 [DRIVER] Init SRAM block 0 at Addr 0x337 with Data 0xefaa78df
     16565 Mon: Initialize SRAM; Write to SRAM A, Addr: 0x337, Data: 0xefaa78df
     16565 SB: Initialized memory A at address 0x337
     16575 [DRIVER] Init SRAM block 1 at Addr 0x337 with Data 0x0ad82f15
     16575 Mon: Initialize SRAM; Write to SRAM B, Addr: 0x337, Data: 0xad82f15
     16575 SB: Initialized memory B at address 0x337
     16585 [DRIVER] Init SRAM block 0 at Addr 0x338 with Data 0xd6095aac
     16585 Mon: Initialize SRAM; Write to SRAM A, Addr: 0x338, Data: 0xd6095aac
     16585 SB: Initialized memory A at address 0x338
     16595 [DRIVER] Init SRAM block 1 at Addr 0x338 with Data 0x374e1d6e
     16595 Mon: Initialize SRAM; Write to SRAM B, Addr: 0x338, Data: 0x374e1d6e
     16595 SB: Initialized memory B at address 0x338
     16605 [DRIVER] Init SRAM block 0 at Addr 0x339 with Data 0x5bc7d9b7
     16605 Mon: Initialize SRAM; Write to SRAM A, Addr: 0x339, Data: 0x5bc7d9b7
     16605 SB: Initialized memory A at address 0x339
     16615 [DRIVER] Init SRAM block 1 at Addr 0x339 with Data 0x7c8e27f9
     16615 Mon: Initialize SRAM; Write to SRAM B, Addr: 0x339, Data: 0x7c8e27f9
     16615 SB: Initialized memory B at address 0x339
     16625 [DRIVER] Init SRAM block 0 at Addr 0x33a with Data 0x1b40cf36
     16625 Mon: Initialize SRAM; Write to SRAM A, Addr: 0x33a, Data: 0x1b40cf36
     16625 SB: Initialized memory A at address 0x33a
     16635 [DRIVER] Init SRAM block 1 at Addr 0x33a with Data 0xe9c860d3
     16635 Mon: Initialize SRAM; Write to SRAM B, Addr: 0x33a, Data: 0xe9c860d3
     16635 SB: Initialized memory B at address 0x33a
     16645 [DRIVER] Init SRAM block 0 at Addr 0x33b with Data 0xc055bc80
     16645 Mon: Initialize SRAM; Write to SRAM A, Addr: 0x33b, Data: 0xc055bc80
     16645 SB: Initialized memory A at address 0x33b
     16655 [DRIVER] Init SRAM block 1 at Addr 0x33b with Data 0x19c09533
     16655 Mon: Initialize SRAM; Write to SRAM B, Addr: 0x33b, Data: 0x19c09533
     16655 SB: Initialized memory B at address 0x33b
     16665 [DRIVER] Init SRAM block 0 at Addr 0x33c with Data 0xf8c1b2f1
     16665 Mon: Initialize SRAM; Write to SRAM A, Addr: 0x33c, Data: 0xf8c1b2f1
     16665 SB: Initialized memory A at address 0x33c
     16675 [DRIVER] Init SRAM block 1 at Addr 0x33c with Data 0xba8bac75
     16675 Mon: Initialize SRAM; Write to SRAM B, Addr: 0x33c, Data: 0xba8bac75
     16675 SB: Initialized memory B at address 0x33c
     16685 [DRIVER] Init SRAM block 0 at Addr 0x33d with Data 0x249f2f49
     16685 Mon: Initialize SRAM; Write to SRAM A, Addr: 0x33d, Data: 0x249f2f49
     16685 SB: Initialized memory A at address 0x33d
     16695 [DRIVER] Init SRAM block 1 at Addr 0x33d with Data 0x9524102a
     16695 Mon: Initialize SRAM; Write to SRAM B, Addr: 0x33d, Data: 0x9524102a
     16695 SB: Initialized memory B at address 0x33d
     16705 [DRIVER] Init SRAM block 0 at Addr 0x33e with Data 0x5118f5a2
     16705 Mon: Initialize SRAM; Write to SRAM A, Addr: 0x33e, Data: 0x5118f5a2
     16705 SB: Initialized memory A at address 0x33e
     16715 [DRIVER] Init SRAM block 1 at Addr 0x33e with Data 0x286cff50
     16715 Mon: Initialize SRAM; Write to SRAM B, Addr: 0x33e, Data: 0x286cff50
     16715 SB: Initialized memory B at address 0x33e
     16725 [DRIVER] Init SRAM block 0 at Addr 0x33f with Data 0xe5fdfacb
     16725 Mon: Initialize SRAM; Write to SRAM A, Addr: 0x33f, Data: 0xe5fdfacb
     16725 SB: Initialized memory A at address 0x33f
     16735 [DRIVER] Init SRAM block 1 at Addr 0x33f with Data 0x0afcf915
     16735 Mon: Initialize SRAM; Write to SRAM B, Addr: 0x33f, Data: 0xafcf915
     16735 SB: Initialized memory B at address 0x33f
     16745 [DRIVER] Init SRAM block 0 at Addr 0x340 with Data 0x9bb03e37
     16745 Mon: Initialize SRAM; Write to SRAM A, Addr: 0x340, Data: 0x9bb03e37
     16745 SB: Initialized memory A at address 0x340
     16755 [DRIVER] Init SRAM block 1 at Addr 0x340 with Data 0xdcc714b9
     16755 Mon: Initialize SRAM; Write to SRAM B, Addr: 0x340, Data: 0xdcc714b9
     16755 SB: Initialized memory B at address 0x340
     16765 [DRIVER] Init SRAM block 0 at Addr 0x341 with Data 0xf9a6aef3
     16765 Mon: Initialize SRAM; Write to SRAM A, Addr: 0x341, Data: 0xf9a6aef3
     16765 SB: Initialized memory A at address 0x341
     16775 [DRIVER] Init SRAM block 1 at Addr 0x341 with Data 0x0d7b691a
     16775 Mon: Initialize SRAM; Write to SRAM B, Addr: 0x341, Data: 0xd7b691a
     16775 SB: Initialized memory B at address 0x341
     16785 [DRIVER] Init SRAM block 0 at Addr 0x342 with Data 0x7679ffec
     16785 Mon: Initialize SRAM; Write to SRAM A, Addr: 0x342, Data: 0x7679ffec
     16785 SB: Initialized memory A at address 0x342
     16795 [DRIVER] Init SRAM block 1 at Addr 0x342 with Data 0x0e36671c
     16795 Mon: Initialize SRAM; Write to SRAM B, Addr: 0x342, Data: 0xe36671c
     16795 SB: Initialized memory B at address 0x342
     16805 [DRIVER] Init SRAM block 0 at Addr 0x343 with Data 0x89349412
     16805 Mon: Initialize SRAM; Write to SRAM A, Addr: 0x343, Data: 0x89349412
     16805 SB: Initialized memory A at address 0x343
     16815 [DRIVER] Init SRAM block 1 at Addr 0x343 with Data 0x1cd73d39
     16815 Mon: Initialize SRAM; Write to SRAM B, Addr: 0x343, Data: 0x1cd73d39
     16815 SB: Initialized memory B at address 0x343
     16825 [DRIVER] Init SRAM block 0 at Addr 0x344 with Data 0x405d5f80
     16825 Mon: Initialize SRAM; Write to SRAM A, Addr: 0x344, Data: 0x405d5f80
     16825 SB: Initialized memory A at address 0x344
     16835 [DRIVER] Init SRAM block 1 at Addr 0x344 with Data 0xa515324a
     16835 Mon: Initialize SRAM; Write to SRAM B, Addr: 0x344, Data: 0xa515324a
     16835 SB: Initialized memory B at address 0x344
     16845 [DRIVER] Init SRAM block 0 at Addr 0x345 with Data 0x75f5b9eb
     16845 Mon: Initialize SRAM; Write to SRAM A, Addr: 0x345, Data: 0x75f5b9eb
     16845 SB: Initialized memory A at address 0x345
     16855 [DRIVER] Init SRAM block 1 at Addr 0x345 with Data 0xa72c0e4e
     16855 Mon: Initialize SRAM; Write to SRAM B, Addr: 0x345, Data: 0xa72c0e4e
     16855 SB: Initialized memory B at address 0x345
     16865 [DRIVER] Init SRAM block 0 at Addr 0x346 with Data 0x28624b50
     16865 Mon: Initialize SRAM; Write to SRAM A, Addr: 0x346, Data: 0x28624b50
     16865 SB: Initialized memory A at address 0x346
     16875 [DRIVER] Init SRAM block 1 at Addr 0x346 with Data 0x9db7743b
     16875 Mon: Initialize SRAM; Write to SRAM B, Addr: 0x346, Data: 0x9db7743b
     16875 SB: Initialized memory B at address 0x346
     16885 [DRIVER] Init SRAM block 0 at Addr 0x347 with Data 0x0ef6e91d
     16885 Mon: Initialize SRAM; Write to SRAM A, Addr: 0x347, Data: 0xef6e91d
     16885 SB: Initialized memory A at address 0x347
     16895 [DRIVER] Init SRAM block 1 at Addr 0x347 with Data 0x6c153fd8
     16895 Mon: Initialize SRAM; Write to SRAM B, Addr: 0x347, Data: 0x6c153fd8
     16895 SB: Initialized memory B at address 0x347
     16905 [DRIVER] Init SRAM block 0 at Addr 0x348 with Data 0xdd9d70bb
     16905 Mon: Initialize SRAM; Write to SRAM A, Addr: 0x348, Data: 0xdd9d70bb
     16905 SB: Initialized memory A at address 0x348
     16915 [DRIVER] Init SRAM block 1 at Addr 0x348 with Data 0xe466e6c8
     16915 Mon: Initialize SRAM; Write to SRAM B, Addr: 0x348, Data: 0xe466e6c8
     16915 SB: Initialized memory B at address 0x348
     16925 [DRIVER] Init SRAM block 0 at Addr 0x349 with Data 0x05cfaf0b
     16925 Mon: Initialize SRAM; Write to SRAM A, Addr: 0x349, Data: 0x5cfaf0b
     16925 SB: Initialized memory A at address 0x349
     16935 [DRIVER] Init SRAM block 1 at Addr 0x349 with Data 0xe009e4c0
     16935 Mon: Initialize SRAM; Write to SRAM B, Addr: 0x349, Data: 0xe009e4c0
     16935 SB: Initialized memory B at address 0x349
     16945 [DRIVER] Init SRAM block 0 at Addr 0x34a with Data 0xcbdc3a97
     16945 Mon: Initialize SRAM; Write to SRAM A, Addr: 0x34a, Data: 0xcbdc3a97
     16945 SB: Initialized memory A at address 0x34a
     16955 [DRIVER] Init SRAM block 1 at Addr 0x34a with Data 0xa71f084e
     16955 Mon: Initialize SRAM; Write to SRAM B, Addr: 0x34a, Data: 0xa71f084e
     16955 SB: Initialized memory B at address 0x34a
     16965 [DRIVER] Init SRAM block 0 at Addr 0x34b with Data 0x6e2e59dc
     16965 Mon: Initialize SRAM; Write to SRAM A, Addr: 0x34b, Data: 0x6e2e59dc
     16965 SB: Initialized memory A at address 0x34b
     16975 [DRIVER] Init SRAM block 1 at Addr 0x34b with Data 0xeb78e0d6
     16975 Mon: Initialize SRAM; Write to SRAM B, Addr: 0x34b, Data: 0xeb78e0d6
     16975 SB: Initialized memory B at address 0x34b
     16985 [DRIVER] Init SRAM block 0 at Addr 0x34c with Data 0x9110d422
     16985 Mon: Initialize SRAM; Write to SRAM A, Addr: 0x34c, Data: 0x9110d422
     16985 SB: Initialized memory A at address 0x34c
     16995 [DRIVER] Init SRAM block 1 at Addr 0x34c with Data 0xd90912b2
     16995 Mon: Initialize SRAM; Write to SRAM B, Addr: 0x34c, Data: 0xd90912b2
     16995 SB: Initialized memory B at address 0x34c
     17005 [DRIVER] Init SRAM block 0 at Addr 0x34d with Data 0x5423efa8
     17005 Mon: Initialize SRAM; Write to SRAM A, Addr: 0x34d, Data: 0x5423efa8
     17005 SB: Initialized memory A at address 0x34d
     17015 [DRIVER] Init SRAM block 1 at Addr 0x34d with Data 0x21a4cb43
     17015 Mon: Initialize SRAM; Write to SRAM B, Addr: 0x34d, Data: 0x21a4cb43
     17015 SB: Initialized memory B at address 0x34d
     17025 [DRIVER] Init SRAM block 0 at Addr 0x34e with Data 0x177e2d2e
     17025 Mon: Initialize SRAM; Write to SRAM A, Addr: 0x34e, Data: 0x177e2d2e
     17025 SB: Initialized memory A at address 0x34e
     17035 [DRIVER] Init SRAM block 1 at Addr 0x34e with Data 0x63b805c7
     17035 Mon: Initialize SRAM; Write to SRAM B, Addr: 0x34e, Data: 0x63b805c7
     17035 SB: Initialized memory B at address 0x34e
     17045 [DRIVER] Init SRAM block 0 at Addr 0x34f with Data 0x3530436a
     17045 Mon: Initialize SRAM; Write to SRAM A, Addr: 0x34f, Data: 0x3530436a
     17045 SB: Initialized memory A at address 0x34f
     17055 [DRIVER] Init SRAM block 1 at Addr 0x34f with Data 0x4b400196
     17055 Mon: Initialize SRAM; Write to SRAM B, Addr: 0x34f, Data: 0x4b400196
     17055 SB: Initialized memory B at address 0x34f
     17065 [DRIVER] Init SRAM block 0 at Addr 0x350 with Data 0x80a3ec01
     17065 Mon: Initialize SRAM; Write to SRAM A, Addr: 0x350, Data: 0x80a3ec01
     17065 SB: Initialized memory A at address 0x350
     17075 [DRIVER] Init SRAM block 1 at Addr 0x350 with Data 0x42249784
     17075 Mon: Initialize SRAM; Write to SRAM B, Addr: 0x350, Data: 0x42249784
     17075 SB: Initialized memory B at address 0x350
     17085 [DRIVER] Init SRAM block 0 at Addr 0x351 with Data 0x680ddbd0
     17085 Mon: Initialize SRAM; Write to SRAM A, Addr: 0x351, Data: 0x680ddbd0
     17085 SB: Initialized memory A at address 0x351
     17095 [DRIVER] Init SRAM block 1 at Addr 0x351 with Data 0xe0c89ec1
     17095 Mon: Initialize SRAM; Write to SRAM B, Addr: 0x351, Data: 0xe0c89ec1
     17095 SB: Initialized memory B at address 0x351
     17105 [DRIVER] Init SRAM block 0 at Addr 0x352 with Data 0xccea8299
     17105 Mon: Initialize SRAM; Write to SRAM A, Addr: 0x352, Data: 0xccea8299
     17105 SB: Initialized memory A at address 0x352
     17115 [DRIVER] Init SRAM block 1 at Addr 0x352 with Data 0x81694602
     17115 Mon: Initialize SRAM; Write to SRAM B, Addr: 0x352, Data: 0x81694602
     17115 SB: Initialized memory B at address 0x352
     17125 [DRIVER] Init SRAM block 0 at Addr 0x353 with Data 0x3f3e077e
     17125 Mon: Initialize SRAM; Write to SRAM A, Addr: 0x353, Data: 0x3f3e077e
     17125 SB: Initialized memory A at address 0x353
     17135 [DRIVER] Init SRAM block 1 at Addr 0x353 with Data 0xd0a47ea1
     17135 Mon: Initialize SRAM; Write to SRAM B, Addr: 0x353, Data: 0xd0a47ea1
     17135 SB: Initialized memory B at address 0x353
     17145 [DRIVER] Init SRAM block 0 at Addr 0x354 with Data 0xec0f18d8
     17145 Mon: Initialize SRAM; Write to SRAM A, Addr: 0x354, Data: 0xec0f18d8
     17145 SB: Initialized memory A at address 0x354
     17155 [DRIVER] Init SRAM block 1 at Addr 0x354 with Data 0xe33e50c6
     17155 Mon: Initialize SRAM; Write to SRAM B, Addr: 0x354, Data: 0xe33e50c6
     17155 SB: Initialized memory B at address 0x354
     17165 [DRIVER] Init SRAM block 0 at Addr 0x355 with Data 0x7254d3e4
     17165 Mon: Initialize SRAM; Write to SRAM A, Addr: 0x355, Data: 0x7254d3e4
     17165 SB: Initialized memory A at address 0x355
     17175 [DRIVER] Init SRAM block 1 at Addr 0x355 with Data 0xacfd4059
     17175 Mon: Initialize SRAM; Write to SRAM B, Addr: 0x355, Data: 0xacfd4059
     17175 SB: Initialized memory B at address 0x355
     17185 [DRIVER] Init SRAM block 0 at Addr 0x356 with Data 0xa24f9a44
     17185 Mon: Initialize SRAM; Write to SRAM A, Addr: 0x356, Data: 0xa24f9a44
     17185 SB: Initialized memory A at address 0x356
     17195 [DRIVER] Init SRAM block 1 at Addr 0x356 with Data 0x9e35b03c
     17195 Mon: Initialize SRAM; Write to SRAM B, Addr: 0x356, Data: 0x9e35b03c
     17195 SB: Initialized memory B at address 0x356
     17205 [DRIVER] Init SRAM block 0 at Addr 0x357 with Data 0x1a050934
     17205 Mon: Initialize SRAM; Write to SRAM A, Addr: 0x357, Data: 0x1a050934
     17205 SB: Initialized memory A at address 0x357
     17215 [DRIVER] Init SRAM block 1 at Addr 0x357 with Data 0x1d5c3f3a
     17215 Mon: Initialize SRAM; Write to SRAM B, Addr: 0x357, Data: 0x1d5c3f3a
     17215 SB: Initialized memory B at address 0x357
     17225 [DRIVER] Init SRAM block 0 at Addr 0x358 with Data 0x6e56b7dc
     17225 Mon: Initialize SRAM; Write to SRAM A, Addr: 0x358, Data: 0x6e56b7dc
     17225 SB: Initialized memory A at address 0x358
     17235 [DRIVER] Init SRAM block 1 at Addr 0x358 with Data 0x77b723ef
     17235 Mon: Initialize SRAM; Write to SRAM B, Addr: 0x358, Data: 0x77b723ef
     17235 SB: Initialized memory B at address 0x358
     17245 [DRIVER] Init SRAM block 0 at Addr 0x359 with Data 0x4aec3595
     17245 Mon: Initialize SRAM; Write to SRAM A, Addr: 0x359, Data: 0x4aec3595
     17245 SB: Initialized memory A at address 0x359
     17255 [DRIVER] Init SRAM block 1 at Addr 0x359 with Data 0x30069360
     17255 Mon: Initialize SRAM; Write to SRAM B, Addr: 0x359, Data: 0x30069360
     17255 SB: Initialized memory B at address 0x359
     17265 [DRIVER] Init SRAM block 0 at Addr 0x35a with Data 0x5be7d7b7
     17265 Mon: Initialize SRAM; Write to SRAM A, Addr: 0x35a, Data: 0x5be7d7b7
     17265 SB: Initialized memory A at address 0x35a
     17275 [DRIVER] Init SRAM block 1 at Addr 0x35a with Data 0x33bc2167
     17275 Mon: Initialize SRAM; Write to SRAM B, Addr: 0x35a, Data: 0x33bc2167
     17275 SB: Initialized memory B at address 0x35a
     17285 [DRIVER] Init SRAM block 0 at Addr 0x35b with Data 0x1b1ea336
     17285 Mon: Initialize SRAM; Write to SRAM A, Addr: 0x35b, Data: 0x1b1ea336
     17285 SB: Initialized memory A at address 0x35b
     17295 [DRIVER] Init SRAM block 1 at Addr 0x35b with Data 0xe7191ace
     17295 Mon: Initialize SRAM; Write to SRAM B, Addr: 0x35b, Data: 0xe7191ace
     17295 SB: Initialized memory B at address 0x35b
     17305 [DRIVER] Init SRAM block 0 at Addr 0x35c with Data 0x6f4b29de
     17305 Mon: Initialize SRAM; Write to SRAM A, Addr: 0x35c, Data: 0x6f4b29de
     17305 SB: Initialized memory A at address 0x35c
     17315 [DRIVER] Init SRAM block 1 at Addr 0x35c with Data 0x164beb2c
     17315 Mon: Initialize SRAM; Write to SRAM B, Addr: 0x35c, Data: 0x164beb2c
     17315 SB: Initialized memory B at address 0x35c
     17325 [DRIVER] Init SRAM block 0 at Addr 0x35d with Data 0x9e73603c
     17325 Mon: Initialize SRAM; Write to SRAM A, Addr: 0x35d, Data: 0x9e73603c
     17325 SB: Initialized memory A at address 0x35d
     17335 [DRIVER] Init SRAM block 1 at Addr 0x35d with Data 0x1d64753a
     17335 Mon: Initialize SRAM; Write to SRAM B, Addr: 0x35d, Data: 0x1d64753a
     17335 SB: Initialized memory B at address 0x35d
     17345 [DRIVER] Init SRAM block 0 at Addr 0x35e with Data 0x1579952a
     17345 Mon: Initialize SRAM; Write to SRAM A, Addr: 0x35e, Data: 0x1579952a
     17345 SB: Initialized memory A at address 0x35e
     17355 [DRIVER] Init SRAM block 1 at Addr 0x35e with Data 0xf2b778e5
     17355 Mon: Initialize SRAM; Write to SRAM B, Addr: 0x35e, Data: 0xf2b778e5
     17355 SB: Initialized memory B at address 0x35e
     17365 [DRIVER] Init SRAM block 0 at Addr 0x35f with Data 0x2590394b
     17365 Mon: Initialize SRAM; Write to SRAM A, Addr: 0x35f, Data: 0x2590394b
     17365 SB: Initialized memory A at address 0x35f
     17375 [DRIVER] Init SRAM block 1 at Addr 0x35f with Data 0x9f08f83e
     17375 Mon: Initialize SRAM; Write to SRAM B, Addr: 0x35f, Data: 0x9f08f83e
     17375 SB: Initialized memory B at address 0x35f
     17385 [DRIVER] Init SRAM block 0 at Addr 0x360 with Data 0xc508cc8a
     17385 Mon: Initialize SRAM; Write to SRAM A, Addr: 0x360, Data: 0xc508cc8a
     17385 SB: Initialized memory A at address 0x360
     17395 [DRIVER] Init SRAM block 1 at Addr 0x360 with Data 0x04958b09
     17395 Mon: Initialize SRAM; Write to SRAM B, Addr: 0x360, Data: 0x4958b09
     17395 SB: Initialized memory B at address 0x360
     17405 [DRIVER] Init SRAM block 0 at Addr 0x361 with Data 0xcbb5b897
     17405 Mon: Initialize SRAM; Write to SRAM A, Addr: 0x361, Data: 0xcbb5b897
     17405 SB: Initialized memory A at address 0x361
     17415 [DRIVER] Init SRAM block 1 at Addr 0x361 with Data 0x11d2c523
     17415 Mon: Initialize SRAM; Write to SRAM B, Addr: 0x361, Data: 0x11d2c523
     17415 SB: Initialized memory B at address 0x361
     17425 [DRIVER] Init SRAM block 0 at Addr 0x362 with Data 0xbbd73677
     17425 Mon: Initialize SRAM; Write to SRAM A, Addr: 0x362, Data: 0xbbd73677
     17425 SB: Initialized memory A at address 0x362
     17435 [DRIVER] Init SRAM block 1 at Addr 0x362 with Data 0x8e7e981c
     17435 Mon: Initialize SRAM; Write to SRAM B, Addr: 0x362, Data: 0x8e7e981c
     17435 SB: Initialized memory B at address 0x362
     17445 [DRIVER] Init SRAM block 0 at Addr 0x363 with Data 0x1f4b2b3e
     17445 Mon: Initialize SRAM; Write to SRAM A, Addr: 0x363, Data: 0x1f4b2b3e
     17445 SB: Initialized memory A at address 0x363
     17455 [DRIVER] Init SRAM block 1 at Addr 0x363 with Data 0x0955b312
     17455 Mon: Initialize SRAM; Write to SRAM B, Addr: 0x363, Data: 0x955b312
     17455 SB: Initialized memory B at address 0x363
     17465 [DRIVER] Init SRAM block 0 at Addr 0x364 with Data 0x8578020a
     17465 Mon: Initialize SRAM; Write to SRAM A, Addr: 0x364, Data: 0x8578020a
     17465 SB: Initialized memory A at address 0x364
     17475 [DRIVER] Init SRAM block 1 at Addr 0x364 with Data 0xfa88e0f5
     17475 Mon: Initialize SRAM; Write to SRAM B, Addr: 0x364, Data: 0xfa88e0f5
     17475 SB: Initialized memory B at address 0x364
     17485 [DRIVER] Init SRAM block 0 at Addr 0x365 with Data 0x712a9be2
     17485 Mon: Initialize SRAM; Write to SRAM A, Addr: 0x365, Data: 0x712a9be2
     17485 SB: Initialized memory A at address 0x365
     17495 [DRIVER] Init SRAM block 1 at Addr 0x365 with Data 0x62c963c5
     17495 Mon: Initialize SRAM; Write to SRAM B, Addr: 0x365, Data: 0x62c963c5
     17495 SB: Initialized memory B at address 0x365
     17505 [DRIVER] Init SRAM block 0 at Addr 0x366 with Data 0xb65f1c6c
     17505 Mon: Initialize SRAM; Write to SRAM A, Addr: 0x366, Data: 0xb65f1c6c
     17505 SB: Initialized memory A at address 0x366
     17515 [DRIVER] Init SRAM block 1 at Addr 0x366 with Data 0xf8845ef1
     17515 Mon: Initialize SRAM; Write to SRAM B, Addr: 0x366, Data: 0xf8845ef1
     17515 SB: Initialized memory B at address 0x366
     17525 [DRIVER] Init SRAM block 0 at Addr 0x367 with Data 0x16acd72d
     17525 Mon: Initialize SRAM; Write to SRAM A, Addr: 0x367, Data: 0x16acd72d
     17525 SB: Initialized memory A at address 0x367
     17535 [DRIVER] Init SRAM block 1 at Addr 0x367 with Data 0xc4a52e89
     17535 Mon: Initialize SRAM; Write to SRAM B, Addr: 0x367, Data: 0xc4a52e89
     17535 SB: Initialized memory B at address 0x367
     17545 [DRIVER] Init SRAM block 0 at Addr 0x368 with Data 0x07cd2d0f
     17545 Mon: Initialize SRAM; Write to SRAM A, Addr: 0x368, Data: 0x7cd2d0f
     17545 SB: Initialized memory A at address 0x368
     17555 [DRIVER] Init SRAM block 1 at Addr 0x368 with Data 0xd5f6ccab
     17555 Mon: Initialize SRAM; Write to SRAM B, Addr: 0x368, Data: 0xd5f6ccab
     17555 SB: Initialized memory B at address 0x368
     17565 [DRIVER] Init SRAM block 0 at Addr 0x369 with Data 0xaa756854
     17565 Mon: Initialize SRAM; Write to SRAM A, Addr: 0x369, Data: 0xaa756854
     17565 SB: Initialized memory A at address 0x369
     17575 [DRIVER] Init SRAM block 1 at Addr 0x369 with Data 0xddfc30bb
     17575 Mon: Initialize SRAM; Write to SRAM B, Addr: 0x369, Data: 0xddfc30bb
     17575 SB: Initialized memory B at address 0x369
     17585 [DRIVER] Init SRAM block 0 at Addr 0x36a with Data 0xc07ba280
     17585 Mon: Initialize SRAM; Write to SRAM A, Addr: 0x36a, Data: 0xc07ba280
     17585 SB: Initialized memory A at address 0x36a
     17595 [DRIVER] Init SRAM block 1 at Addr 0x36a with Data 0x0bd7ab17
     17595 Mon: Initialize SRAM; Write to SRAM B, Addr: 0x36a, Data: 0xbd7ab17
     17595 SB: Initialized memory B at address 0x36a
     17605 [DRIVER] Init SRAM block 0 at Addr 0x36b with Data 0x17fe9f2f
     17605 Mon: Initialize SRAM; Write to SRAM A, Addr: 0x36b, Data: 0x17fe9f2f
     17605 SB: Initialized memory A at address 0x36b
     17615 [DRIVER] Init SRAM block 1 at Addr 0x36b with Data 0xc1994683
     17615 Mon: Initialize SRAM; Write to SRAM B, Addr: 0x36b, Data: 0xc1994683
     17615 SB: Initialized memory B at address 0x36b
     17625 [DRIVER] Init SRAM block 0 at Addr 0x36c with Data 0x1608ab2c
     17625 Mon: Initialize SRAM; Write to SRAM A, Addr: 0x36c, Data: 0x1608ab2c
     17625 SB: Initialized memory A at address 0x36c
     17635 [DRIVER] Init SRAM block 1 at Addr 0x36c with Data 0xbe0c307c
     17635 Mon: Initialize SRAM; Write to SRAM B, Addr: 0x36c, Data: 0xbe0c307c
     17635 SB: Initialized memory B at address 0x36c
     17645 [DRIVER] Init SRAM block 0 at Addr 0x36d with Data 0xfde582fb
     17645 Mon: Initialize SRAM; Write to SRAM A, Addr: 0x36d, Data: 0xfde582fb
     17645 SB: Initialized memory A at address 0x36d
     17655 [DRIVER] Init SRAM block 1 at Addr 0x36d with Data 0x78db0ff1
     17655 Mon: Initialize SRAM; Write to SRAM B, Addr: 0x36d, Data: 0x78db0ff1
     17655 SB: Initialized memory B at address 0x36d
     17665 [DRIVER] Init SRAM block 0 at Addr 0x36e with Data 0xf3232ee6
     17665 Mon: Initialize SRAM; Write to SRAM A, Addr: 0x36e, Data: 0xf3232ee6
     17665 SB: Initialized memory A at address 0x36e
     17675 [DRIVER] Init SRAM block 1 at Addr 0x36e with Data 0xa8a35e51
     17675 Mon: Initialize SRAM; Write to SRAM B, Addr: 0x36e, Data: 0xa8a35e51
     17675 SB: Initialized memory B at address 0x36e
     17685 [DRIVER] Init SRAM block 0 at Addr 0x36f with Data 0xb2f5e065
     17685 Mon: Initialize SRAM; Write to SRAM A, Addr: 0x36f, Data: 0xb2f5e065
     17685 SB: Initialized memory A at address 0x36f
     17695 [DRIVER] Init SRAM block 1 at Addr 0x36f with Data 0xaa4fe054
     17695 Mon: Initialize SRAM; Write to SRAM B, Addr: 0x36f, Data: 0xaa4fe054
     17695 SB: Initialized memory B at address 0x36f
     17705 [DRIVER] Init SRAM block 0 at Addr 0x370 with Data 0x4e76db9c
     17705 Mon: Initialize SRAM; Write to SRAM A, Addr: 0x370, Data: 0x4e76db9c
     17705 SB: Initialized memory A at address 0x370
     17715 [DRIVER] Init SRAM block 1 at Addr 0x370 with Data 0xb6d1ec6d
     17715 Mon: Initialize SRAM; Write to SRAM B, Addr: 0x370, Data: 0xb6d1ec6d
     17715 SB: Initialized memory B at address 0x370
     17725 [DRIVER] Init SRAM block 0 at Addr 0x371 with Data 0xf9f646f3
     17725 Mon: Initialize SRAM; Write to SRAM A, Addr: 0x371, Data: 0xf9f646f3
     17725 SB: Initialized memory A at address 0x371
     17735 [DRIVER] Init SRAM block 1 at Addr 0x371 with Data 0xf011dae0
     17735 Mon: Initialize SRAM; Write to SRAM B, Addr: 0x371, Data: 0xf011dae0
     17735 SB: Initialized memory B at address 0x371
     17745 [DRIVER] Init SRAM block 0 at Addr 0x372 with Data 0xfe581afc
     17745 Mon: Initialize SRAM; Write to SRAM A, Addr: 0x372, Data: 0xfe581afc
     17745 SB: Initialized memory A at address 0x372
     17755 [DRIVER] Init SRAM block 1 at Addr 0x372 with Data 0x3fae597f
     17755 Mon: Initialize SRAM; Write to SRAM B, Addr: 0x372, Data: 0x3fae597f
     17755 SB: Initialized memory B at address 0x372
     17765 [DRIVER] Init SRAM block 0 at Addr 0x373 with Data 0x3033ff60
     17765 Mon: Initialize SRAM; Write to SRAM A, Addr: 0x373, Data: 0x3033ff60
     17765 SB: Initialized memory A at address 0x373
     17775 [DRIVER] Init SRAM block 1 at Addr 0x373 with Data 0x39e2d773
     17775 Mon: Initialize SRAM; Write to SRAM B, Addr: 0x373, Data: 0x39e2d773
     17775 SB: Initialized memory B at address 0x373
     17785 [DRIVER] Init SRAM block 0 at Addr 0x374 with Data 0xb5301c6a
     17785 Mon: Initialize SRAM; Write to SRAM A, Addr: 0x374, Data: 0xb5301c6a
     17785 SB: Initialized memory A at address 0x374
     17795 [DRIVER] Init SRAM block 1 at Addr 0x374 with Data 0xa4acde49
     17795 Mon: Initialize SRAM; Write to SRAM B, Addr: 0x374, Data: 0xa4acde49
     17795 SB: Initialized memory B at address 0x374
     17805 [DRIVER] Init SRAM block 0 at Addr 0x375 with Data 0x82cf1405
     17805 Mon: Initialize SRAM; Write to SRAM A, Addr: 0x375, Data: 0x82cf1405
     17805 SB: Initialized memory A at address 0x375
     17815 [DRIVER] Init SRAM block 1 at Addr 0x375 with Data 0x570875ae
     17815 Mon: Initialize SRAM; Write to SRAM B, Addr: 0x375, Data: 0x570875ae
     17815 SB: Initialized memory B at address 0x375
     17825 [DRIVER] Init SRAM block 0 at Addr 0x376 with Data 0x92a8cc25
     17825 Mon: Initialize SRAM; Write to SRAM A, Addr: 0x376, Data: 0x92a8cc25
     17825 SB: Initialized memory A at address 0x376
     17835 [DRIVER] Init SRAM block 1 at Addr 0x376 with Data 0xcddb7a9b
     17835 Mon: Initialize SRAM; Write to SRAM B, Addr: 0x376, Data: 0xcddb7a9b
     17835 SB: Initialized memory B at address 0x376
     17845 [DRIVER] Init SRAM block 0 at Addr 0x377 with Data 0x76c657ed
     17845 Mon: Initialize SRAM; Write to SRAM A, Addr: 0x377, Data: 0x76c657ed
     17845 SB: Initialized memory A at address 0x377
     17855 [DRIVER] Init SRAM block 1 at Addr 0x377 with Data 0x83e80e07
     17855 Mon: Initialize SRAM; Write to SRAM B, Addr: 0x377, Data: 0x83e80e07
     17855 SB: Initialized memory B at address 0x377
     17865 [DRIVER] Init SRAM block 0 at Addr 0x378 with Data 0x7598d3eb
     17865 Mon: Initialize SRAM; Write to SRAM A, Addr: 0x378, Data: 0x7598d3eb
     17865 SB: Initialized memory A at address 0x378
     17875 [DRIVER] Init SRAM block 1 at Addr 0x378 with Data 0xbfdde87f
     17875 Mon: Initialize SRAM; Write to SRAM B, Addr: 0x378, Data: 0xbfdde87f
     17875 SB: Initialized memory B at address 0x378
     17885 [DRIVER] Init SRAM block 0 at Addr 0x379 with Data 0xcfc34e9f
     17885 Mon: Initialize SRAM; Write to SRAM A, Addr: 0x379, Data: 0xcfc34e9f
     17885 SB: Initialized memory A at address 0x379
     17895 [DRIVER] Init SRAM block 1 at Addr 0x379 with Data 0x9762be2e
     17895 Mon: Initialize SRAM; Write to SRAM B, Addr: 0x379, Data: 0x9762be2e
     17895 SB: Initialized memory B at address 0x379
     17905 [DRIVER] Init SRAM block 0 at Addr 0x37a with Data 0xfaafa0f5
     17905 Mon: Initialize SRAM; Write to SRAM A, Addr: 0x37a, Data: 0xfaafa0f5
     17905 SB: Initialized memory A at address 0x37a
     17915 [DRIVER] Init SRAM block 1 at Addr 0x37a with Data 0x47a9a38f
     17915 Mon: Initialize SRAM; Write to SRAM B, Addr: 0x37a, Data: 0x47a9a38f
     17915 SB: Initialized memory B at address 0x37a
     17925 [DRIVER] Init SRAM block 0 at Addr 0x37b with Data 0xa1a64a43
     17925 Mon: Initialize SRAM; Write to SRAM A, Addr: 0x37b, Data: 0xa1a64a43
     17925 SB: Initialized memory A at address 0x37b
     17935 [DRIVER] Init SRAM block 1 at Addr 0x37b with Data 0x2bf16357
     17935 Mon: Initialize SRAM; Write to SRAM B, Addr: 0x37b, Data: 0x2bf16357
     17935 SB: Initialized memory B at address 0x37b
     17945 [DRIVER] Init SRAM block 0 at Addr 0x37c with Data 0xd3e15ca7
     17945 Mon: Initialize SRAM; Write to SRAM A, Addr: 0x37c, Data: 0xd3e15ca7
     17945 SB: Initialized memory A at address 0x37c
     17955 [DRIVER] Init SRAM block 1 at Addr 0x37c with Data 0x7801e9f0
     17955 Mon: Initialize SRAM; Write to SRAM B, Addr: 0x37c, Data: 0x7801e9f0
     17955 SB: Initialized memory B at address 0x37c
     17965 [DRIVER] Init SRAM block 0 at Addr 0x37d with Data 0x18d25331
     17965 Mon: Initialize SRAM; Write to SRAM A, Addr: 0x37d, Data: 0x18d25331
     17965 SB: Initialized memory A at address 0x37d
     17975 [DRIVER] Init SRAM block 1 at Addr 0x37d with Data 0xe08096c1
     17975 Mon: Initialize SRAM; Write to SRAM B, Addr: 0x37d, Data: 0xe08096c1
     17975 SB: Initialized memory B at address 0x37d
     17985 [DRIVER] Init SRAM block 0 at Addr 0x37e with Data 0xe492f6c9
     17985 Mon: Initialize SRAM; Write to SRAM A, Addr: 0x37e, Data: 0xe492f6c9
     17985 SB: Initialized memory A at address 0x37e
     17995 [DRIVER] Init SRAM block 1 at Addr 0x37e with Data 0x74b3b3e9
     17995 Mon: Initialize SRAM; Write to SRAM B, Addr: 0x37e, Data: 0x74b3b3e9
     17995 SB: Initialized memory B at address 0x37e
     18005 [DRIVER] Init SRAM block 0 at Addr 0x37f with Data 0x4539398a
     18005 Mon: Initialize SRAM; Write to SRAM A, Addr: 0x37f, Data: 0x4539398a
     18005 SB: Initialized memory A at address 0x37f
     18015 [DRIVER] Init SRAM block 1 at Addr 0x37f with Data 0x8d0cb81a
     18015 Mon: Initialize SRAM; Write to SRAM B, Addr: 0x37f, Data: 0x8d0cb81a
     18015 SB: Initialized memory B at address 0x37f
     18025 [DRIVER] Init SRAM block 0 at Addr 0x380 with Data 0x4e86199d
     18025 Mon: Initialize SRAM; Write to SRAM A, Addr: 0x380, Data: 0x4e86199d
     18025 SB: Initialized memory A at address 0x380
     18035 [DRIVER] Init SRAM block 1 at Addr 0x380 with Data 0xc791be8f
     18035 Mon: Initialize SRAM; Write to SRAM B, Addr: 0x380, Data: 0xc791be8f
     18035 SB: Initialized memory B at address 0x380
     18045 [DRIVER] Init SRAM block 0 at Addr 0x381 with Data 0xf42782e8
     18045 Mon: Initialize SRAM; Write to SRAM A, Addr: 0x381, Data: 0xf42782e8
     18045 SB: Initialized memory A at address 0x381
     18055 [DRIVER] Init SRAM block 1 at Addr 0x381 with Data 0x06fddf0d
     18055 Mon: Initialize SRAM; Write to SRAM B, Addr: 0x381, Data: 0x6fddf0d
     18055 SB: Initialized memory B at address 0x381
     18065 [DRIVER] Init SRAM block 0 at Addr 0x382 with Data 0x5b8531b7
     18065 Mon: Initialize SRAM; Write to SRAM A, Addr: 0x382, Data: 0x5b8531b7
     18065 SB: Initialized memory A at address 0x382
     18075 [DRIVER] Init SRAM block 1 at Addr 0x382 with Data 0x3b308b76
     18075 Mon: Initialize SRAM; Write to SRAM B, Addr: 0x382, Data: 0x3b308b76
     18075 SB: Initialized memory B at address 0x382
     18085 [DRIVER] Init SRAM block 0 at Addr 0x383 with Data 0x64d081c9
     18085 Mon: Initialize SRAM; Write to SRAM A, Addr: 0x383, Data: 0x64d081c9
     18085 SB: Initialized memory A at address 0x383
     18095 [DRIVER] Init SRAM block 1 at Addr 0x383 with Data 0xd143eaa2
     18095 Mon: Initialize SRAM; Write to SRAM B, Addr: 0x383, Data: 0xd143eaa2
     18095 SB: Initialized memory B at address 0x383
     18105 [DRIVER] Init SRAM block 0 at Addr 0x384 with Data 0xefcf68df
     18105 Mon: Initialize SRAM; Write to SRAM A, Addr: 0x384, Data: 0xefcf68df
     18105 SB: Initialized memory A at address 0x384
     18115 [DRIVER] Init SRAM block 1 at Addr 0x384 with Data 0xf7624eee
     18115 Mon: Initialize SRAM; Write to SRAM B, Addr: 0x384, Data: 0xf7624eee
     18115 SB: Initialized memory B at address 0x384
     18125 [DRIVER] Init SRAM block 0 at Addr 0x385 with Data 0x639a3fc7
     18125 Mon: Initialize SRAM; Write to SRAM A, Addr: 0x385, Data: 0x639a3fc7
     18125 SB: Initialized memory A at address 0x385
     18135 [DRIVER] Init SRAM block 1 at Addr 0x385 with Data 0xd43276a8
     18135 Mon: Initialize SRAM; Write to SRAM B, Addr: 0x385, Data: 0xd43276a8
     18135 SB: Initialized memory B at address 0x385
     18145 [DRIVER] Init SRAM block 0 at Addr 0x386 with Data 0xf144ace2
     18145 Mon: Initialize SRAM; Write to SRAM A, Addr: 0x386, Data: 0xf144ace2
     18145 SB: Initialized memory A at address 0x386
     18155 [DRIVER] Init SRAM block 1 at Addr 0x386 with Data 0x5b7307b6
     18155 Mon: Initialize SRAM; Write to SRAM B, Addr: 0x386, Data: 0x5b7307b6
     18155 SB: Initialized memory B at address 0x386
     18165 [DRIVER] Init SRAM block 0 at Addr 0x387 with Data 0x18298730
     18165 Mon: Initialize SRAM; Write to SRAM A, Addr: 0x387, Data: 0x18298730
     18165 SB: Initialized memory A at address 0x387
     18175 [DRIVER] Init SRAM block 1 at Addr 0x387 with Data 0xf91cdef2
     18175 Mon: Initialize SRAM; Write to SRAM B, Addr: 0x387, Data: 0xf91cdef2
     18175 SB: Initialized memory B at address 0x387
     18185 [DRIVER] Init SRAM block 0 at Addr 0x388 with Data 0xcf51aa9e
     18185 Mon: Initialize SRAM; Write to SRAM A, Addr: 0x388, Data: 0xcf51aa9e
     18185 SB: Initialized memory A at address 0x388
     18195 [DRIVER] Init SRAM block 1 at Addr 0x388 with Data 0xd22472a4
     18195 Mon: Initialize SRAM; Write to SRAM B, Addr: 0x388, Data: 0xd22472a4
     18195 SB: Initialized memory B at address 0x388
     18205 [DRIVER] Init SRAM block 0 at Addr 0x389 with Data 0x922de424
     18205 Mon: Initialize SRAM; Write to SRAM A, Addr: 0x389, Data: 0x922de424
     18205 SB: Initialized memory A at address 0x389
     18215 [DRIVER] Init SRAM block 1 at Addr 0x389 with Data 0x45b23d8b
     18215 Mon: Initialize SRAM; Write to SRAM B, Addr: 0x389, Data: 0x45b23d8b
     18215 SB: Initialized memory B at address 0x389
     18225 [DRIVER] Init SRAM block 0 at Addr 0x38a with Data 0x179bcd2f
     18225 Mon: Initialize SRAM; Write to SRAM A, Addr: 0x38a, Data: 0x179bcd2f
     18225 SB: Initialized memory A at address 0x38a
     18235 [DRIVER] Init SRAM block 1 at Addr 0x38a with Data 0x9b6a0c36
     18235 Mon: Initialize SRAM; Write to SRAM B, Addr: 0x38a, Data: 0x9b6a0c36
     18235 SB: Initialized memory B at address 0x38a
     18245 [DRIVER] Init SRAM block 0 at Addr 0x38b with Data 0xe0eda4c1
     18245 Mon: Initialize SRAM; Write to SRAM A, Addr: 0x38b, Data: 0xe0eda4c1
     18245 SB: Initialized memory A at address 0x38b
     18255 [DRIVER] Init SRAM block 1 at Addr 0x38b with Data 0xd3196ea6
     18255 Mon: Initialize SRAM; Write to SRAM B, Addr: 0x38b, Data: 0xd3196ea6
     18255 SB: Initialized memory B at address 0x38b
     18265 [DRIVER] Init SRAM block 0 at Addr 0x38c with Data 0xc36d3e86
     18265 Mon: Initialize SRAM; Write to SRAM A, Addr: 0x38c, Data: 0xc36d3e86
     18265 SB: Initialized memory A at address 0x38c
     18275 [DRIVER] Init SRAM block 1 at Addr 0x38c with Data 0x47e50f8f
     18275 Mon: Initialize SRAM; Write to SRAM B, Addr: 0x38c, Data: 0x47e50f8f
     18275 SB: Initialized memory B at address 0x38c
     18285 [DRIVER] Init SRAM block 0 at Addr 0x38d with Data 0x4191d583
     18285 Mon: Initialize SRAM; Write to SRAM A, Addr: 0x38d, Data: 0x4191d583
     18285 SB: Initialized memory A at address 0x38d
     18295 [DRIVER] Init SRAM block 1 at Addr 0x38d with Data 0xbccd1079
     18295 Mon: Initialize SRAM; Write to SRAM B, Addr: 0x38d, Data: 0xbccd1079
     18295 SB: Initialized memory B at address 0x38d
     18305 [DRIVER] Init SRAM block 0 at Addr 0x38e with Data 0xa9e0ee53
     18305 Mon: Initialize SRAM; Write to SRAM A, Addr: 0x38e, Data: 0xa9e0ee53
     18305 SB: Initialized memory A at address 0x38e
     18315 [DRIVER] Init SRAM block 1 at Addr 0x38e with Data 0x622079c4
     18315 Mon: Initialize SRAM; Write to SRAM B, Addr: 0x38e, Data: 0x622079c4
     18315 SB: Initialized memory B at address 0x38e
     18325 [DRIVER] Init SRAM block 0 at Addr 0x38f with Data 0xb0323e60
     18325 Mon: Initialize SRAM; Write to SRAM A, Addr: 0x38f, Data: 0xb0323e60
     18325 SB: Initialized memory A at address 0x38f
     18335 [DRIVER] Init SRAM block 1 at Addr 0x38f with Data 0xe3377ec6
     18335 Mon: Initialize SRAM; Write to SRAM B, Addr: 0x38f, Data: 0xe3377ec6
     18335 SB: Initialized memory B at address 0x38f
     18345 [DRIVER] Init SRAM block 0 at Addr 0x390 with Data 0x42ce8785
     18345 Mon: Initialize SRAM; Write to SRAM A, Addr: 0x390, Data: 0x42ce8785
     18345 SB: Initialized memory A at address 0x390
     18355 [DRIVER] Init SRAM block 1 at Addr 0x390 with Data 0x818d0203
     18355 Mon: Initialize SRAM; Write to SRAM B, Addr: 0x390, Data: 0x818d0203
     18355 SB: Initialized memory B at address 0x390
     18365 [DRIVER] Init SRAM block 0 at Addr 0x391 with Data 0xe7a170cf
     18365 Mon: Initialize SRAM; Write to SRAM A, Addr: 0x391, Data: 0xe7a170cf
     18365 SB: Initialized memory A at address 0x391
     18375 [DRIVER] Init SRAM block 1 at Addr 0x391 with Data 0x1e0ed53c
     18375 Mon: Initialize SRAM; Write to SRAM B, Addr: 0x391, Data: 0x1e0ed53c
     18375 SB: Initialized memory B at address 0x391
     18385 [DRIVER] Init SRAM block 0 at Addr 0x392 with Data 0xa676744c
     18385 Mon: Initialize SRAM; Write to SRAM A, Addr: 0x392, Data: 0xa676744c
     18385 SB: Initialized memory A at address 0x392
     18395 [DRIVER] Init SRAM block 1 at Addr 0x392 with Data 0xc33d2a86
     18395 Mon: Initialize SRAM; Write to SRAM B, Addr: 0x392, Data: 0xc33d2a86
     18395 SB: Initialized memory B at address 0x392
     18405 [DRIVER] Init SRAM block 0 at Addr 0x393 with Data 0x9bf8b437
     18405 Mon: Initialize SRAM; Write to SRAM A, Addr: 0x393, Data: 0x9bf8b437
     18405 SB: Initialized memory A at address 0x393
     18415 [DRIVER] Init SRAM block 1 at Addr 0x393 with Data 0x3a70ef74
     18415 Mon: Initialize SRAM; Write to SRAM B, Addr: 0x393, Data: 0x3a70ef74
     18415 SB: Initialized memory B at address 0x393
     18425 [DRIVER] Init SRAM block 0 at Addr 0x394 with Data 0x75ede3eb
     18425 Mon: Initialize SRAM; Write to SRAM A, Addr: 0x394, Data: 0x75ede3eb
     18425 SB: Initialized memory A at address 0x394
     18435 [DRIVER] Init SRAM block 1 at Addr 0x394 with Data 0x64612dc8
     18435 Mon: Initialize SRAM; Write to SRAM B, Addr: 0x394, Data: 0x64612dc8
     18435 SB: Initialized memory B at address 0x394
     18445 [DRIVER] Init SRAM block 0 at Addr 0x395 with Data 0x7be417f7
     18445 Mon: Initialize SRAM; Write to SRAM A, Addr: 0x395, Data: 0x7be417f7
     18445 SB: Initialized memory A at address 0x395
     18455 [DRIVER] Init SRAM block 1 at Addr 0x395 with Data 0xe0bf68c1
     18455 Mon: Initialize SRAM; Write to SRAM B, Addr: 0x395, Data: 0xe0bf68c1
     18455 SB: Initialized memory B at address 0x395
     18465 [DRIVER] Init SRAM block 0 at Addr 0x396 with Data 0x184abd30
     18465 Mon: Initialize SRAM; Write to SRAM A, Addr: 0x396, Data: 0x184abd30
     18465 SB: Initialized memory A at address 0x396
     18475 [DRIVER] Init SRAM block 1 at Addr 0x396 with Data 0xfa8304f5
     18475 Mon: Initialize SRAM; Write to SRAM B, Addr: 0x396, Data: 0xfa8304f5
     18475 SB: Initialized memory B at address 0x396
     18485 [DRIVER] Init SRAM block 0 at Addr 0x397 with Data 0x44ae6589
     18485 Mon: Initialize SRAM; Write to SRAM A, Addr: 0x397, Data: 0x44ae6589
     18485 SB: Initialized memory A at address 0x397
     18495 [DRIVER] Init SRAM block 1 at Addr 0x397 with Data 0x3e3b9d7c
     18495 Mon: Initialize SRAM; Write to SRAM B, Addr: 0x397, Data: 0x3e3b9d7c
     18495 SB: Initialized memory B at address 0x397
     18505 [DRIVER] Init SRAM block 0 at Addr 0x398 with Data 0x788fb1f1
     18505 Mon: Initialize SRAM; Write to SRAM A, Addr: 0x398, Data: 0x788fb1f1
     18505 SB: Initialized memory A at address 0x398
     18515 [DRIVER] Init SRAM block 1 at Addr 0x398 with Data 0x85826e0b
     18515 Mon: Initialize SRAM; Write to SRAM B, Addr: 0x398, Data: 0x85826e0b
     18515 SB: Initialized memory B at address 0x398
     18525 [DRIVER] Init SRAM block 0 at Addr 0x399 with Data 0xf50d28ea
     18525 Mon: Initialize SRAM; Write to SRAM A, Addr: 0x399, Data: 0xf50d28ea
     18525 SB: Initialized memory A at address 0x399
     18535 [DRIVER] Init SRAM block 1 at Addr 0x399 with Data 0x0e62ab1c
     18535 Mon: Initialize SRAM; Write to SRAM B, Addr: 0x399, Data: 0xe62ab1c
     18535 SB: Initialized memory B at address 0x399
     18545 [DRIVER] Init SRAM block 0 at Addr 0x39a with Data 0x30582960
     18545 Mon: Initialize SRAM; Write to SRAM A, Addr: 0x39a, Data: 0x30582960
     18545 SB: Initialized memory A at address 0x39a
     18555 [DRIVER] Init SRAM block 1 at Addr 0x39a with Data 0x5750e5ae
     18555 Mon: Initialize SRAM; Write to SRAM B, Addr: 0x39a, Data: 0x5750e5ae
     18555 SB: Initialized memory B at address 0x39a
     18565 [DRIVER] Init SRAM block 0 at Addr 0x39b with Data 0xeaacb0d5
     18565 Mon: Initialize SRAM; Write to SRAM A, Addr: 0x39b, Data: 0xeaacb0d5
     18565 SB: Initialized memory A at address 0x39b
     18575 [DRIVER] Init SRAM block 1 at Addr 0x39b with Data 0x60096bc0
     18575 Mon: Initialize SRAM; Write to SRAM B, Addr: 0x39b, Data: 0x60096bc0
     18575 SB: Initialized memory B at address 0x39b
     18585 [DRIVER] Init SRAM block 0 at Addr 0x39c with Data 0xcb445096
     18585 Mon: Initialize SRAM; Write to SRAM A, Addr: 0x39c, Data: 0xcb445096
     18585 SB: Initialized memory A at address 0x39c
     18595 [DRIVER] Init SRAM block 1 at Addr 0x39c with Data 0x8d6da61a
     18595 Mon: Initialize SRAM; Write to SRAM B, Addr: 0x39c, Data: 0x8d6da61a
     18595 SB: Initialized memory B at address 0x39c
     18605 [DRIVER] Init SRAM block 0 at Addr 0x39d with Data 0x767c07ec
     18605 Mon: Initialize SRAM; Write to SRAM A, Addr: 0x39d, Data: 0x767c07ec
     18605 SB: Initialized memory A at address 0x39d
     18615 [DRIVER] Init SRAM block 1 at Addr 0x39d with Data 0x32387b64
     18615 Mon: Initialize SRAM; Write to SRAM B, Addr: 0x39d, Data: 0x32387b64
     18615 SB: Initialized memory B at address 0x39d
     18625 [DRIVER] Init SRAM block 0 at Addr 0x39e with Data 0x8f25161e
     18625 Mon: Initialize SRAM; Write to SRAM A, Addr: 0x39e, Data: 0x8f25161e
     18625 SB: Initialized memory A at address 0x39e
     18635 [DRIVER] Init SRAM block 1 at Addr 0x39e with Data 0x9821ac30
     18635 Mon: Initialize SRAM; Write to SRAM B, Addr: 0x39e, Data: 0x9821ac30
     18635 SB: Initialized memory B at address 0x39e
     18645 [DRIVER] Init SRAM block 0 at Addr 0x39f with Data 0x33b8f767
     18645 Mon: Initialize SRAM; Write to SRAM A, Addr: 0x39f, Data: 0x33b8f767
     18645 SB: Initialized memory A at address 0x39f
     18655 [DRIVER] Init SRAM block 1 at Addr 0x39f with Data 0xc4c83689
     18655 Mon: Initialize SRAM; Write to SRAM B, Addr: 0x39f, Data: 0xc4c83689
     18655 SB: Initialized memory B at address 0x39f
     18665 [DRIVER] Init SRAM block 0 at Addr 0x3a0 with Data 0xf4e824e9
     18665 Mon: Initialize SRAM; Write to SRAM A, Addr: 0x3a0, Data: 0xf4e824e9
     18665 SB: Initialized memory A at address 0x3a0
     18675 [DRIVER] Init SRAM block 1 at Addr 0x3a0 with Data 0x0b7bb516
     18675 Mon: Initialize SRAM; Write to SRAM B, Addr: 0x3a0, Data: 0xb7bb516
     18675 SB: Initialized memory B at address 0x3a0
     18685 [DRIVER] Init SRAM block 0 at Addr 0x3a1 with Data 0x2dbc0f5b
     18685 Mon: Initialize SRAM; Write to SRAM A, Addr: 0x3a1, Data: 0x2dbc0f5b
     18685 SB: Initialized memory A at address 0x3a1
     18695 [DRIVER] Init SRAM block 1 at Addr 0x3a1 with Data 0x38bcbb71
     18695 Mon: Initialize SRAM; Write to SRAM B, Addr: 0x3a1, Data: 0x38bcbb71
     18695 SB: Initialized memory B at address 0x3a1
     18705 [DRIVER] Init SRAM block 0 at Addr 0x3a2 with Data 0xbe43e87c
     18705 Mon: Initialize SRAM; Write to SRAM A, Addr: 0x3a2, Data: 0xbe43e87c
     18705 SB: Initialized memory A at address 0x3a2
     18715 [DRIVER] Init SRAM block 1 at Addr 0x3a2 with Data 0xb60c3a6c
     18715 Mon: Initialize SRAM; Write to SRAM B, Addr: 0x3a2, Data: 0xb60c3a6c
     18715 SB: Initialized memory B at address 0x3a2
     18725 [DRIVER] Init SRAM block 0 at Addr 0x3a3 with Data 0xa0849841
     18725 Mon: Initialize SRAM; Write to SRAM A, Addr: 0x3a3, Data: 0xa0849841
     18725 SB: Initialized memory A at address 0x3a3
     18735 [DRIVER] Init SRAM block 1 at Addr 0x3a3 with Data 0xdc61e2b8
     18735 Mon: Initialize SRAM; Write to SRAM B, Addr: 0x3a3, Data: 0xdc61e2b8
     18735 SB: Initialized memory B at address 0x3a3
     18745 [DRIVER] Init SRAM block 0 at Addr 0x3a4 with Data 0x54238da8
     18745 Mon: Initialize SRAM; Write to SRAM A, Addr: 0x3a4, Data: 0x54238da8
     18745 SB: Initialized memory A at address 0x3a4
     18755 [DRIVER] Init SRAM block 1 at Addr 0x3a4 with Data 0xb9617a72
     18755 Mon: Initialize SRAM; Write to SRAM B, Addr: 0x3a4, Data: 0xb9617a72
     18755 SB: Initialized memory B at address 0x3a4
     18765 [DRIVER] Init SRAM block 0 at Addr 0x3a5 with Data 0xe004a0c0
     18765 Mon: Initialize SRAM; Write to SRAM A, Addr: 0x3a5, Data: 0xe004a0c0
     18765 SB: Initialized memory A at address 0x3a5
     18775 [DRIVER] Init SRAM block 1 at Addr 0x3a5 with Data 0x3f274b7e
     18775 Mon: Initialize SRAM; Write to SRAM B, Addr: 0x3a5, Data: 0x3f274b7e
     18775 SB: Initialized memory B at address 0x3a5
     18785 [DRIVER] Init SRAM block 0 at Addr 0x3a6 with Data 0xd9d2fcb3
     18785 Mon: Initialize SRAM; Write to SRAM A, Addr: 0x3a6, Data: 0xd9d2fcb3
     18785 SB: Initialized memory A at address 0x3a6
     18795 [DRIVER] Init SRAM block 1 at Addr 0x3a6 with Data 0x20437140
     18795 Mon: Initialize SRAM; Write to SRAM B, Addr: 0x3a6, Data: 0x20437140
     18795 SB: Initialized memory B at address 0x3a6
     18805 [DRIVER] Init SRAM block 0 at Addr 0x3a7 with Data 0xb22cf464
     18805 Mon: Initialize SRAM; Write to SRAM A, Addr: 0x3a7, Data: 0xb22cf464
     18805 SB: Initialized memory A at address 0x3a7
     18815 [DRIVER] Init SRAM block 1 at Addr 0x3a7 with Data 0xe93c4cd2
     18815 Mon: Initialize SRAM; Write to SRAM B, Addr: 0x3a7, Data: 0xe93c4cd2
     18815 SB: Initialized memory B at address 0x3a7
     18825 [DRIVER] Init SRAM block 0 at Addr 0x3a8 with Data 0x20eae741
     18825 Mon: Initialize SRAM; Write to SRAM A, Addr: 0x3a8, Data: 0x20eae741
     18825 SB: Initialized memory A at address 0x3a8
     18835 [DRIVER] Init SRAM block 1 at Addr 0x3a8 with Data 0x2eafd95d
     18835 Mon: Initialize SRAM; Write to SRAM B, Addr: 0x3a8, Data: 0x2eafd95d
     18835 SB: Initialized memory B at address 0x3a8
     18845 [DRIVER] Init SRAM block 0 at Addr 0x3a9 with Data 0x27b91f4f
     18845 Mon: Initialize SRAM; Write to SRAM A, Addr: 0x3a9, Data: 0x27b91f4f
     18845 SB: Initialized memory A at address 0x3a9
     18855 [DRIVER] Init SRAM block 1 at Addr 0x3a9 with Data 0x52ec09a5
     18855 Mon: Initialize SRAM; Write to SRAM B, Addr: 0x3a9, Data: 0x52ec09a5
     18855 SB: Initialized memory B at address 0x3a9
     18865 [DRIVER] Init SRAM block 0 at Addr 0x3aa with Data 0x69fcb5d3
     18865 Mon: Initialize SRAM; Write to SRAM A, Addr: 0x3aa, Data: 0x69fcb5d3
     18865 SB: Initialized memory A at address 0x3aa
     18875 [DRIVER] Init SRAM block 1 at Addr 0x3aa with Data 0x67962fcf
     18875 Mon: Initialize SRAM; Write to SRAM B, Addr: 0x3aa, Data: 0x67962fcf
     18875 SB: Initialized memory B at address 0x3aa
     18885 [DRIVER] Init SRAM block 0 at Addr 0x3ab with Data 0xbfbb6c7f
     18885 Mon: Initialize SRAM; Write to SRAM A, Addr: 0x3ab, Data: 0xbfbb6c7f
     18885 SB: Initialized memory A at address 0x3ab
     18895 [DRIVER] Init SRAM block 1 at Addr 0x3ab with Data 0x77b957ef
     18895 Mon: Initialize SRAM; Write to SRAM B, Addr: 0x3ab, Data: 0x77b957ef
     18895 SB: Initialized memory B at address 0x3ab
     18905 [DRIVER] Init SRAM block 0 at Addr 0x3ac with Data 0x9dfe943b
     18905 Mon: Initialize SRAM; Write to SRAM A, Addr: 0x3ac, Data: 0x9dfe943b
     18905 SB: Initialized memory A at address 0x3ac
     18915 [DRIVER] Init SRAM block 1 at Addr 0x3ac with Data 0x0453ad08
     18915 Mon: Initialize SRAM; Write to SRAM B, Addr: 0x3ac, Data: 0x453ad08
     18915 SB: Initialized memory B at address 0x3ac
     18925 [DRIVER] Init SRAM block 0 at Addr 0x3ad with Data 0x61e8e9c3
     18925 Mon: Initialize SRAM; Write to SRAM A, Addr: 0x3ad, Data: 0x61e8e9c3
     18925 SB: Initialized memory A at address 0x3ad
     18935 [DRIVER] Init SRAM block 1 at Addr 0x3ad with Data 0x213ad542
     18935 Mon: Initialize SRAM; Write to SRAM B, Addr: 0x3ad, Data: 0x213ad542
     18935 SB: Initialized memory B at address 0x3ad
     18945 [DRIVER] Init SRAM block 0 at Addr 0x3ae with Data 0x6c776fd8
     18945 Mon: Initialize SRAM; Write to SRAM A, Addr: 0x3ae, Data: 0x6c776fd8
     18945 SB: Initialized memory A at address 0x3ae
     18955 [DRIVER] Init SRAM block 1 at Addr 0x3ae with Data 0x59ef51b3
     18955 Mon: Initialize SRAM; Write to SRAM B, Addr: 0x3ae, Data: 0x59ef51b3
     18955 SB: Initialized memory B at address 0x3ae
     18965 [DRIVER] Init SRAM block 0 at Addr 0x3af with Data 0x7ba55ff7
     18965 Mon: Initialize SRAM; Write to SRAM A, Addr: 0x3af, Data: 0x7ba55ff7
     18965 SB: Initialized memory A at address 0x3af
     18975 [DRIVER] Init SRAM block 1 at Addr 0x3af with Data 0xc5b6de8b
     18975 Mon: Initialize SRAM; Write to SRAM B, Addr: 0x3af, Data: 0xc5b6de8b
     18975 SB: Initialized memory B at address 0x3af
     18985 [DRIVER] Init SRAM block 0 at Addr 0x3b0 with Data 0x7a6af5f4
     18985 Mon: Initialize SRAM; Write to SRAM A, Addr: 0x3b0, Data: 0x7a6af5f4
     18985 SB: Initialized memory A at address 0x3b0
     18995 [DRIVER] Init SRAM block 1 at Addr 0x3b0 with Data 0x6815d9d0
     18995 Mon: Initialize SRAM; Write to SRAM B, Addr: 0x3b0, Data: 0x6815d9d0
     18995 SB: Initialized memory B at address 0x3b0
     19005 [DRIVER] Init SRAM block 0 at Addr 0x3b1 with Data 0x4bcf5b97
     19005 Mon: Initialize SRAM; Write to SRAM A, Addr: 0x3b1, Data: 0x4bcf5b97
     19005 SB: Initialized memory A at address 0x3b1
     19015 [DRIVER] Init SRAM block 1 at Addr 0x3b1 with Data 0x967f902c
     19015 Mon: Initialize SRAM; Write to SRAM B, Addr: 0x3b1, Data: 0x967f902c
     19015 SB: Initialized memory B at address 0x3b1
     19025 [DRIVER] Init SRAM block 0 at Addr 0x3b2 with Data 0x8e058c1c
     19025 Mon: Initialize SRAM; Write to SRAM A, Addr: 0x3b2, Data: 0x8e058c1c
     19025 SB: Initialized memory A at address 0x3b2
     19035 [DRIVER] Init SRAM block 1 at Addr 0x3b2 with Data 0x8dd5bc1b
     19035 Mon: Initialize SRAM; Write to SRAM B, Addr: 0x3b2, Data: 0x8dd5bc1b
     19035 SB: Initialized memory B at address 0x3b2
     19045 [DRIVER] Init SRAM block 0 at Addr 0x3b3 with Data 0x294c2b52
     19045 Mon: Initialize SRAM; Write to SRAM A, Addr: 0x3b3, Data: 0x294c2b52
     19045 SB: Initialized memory A at address 0x3b3
     19055 [DRIVER] Init SRAM block 1 at Addr 0x3b3 with Data 0x1a0ec734
     19055 Mon: Initialize SRAM; Write to SRAM B, Addr: 0x3b3, Data: 0x1a0ec734
     19055 SB: Initialized memory B at address 0x3b3
     19065 [DRIVER] Init SRAM block 0 at Addr 0x3b4 with Data 0x630867c6
     19065 Mon: Initialize SRAM; Write to SRAM A, Addr: 0x3b4, Data: 0x630867c6
     19065 SB: Initialized memory A at address 0x3b4
     19075 [DRIVER] Init SRAM block 1 at Addr 0x3b4 with Data 0x201b3b40
     19075 Mon: Initialize SRAM; Write to SRAM B, Addr: 0x3b4, Data: 0x201b3b40
     19075 SB: Initialized memory B at address 0x3b4
     19085 [DRIVER] Init SRAM block 0 at Addr 0x3b5 with Data 0x5053dba0
     19085 Mon: Initialize SRAM; Write to SRAM A, Addr: 0x3b5, Data: 0x5053dba0
     19085 SB: Initialized memory A at address 0x3b5
     19095 [DRIVER] Init SRAM block 1 at Addr 0x3b5 with Data 0x6de21ddb
     19095 Mon: Initialize SRAM; Write to SRAM B, Addr: 0x3b5, Data: 0x6de21ddb
     19095 SB: Initialized memory B at address 0x3b5
     19105 [DRIVER] Init SRAM block 0 at Addr 0x3b6 with Data 0x93f56c27
     19105 Mon: Initialize SRAM; Write to SRAM A, Addr: 0x3b6, Data: 0x93f56c27
     19105 SB: Initialized memory A at address 0x3b6
     19115 [DRIVER] Init SRAM block 1 at Addr 0x3b6 with Data 0x5dec4fbb
     19115 Mon: Initialize SRAM; Write to SRAM B, Addr: 0x3b6, Data: 0x5dec4fbb
     19115 SB: Initialized memory B at address 0x3b6
     19125 [DRIVER] Init SRAM block 0 at Addr 0x3b7 with Data 0x827d3404
     19125 Mon: Initialize SRAM; Write to SRAM A, Addr: 0x3b7, Data: 0x827d3404
     19125 SB: Initialized memory A at address 0x3b7
     19135 [DRIVER] Init SRAM block 1 at Addr 0x3b7 with Data 0x0c16ed18
     19135 Mon: Initialize SRAM; Write to SRAM B, Addr: 0x3b7, Data: 0xc16ed18
     19135 SB: Initialized memory B at address 0x3b7
     19145 [DRIVER] Init SRAM block 0 at Addr 0x3b8 with Data 0xc3fb4c87
     19145 Mon: Initialize SRAM; Write to SRAM A, Addr: 0x3b8, Data: 0xc3fb4c87
     19145 SB: Initialized memory A at address 0x3b8
     19155 [DRIVER] Init SRAM block 1 at Addr 0x3b8 with Data 0xfe64b2fc
     19155 Mon: Initialize SRAM; Write to SRAM B, Addr: 0x3b8, Data: 0xfe64b2fc
     19155 SB: Initialized memory B at address 0x3b8
     19165 [DRIVER] Init SRAM block 0 at Addr 0x3b9 with Data 0x8589c40b
     19165 Mon: Initialize SRAM; Write to SRAM A, Addr: 0x3b9, Data: 0x8589c40b
     19165 SB: Initialized memory A at address 0x3b9
     19175 [DRIVER] Init SRAM block 1 at Addr 0x3b9 with Data 0xb0c65661
     19175 Mon: Initialize SRAM; Write to SRAM B, Addr: 0x3b9, Data: 0xb0c65661
     19175 SB: Initialized memory B at address 0x3b9
     19185 [DRIVER] Init SRAM block 0 at Addr 0x3ba with Data 0xf5a170eb
     19185 Mon: Initialize SRAM; Write to SRAM A, Addr: 0x3ba, Data: 0xf5a170eb
     19185 SB: Initialized memory A at address 0x3ba
     19195 [DRIVER] Init SRAM block 1 at Addr 0x3ba with Data 0x5471e7a8
     19195 Mon: Initialize SRAM; Write to SRAM B, Addr: 0x3ba, Data: 0x5471e7a8
     19195 SB: Initialized memory B at address 0x3ba
     19205 [DRIVER] Init SRAM block 0 at Addr 0x3bb with Data 0x4cf1d799
     19205 Mon: Initialize SRAM; Write to SRAM A, Addr: 0x3bb, Data: 0x4cf1d799
     19205 SB: Initialized memory A at address 0x3bb
     19215 [DRIVER] Init SRAM block 1 at Addr 0x3bb with Data 0xbb213276
     19215 Mon: Initialize SRAM; Write to SRAM B, Addr: 0x3bb, Data: 0xbb213276
     19215 SB: Initialized memory B at address 0x3bb
     19225 [DRIVER] Init SRAM block 0 at Addr 0x3bc with Data 0xba340674
     19225 Mon: Initialize SRAM; Write to SRAM A, Addr: 0x3bc, Data: 0xba340674
     19225 SB: Initialized memory A at address 0x3bc
     19235 [DRIVER] Init SRAM block 1 at Addr 0x3bc with Data 0xc44f2488
     19235 Mon: Initialize SRAM; Write to SRAM B, Addr: 0x3bc, Data: 0xc44f2488
     19235 SB: Initialized memory B at address 0x3bc
     19245 [DRIVER] Init SRAM block 0 at Addr 0x3bd with Data 0x5a3079b4
     19245 Mon: Initialize SRAM; Write to SRAM A, Addr: 0x3bd, Data: 0x5a3079b4
     19245 SB: Initialized memory A at address 0x3bd
     19255 [DRIVER] Init SRAM block 1 at Addr 0x3bd with Data 0x264c1f4c
     19255 Mon: Initialize SRAM; Write to SRAM B, Addr: 0x3bd, Data: 0x264c1f4c
     19255 SB: Initialized memory B at address 0x3bd
     19265 [DRIVER] Init SRAM block 0 at Addr 0x3be with Data 0xa5eff84b
     19265 Mon: Initialize SRAM; Write to SRAM A, Addr: 0x3be, Data: 0xa5eff84b
     19265 SB: Initialized memory A at address 0x3be
     19275 [DRIVER] Init SRAM block 1 at Addr 0x3be with Data 0x06c1670d
     19275 Mon: Initialize SRAM; Write to SRAM B, Addr: 0x3be, Data: 0x6c1670d
     19275 SB: Initialized memory B at address 0x3be
     19285 [DRIVER] Init SRAM block 0 at Addr 0x3bf with Data 0x9fcf743f
     19285 Mon: Initialize SRAM; Write to SRAM A, Addr: 0x3bf, Data: 0x9fcf743f
     19285 SB: Initialized memory A at address 0x3bf
     19295 [DRIVER] Init SRAM block 1 at Addr 0x3bf with Data 0xf5fb76eb
     19295 Mon: Initialize SRAM; Write to SRAM B, Addr: 0x3bf, Data: 0xf5fb76eb
     19295 SB: Initialized memory B at address 0x3bf
     19305 [DRIVER] Init SRAM block 0 at Addr 0x3c0 with Data 0x34eef369
     19305 Mon: Initialize SRAM; Write to SRAM A, Addr: 0x3c0, Data: 0x34eef369
     19305 SB: Initialized memory A at address 0x3c0
     19315 [DRIVER] Init SRAM block 1 at Addr 0x3c0 with Data 0x76136bec
     19315 Mon: Initialize SRAM; Write to SRAM B, Addr: 0x3c0, Data: 0x76136bec
     19315 SB: Initialized memory B at address 0x3c0
     19325 [DRIVER] Init SRAM block 0 at Addr 0x3c1 with Data 0xf33358e6
     19325 Mon: Initialize SRAM; Write to SRAM A, Addr: 0x3c1, Data: 0xf33358e6
     19325 SB: Initialized memory A at address 0x3c1
     19335 [DRIVER] Init SRAM block 1 at Addr 0x3c1 with Data 0xb2cf5665
     19335 Mon: Initialize SRAM; Write to SRAM B, Addr: 0x3c1, Data: 0xb2cf5665
     19335 SB: Initialized memory B at address 0x3c1
     19345 [DRIVER] Init SRAM block 0 at Addr 0x3c2 with Data 0x0cd36119
     19345 Mon: Initialize SRAM; Write to SRAM A, Addr: 0x3c2, Data: 0xcd36119
     19345 SB: Initialized memory A at address 0x3c2
     19355 [DRIVER] Init SRAM block 1 at Addr 0x3c2 with Data 0x60d1adc1
     19355 Mon: Initialize SRAM; Write to SRAM B, Addr: 0x3c2, Data: 0x60d1adc1
     19355 SB: Initialized memory B at address 0x3c2
     19365 [DRIVER] Init SRAM block 0 at Addr 0x3c3 with Data 0xd9276eb2
     19365 Mon: Initialize SRAM; Write to SRAM A, Addr: 0x3c3, Data: 0xd9276eb2
     19365 SB: Initialized memory A at address 0x3c3
     19375 [DRIVER] Init SRAM block 1 at Addr 0x3c3 with Data 0x526f9ba4
     19375 Mon: Initialize SRAM; Write to SRAM B, Addr: 0x3c3, Data: 0x526f9ba4
     19375 SB: Initialized memory B at address 0x3c3
     19385 [DRIVER] Init SRAM block 0 at Addr 0x3c4 with Data 0x4734718e
     19385 Mon: Initialize SRAM; Write to SRAM A, Addr: 0x3c4, Data: 0x4734718e
     19385 SB: Initialized memory A at address 0x3c4
     19395 [DRIVER] Init SRAM block 1 at Addr 0x3c4 with Data 0x1e46693c
     19395 Mon: Initialize SRAM; Write to SRAM B, Addr: 0x3c4, Data: 0x1e46693c
     19395 SB: Initialized memory B at address 0x3c4
     19405 [DRIVER] Init SRAM block 0 at Addr 0x3c5 with Data 0x3929c572
     19405 Mon: Initialize SRAM; Write to SRAM A, Addr: 0x3c5, Data: 0x3929c572
     19405 SB: Initialized memory A at address 0x3c5
     19415 [DRIVER] Init SRAM block 1 at Addr 0x3c5 with Data 0xa767de4e
     19415 Mon: Initialize SRAM; Write to SRAM B, Addr: 0x3c5, Data: 0xa767de4e
     19415 SB: Initialized memory B at address 0x3c5
     19425 [DRIVER] Init SRAM block 0 at Addr 0x3c6 with Data 0x30ca0f61
     19425 Mon: Initialize SRAM; Write to SRAM A, Addr: 0x3c6, Data: 0x30ca0f61
     19425 SB: Initialized memory A at address 0x3c6
     19435 [DRIVER] Init SRAM block 1 at Addr 0x3c6 with Data 0x60b59bc1
     19435 Mon: Initialize SRAM; Write to SRAM B, Addr: 0x3c6, Data: 0x60b59bc1
     19435 SB: Initialized memory B at address 0x3c6
     19445 [DRIVER] Init SRAM block 0 at Addr 0x3c7 with Data 0x43772386
     19445 Mon: Initialize SRAM; Write to SRAM A, Addr: 0x3c7, Data: 0x43772386
     19445 SB: Initialized memory A at address 0x3c7
     19455 [DRIVER] Init SRAM block 1 at Addr 0x3c7 with Data 0x34c37d69
     19455 Mon: Initialize SRAM; Write to SRAM B, Addr: 0x3c7, Data: 0x34c37d69
     19455 SB: Initialized memory B at address 0x3c7
     19465 [DRIVER] Init SRAM block 0 at Addr 0x3c8 with Data 0xa958e252
     19465 Mon: Initialize SRAM; Write to SRAM A, Addr: 0x3c8, Data: 0xa958e252
     19465 SB: Initialized memory A at address 0x3c8
     19475 [DRIVER] Init SRAM block 1 at Addr 0x3c8 with Data 0x0158ff02
     19475 Mon: Initialize SRAM; Write to SRAM B, Addr: 0x3c8, Data: 0x158ff02
     19475 SB: Initialized memory B at address 0x3c8
     19485 [DRIVER] Init SRAM block 0 at Addr 0x3c9 with Data 0x95d7182b
     19485 Mon: Initialize SRAM; Write to SRAM A, Addr: 0x3c9, Data: 0x95d7182b
     19485 SB: Initialized memory A at address 0x3c9
     19495 [DRIVER] Init SRAM block 1 at Addr 0x3c9 with Data 0x01699502
     19495 Mon: Initialize SRAM; Write to SRAM B, Addr: 0x3c9, Data: 0x1699502
     19495 SB: Initialized memory B at address 0x3c9
     19505 [DRIVER] Init SRAM block 0 at Addr 0x3ca with Data 0x105e5d20
     19505 Mon: Initialize SRAM; Write to SRAM A, Addr: 0x3ca, Data: 0x105e5d20
     19505 SB: Initialized memory A at address 0x3ca
     19515 [DRIVER] Init SRAM block 1 at Addr 0x3ca with Data 0x421c0f84
     19515 Mon: Initialize SRAM; Write to SRAM B, Addr: 0x3ca, Data: 0x421c0f84
     19515 SB: Initialized memory B at address 0x3ca
     19525 [DRIVER] Init SRAM block 0 at Addr 0x3cb with Data 0x6b27f3d6
     19525 Mon: Initialize SRAM; Write to SRAM A, Addr: 0x3cb, Data: 0x6b27f3d6
     19525 SB: Initialized memory A at address 0x3cb
     19535 [DRIVER] Init SRAM block 1 at Addr 0x3cb with Data 0xc738fe8e
     19535 Mon: Initialize SRAM; Write to SRAM B, Addr: 0x3cb, Data: 0xc738fe8e
     19535 SB: Initialized memory B at address 0x3cb
     19545 [DRIVER] Init SRAM block 0 at Addr 0x3cc with Data 0x6a7ca9d4
     19545 Mon: Initialize SRAM; Write to SRAM A, Addr: 0x3cc, Data: 0x6a7ca9d4
     19545 SB: Initialized memory A at address 0x3cc
     19555 [DRIVER] Init SRAM block 1 at Addr 0x3cc with Data 0x41180b82
     19555 Mon: Initialize SRAM; Write to SRAM B, Addr: 0x3cc, Data: 0x41180b82
     19555 SB: Initialized memory B at address 0x3cc
     19565 [DRIVER] Init SRAM block 0 at Addr 0x3cd with Data 0x61aabbc3
     19565 Mon: Initialize SRAM; Write to SRAM A, Addr: 0x3cd, Data: 0x61aabbc3
     19565 SB: Initialized memory A at address 0x3cd
     19575 [DRIVER] Init SRAM block 1 at Addr 0x3cd with Data 0x99e45833
     19575 Mon: Initialize SRAM; Write to SRAM B, Addr: 0x3cd, Data: 0x99e45833
     19575 SB: Initialized memory B at address 0x3cd
     19585 [DRIVER] Init SRAM block 0 at Addr 0x3ce with Data 0x2ba6b157
     19585 Mon: Initialize SRAM; Write to SRAM A, Addr: 0x3ce, Data: 0x2ba6b157
     19585 SB: Initialized memory A at address 0x3ce
     19595 [DRIVER] Init SRAM block 1 at Addr 0x3ce with Data 0x19cfeb33
     19595 Mon: Initialize SRAM; Write to SRAM B, Addr: 0x3ce, Data: 0x19cfeb33
     19595 SB: Initialized memory B at address 0x3ce
     19605 [DRIVER] Init SRAM block 0 at Addr 0x3cf with Data 0x240f3d48
     19605 Mon: Initialize SRAM; Write to SRAM A, Addr: 0x3cf, Data: 0x240f3d48
     19605 SB: Initialized memory A at address 0x3cf
     19615 [DRIVER] Init SRAM block 1 at Addr 0x3cf with Data 0xe18dfec3
     19615 Mon: Initialize SRAM; Write to SRAM B, Addr: 0x3cf, Data: 0xe18dfec3
     19615 SB: Initialized memory B at address 0x3cf
     19625 [DRIVER] Init SRAM block 0 at Addr 0x3d0 with Data 0xd20c20a4
     19625 Mon: Initialize SRAM; Write to SRAM A, Addr: 0x3d0, Data: 0xd20c20a4
     19625 SB: Initialized memory A at address 0x3d0
     19635 [DRIVER] Init SRAM block 1 at Addr 0x3d0 with Data 0xf02c6ee0
     19635 Mon: Initialize SRAM; Write to SRAM B, Addr: 0x3d0, Data: 0xf02c6ee0
     19635 SB: Initialized memory B at address 0x3d0
     19645 [DRIVER] Init SRAM block 0 at Addr 0x3d1 with Data 0x01400702
     19645 Mon: Initialize SRAM; Write to SRAM A, Addr: 0x3d1, Data: 0x1400702
     19645 SB: Initialized memory A at address 0x3d1
     19655 [DRIVER] Init SRAM block 1 at Addr 0x3d1 with Data 0x45240d8a
     19655 Mon: Initialize SRAM; Write to SRAM B, Addr: 0x3d1, Data: 0x45240d8a
     19655 SB: Initialized memory B at address 0x3d1
     19665 [DRIVER] Init SRAM block 0 at Addr 0x3d2 with Data 0x3dc5677b
     19665 Mon: Initialize SRAM; Write to SRAM A, Addr: 0x3d2, Data: 0x3dc5677b
     19665 SB: Initialized memory A at address 0x3d2
     19675 [DRIVER] Init SRAM block 1 at Addr 0x3d2 with Data 0xe1380ec2
     19675 Mon: Initialize SRAM; Write to SRAM B, Addr: 0x3d2, Data: 0xe1380ec2
     19675 SB: Initialized memory B at address 0x3d2
     19685 [DRIVER] Init SRAM block 0 at Addr 0x3d3 with Data 0x3eee637d
     19685 Mon: Initialize SRAM; Write to SRAM A, Addr: 0x3d3, Data: 0x3eee637d
     19685 SB: Initialized memory A at address 0x3d3
     19695 [DRIVER] Init SRAM block 1 at Addr 0x3d3 with Data 0xe07c5ec0
     19695 Mon: Initialize SRAM; Write to SRAM B, Addr: 0x3d3, Data: 0xe07c5ec0
     19695 SB: Initialized memory B at address 0x3d3
     19705 [DRIVER] Init SRAM block 0 at Addr 0x3d4 with Data 0x713fabe2
     19705 Mon: Initialize SRAM; Write to SRAM A, Addr: 0x3d4, Data: 0x713fabe2
     19705 SB: Initialized memory A at address 0x3d4
     19715 [DRIVER] Init SRAM block 1 at Addr 0x3d4 with Data 0x959b082b
     19715 Mon: Initialize SRAM; Write to SRAM B, Addr: 0x3d4, Data: 0x959b082b
     19715 SB: Initialized memory B at address 0x3d4
     19725 [DRIVER] Init SRAM block 0 at Addr 0x3d5 with Data 0xb2de5c65
     19725 Mon: Initialize SRAM; Write to SRAM A, Addr: 0x3d5, Data: 0xb2de5c65
     19725 SB: Initialized memory A at address 0x3d5
     19735 [DRIVER] Init SRAM block 1 at Addr 0x3d5 with Data 0xe23090c4
     19735 Mon: Initialize SRAM; Write to SRAM B, Addr: 0x3d5, Data: 0xe23090c4
     19735 SB: Initialized memory B at address 0x3d5
     19745 [DRIVER] Init SRAM block 0 at Addr 0x3d6 with Data 0x2668df4c
     19745 Mon: Initialize SRAM; Write to SRAM A, Addr: 0x3d6, Data: 0x2668df4c
     19745 SB: Initialized memory A at address 0x3d6
     19755 [DRIVER] Init SRAM block 1 at Addr 0x3d6 with Data 0xf1d758e3
     19755 Mon: Initialize SRAM; Write to SRAM B, Addr: 0x3d6, Data: 0xf1d758e3
     19755 SB: Initialized memory B at address 0x3d6
     19765 [DRIVER] Init SRAM block 0 at Addr 0x3d7 with Data 0xeef2c2dd
     19765 Mon: Initialize SRAM; Write to SRAM A, Addr: 0x3d7, Data: 0xeef2c2dd
     19765 SB: Initialized memory A at address 0x3d7
     19775 [DRIVER] Init SRAM block 1 at Addr 0x3d7 with Data 0x6d39fdda
     19775 Mon: Initialize SRAM; Write to SRAM B, Addr: 0x3d7, Data: 0x6d39fdda
     19775 SB: Initialized memory B at address 0x3d7
     19785 [DRIVER] Init SRAM block 0 at Addr 0x3d8 with Data 0x649babc9
     19785 Mon: Initialize SRAM; Write to SRAM A, Addr: 0x3d8, Data: 0x649babc9
     19785 SB: Initialized memory A at address 0x3d8
     19795 [DRIVER] Init SRAM block 1 at Addr 0x3d8 with Data 0x2044b940
     19795 Mon: Initialize SRAM; Write to SRAM B, Addr: 0x3d8, Data: 0x2044b940
     19795 SB: Initialized memory B at address 0x3d8
     19805 [DRIVER] Init SRAM block 0 at Addr 0x3d9 with Data 0x0bf91f17
     19805 Mon: Initialize SRAM; Write to SRAM A, Addr: 0x3d9, Data: 0xbf91f17
     19805 SB: Initialized memory A at address 0x3d9
     19815 [DRIVER] Init SRAM block 1 at Addr 0x3d9 with Data 0x5a4dc3b4
     19815 Mon: Initialize SRAM; Write to SRAM B, Addr: 0x3d9, Data: 0x5a4dc3b4
     19815 SB: Initialized memory B at address 0x3d9
     19825 [DRIVER] Init SRAM block 0 at Addr 0x3da with Data 0x034b7b06
     19825 Mon: Initialize SRAM; Write to SRAM A, Addr: 0x3da, Data: 0x34b7b06
     19825 SB: Initialized memory A at address 0x3da
     19835 [DRIVER] Init SRAM block 1 at Addr 0x3da with Data 0xf0cca8e1
     19835 Mon: Initialize SRAM; Write to SRAM B, Addr: 0x3da, Data: 0xf0cca8e1
     19835 SB: Initialized memory B at address 0x3da
     19845 [DRIVER] Init SRAM block 0 at Addr 0x3db with Data 0xdf35bebe
     19845 Mon: Initialize SRAM; Write to SRAM A, Addr: 0x3db, Data: 0xdf35bebe
     19845 SB: Initialized memory A at address 0x3db
     19855 [DRIVER] Init SRAM block 1 at Addr 0x3db with Data 0x34f8bb69
     19855 Mon: Initialize SRAM; Write to SRAM B, Addr: 0x3db, Data: 0x34f8bb69
     19855 SB: Initialized memory B at address 0x3db
     19865 [DRIVER] Init SRAM block 0 at Addr 0x3dc with Data 0xc5707a8a
     19865 Mon: Initialize SRAM; Write to SRAM A, Addr: 0x3dc, Data: 0xc5707a8a
     19865 SB: Initialized memory A at address 0x3dc
     19875 [DRIVER] Init SRAM block 1 at Addr 0x3dc with Data 0x4a666194
     19875 Mon: Initialize SRAM; Write to SRAM B, Addr: 0x3dc, Data: 0x4a666194
     19875 SB: Initialized memory B at address 0x3dc
     19885 [DRIVER] Init SRAM block 0 at Addr 0x3dd with Data 0x26afad4d
     19885 Mon: Initialize SRAM; Write to SRAM A, Addr: 0x3dd, Data: 0x26afad4d
     19885 SB: Initialized memory A at address 0x3dd
     19895 [DRIVER] Init SRAM block 1 at Addr 0x3dd with Data 0x907b8220
     19895 Mon: Initialize SRAM; Write to SRAM B, Addr: 0x3dd, Data: 0x907b8220
     19895 SB: Initialized memory B at address 0x3dd
     19905 [DRIVER] Init SRAM block 0 at Addr 0x3de with Data 0x79b399f3
     19905 Mon: Initialize SRAM; Write to SRAM A, Addr: 0x3de, Data: 0x79b399f3
     19905 SB: Initialized memory A at address 0x3de
     19915 [DRIVER] Init SRAM block 1 at Addr 0x3de with Data 0x2a52e154
     19915 Mon: Initialize SRAM; Write to SRAM B, Addr: 0x3de, Data: 0x2a52e154
     19915 SB: Initialized memory B at address 0x3de
     19925 [DRIVER] Init SRAM block 0 at Addr 0x3df with Data 0xf83cb4f0
     19925 Mon: Initialize SRAM; Write to SRAM A, Addr: 0x3df, Data: 0xf83cb4f0
     19925 SB: Initialized memory A at address 0x3df
     19935 [DRIVER] Init SRAM block 1 at Addr 0x3df with Data 0x90667620
     19935 Mon: Initialize SRAM; Write to SRAM B, Addr: 0x3df, Data: 0x90667620
     19935 SB: Initialized memory B at address 0x3df
     19945 [DRIVER] Init SRAM block 0 at Addr 0x3e0 with Data 0x4b5a7f96
     19945 Mon: Initialize SRAM; Write to SRAM A, Addr: 0x3e0, Data: 0x4b5a7f96
     19945 SB: Initialized memory A at address 0x3e0
     19955 [DRIVER] Init SRAM block 1 at Addr 0x3e0 with Data 0x6d18e1da
     19955 Mon: Initialize SRAM; Write to SRAM B, Addr: 0x3e0, Data: 0x6d18e1da
     19955 SB: Initialized memory B at address 0x3e0
     19965 [DRIVER] Init SRAM block 0 at Addr 0x3e1 with Data 0x7f4d65fe
     19965 Mon: Initialize SRAM; Write to SRAM A, Addr: 0x3e1, Data: 0x7f4d65fe
     19965 SB: Initialized memory A at address 0x3e1
     19975 [DRIVER] Init SRAM block 1 at Addr 0x3e1 with Data 0x40f5b381
     19975 Mon: Initialize SRAM; Write to SRAM B, Addr: 0x3e1, Data: 0x40f5b381
     19975 SB: Initialized memory B at address 0x3e1
     19985 [DRIVER] Init SRAM block 0 at Addr 0x3e2 with Data 0x2ff39b5f
     19985 Mon: Initialize SRAM; Write to SRAM A, Addr: 0x3e2, Data: 0x2ff39b5f
     19985 SB: Initialized memory A at address 0x3e2
     19995 [DRIVER] Init SRAM block 1 at Addr 0x3e2 with Data 0x5d40dfba
     19995 Mon: Initialize SRAM; Write to SRAM B, Addr: 0x3e2, Data: 0x5d40dfba
     19995 SB: Initialized memory B at address 0x3e2
     20005 [DRIVER] Init SRAM block 0 at Addr 0x3e3 with Data 0xd57906aa
     20005 Mon: Initialize SRAM; Write to SRAM A, Addr: 0x3e3, Data: 0xd57906aa
     20005 SB: Initialized memory A at address 0x3e3
     20015 [DRIVER] Init SRAM block 1 at Addr 0x3e3 with Data 0x1b2d1336
     20015 Mon: Initialize SRAM; Write to SRAM B, Addr: 0x3e3, Data: 0x1b2d1336
     20015 SB: Initialized memory B at address 0x3e3
     20025 [DRIVER] Init SRAM block 0 at Addr 0x3e4 with Data 0x1dc2173b
     20025 Mon: Initialize SRAM; Write to SRAM A, Addr: 0x3e4, Data: 0x1dc2173b
     20025 SB: Initialized memory A at address 0x3e4
     20035 [DRIVER] Init SRAM block 1 at Addr 0x3e4 with Data 0xc3d11687
     20035 Mon: Initialize SRAM; Write to SRAM B, Addr: 0x3e4, Data: 0xc3d11687
     20035 SB: Initialized memory B at address 0x3e4
     20045 [DRIVER] Init SRAM block 0 at Addr 0x3e5 with Data 0x81c9a603
     20045 Mon: Initialize SRAM; Write to SRAM A, Addr: 0x3e5, Data: 0x81c9a603
     20045 SB: Initialized memory A at address 0x3e5
     20055 [DRIVER] Init SRAM block 1 at Addr 0x3e5 with Data 0xd0b432a1
     20055 Mon: Initialize SRAM; Write to SRAM B, Addr: 0x3e5, Data: 0xd0b432a1
     20055 SB: Initialized memory B at address 0x3e5
     20065 [DRIVER] Init SRAM block 0 at Addr 0x3e6 with Data 0x76e9dfed
     20065 Mon: Initialize SRAM; Write to SRAM A, Addr: 0x3e6, Data: 0x76e9dfed
     20065 SB: Initialized memory A at address 0x3e6
     20075 [DRIVER] Init SRAM block 1 at Addr 0x3e6 with Data 0xf68984ed
     20075 Mon: Initialize SRAM; Write to SRAM B, Addr: 0x3e6, Data: 0xf68984ed
     20075 SB: Initialized memory B at address 0x3e6
     20085 [DRIVER] Init SRAM block 0 at Addr 0x3e7 with Data 0xeac812d5
     20085 Mon: Initialize SRAM; Write to SRAM A, Addr: 0x3e7, Data: 0xeac812d5
     20085 SB: Initialized memory A at address 0x3e7
     20095 [DRIVER] Init SRAM block 1 at Addr 0x3e7 with Data 0x3b726d76
     20095 Mon: Initialize SRAM; Write to SRAM B, Addr: 0x3e7, Data: 0x3b726d76
     20095 SB: Initialized memory B at address 0x3e7
     20105 [DRIVER] Init SRAM block 0 at Addr 0x3e8 with Data 0xd55ba0aa
     20105 Mon: Initialize SRAM; Write to SRAM A, Addr: 0x3e8, Data: 0xd55ba0aa
     20105 SB: Initialized memory A at address 0x3e8
     20115 [DRIVER] Init SRAM block 1 at Addr 0x3e8 with Data 0x1fdfe53f
     20115 Mon: Initialize SRAM; Write to SRAM B, Addr: 0x3e8, Data: 0x1fdfe53f
     20115 SB: Initialized memory B at address 0x3e8
     20125 [DRIVER] Init SRAM block 0 at Addr 0x3e9 with Data 0xc747d48e
     20125 Mon: Initialize SRAM; Write to SRAM A, Addr: 0x3e9, Data: 0xc747d48e
     20125 SB: Initialized memory A at address 0x3e9
     20135 [DRIVER] Init SRAM block 1 at Addr 0x3e9 with Data 0x0ceae119
     20135 Mon: Initialize SRAM; Write to SRAM B, Addr: 0x3e9, Data: 0xceae119
     20135 SB: Initialized memory B at address 0x3e9
     20145 [DRIVER] Init SRAM block 0 at Addr 0x3ea with Data 0x2380c747
     20145 Mon: Initialize SRAM; Write to SRAM A, Addr: 0x3ea, Data: 0x2380c747
     20145 SB: Initialized memory A at address 0x3ea
     20155 [DRIVER] Init SRAM block 1 at Addr 0x3ea with Data 0xbcbbb079
     20155 Mon: Initialize SRAM; Write to SRAM B, Addr: 0x3ea, Data: 0xbcbbb079
     20155 SB: Initialized memory B at address 0x3ea
     20165 [DRIVER] Init SRAM block 0 at Addr 0x3eb with Data 0x59f339b3
     20165 Mon: Initialize SRAM; Write to SRAM A, Addr: 0x3eb, Data: 0x59f339b3
     20165 SB: Initialized memory A at address 0x3eb
     20175 [DRIVER] Init SRAM block 1 at Addr 0x3eb with Data 0x99586632
     20175 Mon: Initialize SRAM; Write to SRAM B, Addr: 0x3eb, Data: 0x99586632
     20175 SB: Initialized memory B at address 0x3eb
     20185 [DRIVER] Init SRAM block 0 at Addr 0x3ec with Data 0xada77c5b
     20185 Mon: Initialize SRAM; Write to SRAM A, Addr: 0x3ec, Data: 0xada77c5b
     20185 SB: Initialized memory A at address 0x3ec
     20195 [DRIVER] Init SRAM block 1 at Addr 0x3ec with Data 0x0bf22917
     20195 Mon: Initialize SRAM; Write to SRAM B, Addr: 0x3ec, Data: 0xbf22917
     20195 SB: Initialized memory B at address 0x3ec
     20205 [DRIVER] Init SRAM block 0 at Addr 0x3ed with Data 0x03974d07
     20205 Mon: Initialize SRAM; Write to SRAM A, Addr: 0x3ed, Data: 0x3974d07
     20205 SB: Initialized memory A at address 0x3ed
     20215 [DRIVER] Init SRAM block 1 at Addr 0x3ed with Data 0xda899cb5
     20215 Mon: Initialize SRAM; Write to SRAM B, Addr: 0x3ed, Data: 0xda899cb5
     20215 SB: Initialized memory B at address 0x3ed
     20225 [DRIVER] Init SRAM block 0 at Addr 0x3ee with Data 0x982eb030
     20225 Mon: Initialize SRAM; Write to SRAM A, Addr: 0x3ee, Data: 0x982eb030
     20225 SB: Initialized memory A at address 0x3ee
     20235 [DRIVER] Init SRAM block 1 at Addr 0x3ee with Data 0xeb8244d7
     20235 Mon: Initialize SRAM; Write to SRAM B, Addr: 0x3ee, Data: 0xeb8244d7
     20235 SB: Initialized memory B at address 0x3ee
     20245 [DRIVER] Init SRAM block 0 at Addr 0x3ef with Data 0x782fddf0
     20245 Mon: Initialize SRAM; Write to SRAM A, Addr: 0x3ef, Data: 0x782fddf0
     20245 SB: Initialized memory A at address 0x3ef
     20255 [DRIVER] Init SRAM block 1 at Addr 0x3ef with Data 0x867cde0c
     20255 Mon: Initialize SRAM; Write to SRAM B, Addr: 0x3ef, Data: 0x867cde0c
     20255 SB: Initialized memory B at address 0x3ef
     20265 [DRIVER] Init SRAM block 0 at Addr 0x3f0 with Data 0xe6720ccc
     20265 Mon: Initialize SRAM; Write to SRAM A, Addr: 0x3f0, Data: 0xe6720ccc
     20265 SB: Initialized memory A at address 0x3f0
     20275 [DRIVER] Init SRAM block 1 at Addr 0x3f0 with Data 0x5f90c3bf
     20275 Mon: Initialize SRAM; Write to SRAM B, Addr: 0x3f0, Data: 0x5f90c3bf
     20275 SB: Initialized memory B at address 0x3f0
     20285 [DRIVER] Init SRAM block 0 at Addr 0x3f1 with Data 0xa2b37045
     20285 Mon: Initialize SRAM; Write to SRAM A, Addr: 0x3f1, Data: 0xa2b37045
     20285 SB: Initialized memory A at address 0x3f1
     20295 [DRIVER] Init SRAM block 1 at Addr 0x3f1 with Data 0xd5bc48ab
     20295 Mon: Initialize SRAM; Write to SRAM B, Addr: 0x3f1, Data: 0xd5bc48ab
     20295 SB: Initialized memory B at address 0x3f1
     20305 [DRIVER] Init SRAM block 0 at Addr 0x3f2 with Data 0xfe75fefc
     20305 Mon: Initialize SRAM; Write to SRAM A, Addr: 0x3f2, Data: 0xfe75fefc
     20305 SB: Initialized memory A at address 0x3f2
     20315 [DRIVER] Init SRAM block 1 at Addr 0x3f2 with Data 0xbf24207e
     20315 Mon: Initialize SRAM; Write to SRAM B, Addr: 0x3f2, Data: 0xbf24207e
     20315 SB: Initialized memory B at address 0x3f2
     20325 [DRIVER] Init SRAM block 0 at Addr 0x3f3 with Data 0x039f5907
     20325 Mon: Initialize SRAM; Write to SRAM A, Addr: 0x3f3, Data: 0x39f5907
     20325 SB: Initialized memory A at address 0x3f3
     20335 [DRIVER] Init SRAM block 1 at Addr 0x3f3 with Data 0x5579b7aa
     20335 Mon: Initialize SRAM; Write to SRAM B, Addr: 0x3f3, Data: 0x5579b7aa
     20335 SB: Initialized memory B at address 0x3f3
     20345 [DRIVER] Init SRAM block 0 at Addr 0x3f4 with Data 0x5553b1aa
     20345 Mon: Initialize SRAM; Write to SRAM A, Addr: 0x3f4, Data: 0x5553b1aa
     20345 SB: Initialized memory A at address 0x3f4
     20355 [DRIVER] Init SRAM block 1 at Addr 0x3f4 with Data 0x42a09785
     20355 Mon: Initialize SRAM; Write to SRAM B, Addr: 0x3f4, Data: 0x42a09785
     20355 SB: Initialized memory B at address 0x3f4
     20365 [DRIVER] Init SRAM block 0 at Addr 0x3f5 with Data 0x1643a12c
     20365 Mon: Initialize SRAM; Write to SRAM A, Addr: 0x3f5, Data: 0x1643a12c
     20365 SB: Initialized memory A at address 0x3f5
     20375 [DRIVER] Init SRAM block 1 at Addr 0x3f5 with Data 0xe16ac4c2
     20375 Mon: Initialize SRAM; Write to SRAM B, Addr: 0x3f5, Data: 0xe16ac4c2
     20375 SB: Initialized memory B at address 0x3f5
     20385 [DRIVER] Init SRAM block 0 at Addr 0x3f6 with Data 0xb0650e60
     20385 Mon: Initialize SRAM; Write to SRAM A, Addr: 0x3f6, Data: 0xb0650e60
     20385 SB: Initialized memory A at address 0x3f6
     20395 [DRIVER] Init SRAM block 1 at Addr 0x3f6 with Data 0x700421e0
     20395 Mon: Initialize SRAM; Write to SRAM B, Addr: 0x3f6, Data: 0x700421e0
     20395 SB: Initialized memory B at address 0x3f6
     20405 [DRIVER] Init SRAM block 0 at Addr 0x3f7 with Data 0x08cf1111
     20405 Mon: Initialize SRAM; Write to SRAM A, Addr: 0x3f7, Data: 0x8cf1111
     20405 SB: Initialized memory A at address 0x3f7
     20415 [DRIVER] Init SRAM block 1 at Addr 0x3f7 with Data 0xa164cc42
     20415 Mon: Initialize SRAM; Write to SRAM B, Addr: 0x3f7, Data: 0xa164cc42
     20415 SB: Initialized memory B at address 0x3f7
     20425 [DRIVER] Init SRAM block 0 at Addr 0x3f8 with Data 0x2730c74e
     20425 Mon: Initialize SRAM; Write to SRAM A, Addr: 0x3f8, Data: 0x2730c74e
     20425 SB: Initialized memory A at address 0x3f8
     20435 [DRIVER] Init SRAM block 1 at Addr 0x3f8 with Data 0xa0e27e41
     20435 Mon: Initialize SRAM; Write to SRAM B, Addr: 0x3f8, Data: 0xa0e27e41
     20435 SB: Initialized memory B at address 0x3f8
     20445 [DRIVER] Init SRAM block 0 at Addr 0x3f9 with Data 0xd31b3aa6
     20445 Mon: Initialize SRAM; Write to SRAM A, Addr: 0x3f9, Data: 0xd31b3aa6
     20445 SB: Initialized memory A at address 0x3f9
     20455 [DRIVER] Init SRAM block 1 at Addr 0x3f9 with Data 0xa6b8ee4d
     20455 Mon: Initialize SRAM; Write to SRAM B, Addr: 0x3f9, Data: 0xa6b8ee4d
     20455 SB: Initialized memory B at address 0x3f9
     20465 [DRIVER] Init SRAM block 0 at Addr 0x3fa with Data 0xd21642a4
     20465 Mon: Initialize SRAM; Write to SRAM A, Addr: 0x3fa, Data: 0xd21642a4
     20465 SB: Initialized memory A at address 0x3fa
     20475 [DRIVER] Init SRAM block 1 at Addr 0x3fa with Data 0x9e212a3c
     20475 Mon: Initialize SRAM; Write to SRAM B, Addr: 0x3fa, Data: 0x9e212a3c
     20475 SB: Initialized memory B at address 0x3fa
     20485 [DRIVER] Init SRAM block 0 at Addr 0x3fb with Data 0x783865f0
     20485 Mon: Initialize SRAM; Write to SRAM A, Addr: 0x3fb, Data: 0x783865f0
     20485 SB: Initialized memory A at address 0x3fb
     20495 [DRIVER] Init SRAM block 1 at Addr 0x3fb with Data 0x8550020a
     20495 Mon: Initialize SRAM; Write to SRAM B, Addr: 0x3fb, Data: 0x8550020a
     20495 SB: Initialized memory B at address 0x3fb
     20505 [DRIVER] Init SRAM block 0 at Addr 0x3fc with Data 0xd1b9aea3
     20505 Mon: Initialize SRAM; Write to SRAM A, Addr: 0x3fc, Data: 0xd1b9aea3
     20505 SB: Initialized memory A at address 0x3fc
     20515 [DRIVER] Init SRAM block 1 at Addr 0x3fc with Data 0x0d735f1a
     20515 Mon: Initialize SRAM; Write to SRAM B, Addr: 0x3fc, Data: 0xd735f1a
     20515 SB: Initialized memory B at address 0x3fc
     20525 [DRIVER] Init SRAM block 0 at Addr 0x3fd with Data 0xfeb99efd
     20525 Mon: Initialize SRAM; Write to SRAM A, Addr: 0x3fd, Data: 0xfeb99efd
     20525 SB: Initialized memory A at address 0x3fd
     20535 [DRIVER] Init SRAM block 1 at Addr 0x3fd with Data 0x0486a709
     20535 Mon: Initialize SRAM; Write to SRAM B, Addr: 0x3fd, Data: 0x486a709
     20535 SB: Initialized memory B at address 0x3fd
     20545 [DRIVER] Init SRAM block 0 at Addr 0x3fe with Data 0x1b2ff936
     20545 Mon: Initialize SRAM; Write to SRAM A, Addr: 0x3fe, Data: 0x1b2ff936
     20545 SB: Initialized memory A at address 0x3fe
     20555 [DRIVER] Init SRAM block 1 at Addr 0x3fe with Data 0x2c961b59
     20555 Mon: Initialize SRAM; Write to SRAM B, Addr: 0x3fe, Data: 0x2c961b59
     20555 SB: Initialized memory B at address 0x3fe
     20565 [DRIVER] Init SRAM block 0 at Addr 0x3ff with Data 0x6bc0b3d7
     20565 Mon: Initialize SRAM; Write to SRAM A, Addr: 0x3ff, Data: 0x6bc0b3d7
     20565 SB: Initialized memory A at address 0x3ff
     20575 [DRIVER] Init SRAM block 1 at Addr 0x3ff with Data 0xc3c93687
     20575 Mon: Initialize SRAM; Write to SRAM B, Addr: 0x3ff, Data: 0xc3c93687
--- Starting Directed Testing ---
     20575 SB: Initialized memory B at address 0x3ff
     20585 [DRIVER] Init SRAM block 0 at Addr 0x064 with Data 0x00000000
     20585 Mon: Initialize SRAM; Write to SRAM A, Addr: 0x64, Data: 0x0
     20585 SB: Initialized memory A at address 0x64
     20595 [DRIVER] Init SRAM block 1 at Addr 0x064 with Data 0x00000000
     20595 Mon: Initialize SRAM; Write to SRAM B, Addr: 0x64, Data: 0x0
     20595 SB: Initialized memory B at address 0x64
     20605 [DRIVER] Init SRAM block 0 at Addr 0x065 with Data 0x00000000
     20605 Mon: Initialize SRAM; Write to SRAM A, Addr: 0x65, Data: 0x0
     20605 SB: Initialized memory A at address 0x65
     20615 [DRIVER] Init SRAM block 1 at Addr 0x065 with Data 0x00000000
     20615 Mon: Initialize SRAM; Write to SRAM B, Addr: 0x65, Data: 0x0
     20615 [DRIVER] Starting Calc: Read 0x064 to 0x065 | Write 0x0c8 to 0x0c8
     20615 SB: Initialized memory B at address 0x65
     20745 Mon: Read from Addr: 0x64, Data A: 0x0, Data B: 0x0
     20745 SB: Read verified against memory model at address 0x64
     20755 Mon: Read from Addr: 0x65, Data A: 0x0, Data B: 0x0
     20755 SB: Read verified against memory model at address 0x65
     20775 Mon: Write to Addr: 0xc8, Data A: 0x0, Data B: 0x0
     20775 SB: Write matched! Addr: 0xc8, Lower: 0x0, Upper: 0x0
     20805 [DRIVER] Init SRAM block 0 at Addr 0x066 with Data 0xffffffff
     20805 Mon: Initialize SRAM; Write to SRAM A, Addr: 0x66, Data: 0xffffffff
     20805 SB: Initialized memory A at address 0x66
     20815 [DRIVER] Init SRAM block 1 at Addr 0x066 with Data 0xffffffff
     20815 Mon: Initialize SRAM; Write to SRAM B, Addr: 0x66, Data: 0xffffffff
     20815 SB: Initialized memory B at address 0x66
     20825 [DRIVER] Init SRAM block 0 at Addr 0x067 with Data 0xffffffff
     20825 Mon: Initialize SRAM; Write to SRAM A, Addr: 0x67, Data: 0xffffffff
     20825 SB: Initialized memory A at address 0x67
     20835 [DRIVER] Init SRAM block 1 at Addr 0x067 with Data 0xffffffff
     20835 Mon: Initialize SRAM; Write to SRAM B, Addr: 0x67, Data: 0xffffffff
     20835 [DRIVER] Starting Calc: Read 0x066 to 0x067 | Write 0x0c9 to 0x0c9
     20835 SB: Initialized memory B at address 0x67
     20965 Mon: Read from Addr: 0x66, Data A: 0xffffffff, Data B: 0xffffffff
     20965 SB: Read verified against memory model at address 0x66
     20975 Mon: Read from Addr: 0x67, Data A: 0xffffffff, Data B: 0xffffffff
     20975 SB: Read verified against memory model at address 0x67
     20995 Mon: Write to Addr: 0xc9, Data A: 0xfffffffe, Data B: 0xffffffff
     20995 SB: Write matched! Addr: 0xc9, Lower: 0xfffffffe, Upper: 0xffffffff
--- Starting Toggle Sweep (Max Coverage) ---
     21025 [DRIVER] Init SRAM block 0 at Addr 0x3ff with Data 0xffffffff
     21025 Mon: Initialize SRAM; Write to SRAM A, Addr: 0x3ff, Data: 0xffffffff
     21025 SB: Initialized memory A at address 0x3ff
     21035 [DRIVER] Init SRAM block 1 at Addr 0x3ff with Data 0xffffffff
     21035 Mon: Initialize SRAM; Write to SRAM B, Addr: 0x3ff, Data: 0xffffffff
     21035 SB: Initialized memory B at address 0x3ff
     21045 [DRIVER] Init SRAM block 0 at Addr 0x000 with Data 0x00000000
     21045 Mon: Initialize SRAM; Write to SRAM A, Addr: 0x0, Data: 0x0
     21045 SB: Initialized memory A at address 0x0
     21055 [DRIVER] Init SRAM block 1 at Addr 0x000 with Data 0x00000000
     21055 Mon: Initialize SRAM; Write to SRAM B, Addr: 0x0, Data: 0x0
     21055 [DRIVER] Starting Calc: Read 0x3ff to 0x000 | Write 0x3ff to 0x3ff
     21055 SB: Initialized memory B at address 0x0
     21185 Mon: Read from Addr: 0x3ff, Data A: 0xffffffff, Data B: 0xffffffff
     21185 SB: Read verified against memory model at address 0x3ff
     21195 Mon: Read from Addr: 0x0, Data A: 0x0, Data B: 0x0
     21195 SB: Read verified against memory model at address 0x0
     21215 Mon: Write to Addr: 0x3ff, Data A: 0xffffffff, Data B: 0xffffffff
     21215 SB: Write matched! Addr: 0x3ff, Lower: 0xffffffff, Upper: 0xffffffff
     21245 [DRIVER] Init SRAM block 0 at Addr 0x2aa with Data 0xaaaaaaaa
     21245 Mon: Initialize SRAM; Write to SRAM A, Addr: 0x2aa, Data: 0xaaaaaaaa
     21245 SB: Initialized memory A at address 0x2aa
     21255 [DRIVER] Init SRAM block 1 at Addr 0x2aa with Data 0xaaaaaaaa
     21255 Mon: Initialize SRAM; Write to SRAM B, Addr: 0x2aa, Data: 0xaaaaaaaa
     21255 SB: Initialized memory B at address 0x2aa
     21265 [DRIVER] Init SRAM block 0 at Addr 0x2ab with Data 0xaaaaaaaa
     21265 Mon: Initialize SRAM; Write to SRAM A, Addr: 0x2ab, Data: 0xaaaaaaaa
     21265 SB: Initialized memory A at address 0x2ab
     21275 [DRIVER] Init SRAM block 1 at Addr 0x2ab with Data 0xaaaaaaaa
     21275 Mon: Initialize SRAM; Write to SRAM B, Addr: 0x2ab, Data: 0xaaaaaaaa
     21275 [DRIVER] Starting Calc: Read 0x2aa to 0x2ab | Write 0x2aa to 0x2aa
     21275 SB: Initialized memory B at address 0x2ab
     21405 Mon: Read from Addr: 0x2aa, Data A: 0xaaaaaaaa, Data B: 0xaaaaaaaa
     21405 SB: Read verified against memory model at address 0x2aa
     21415 Mon: Read from Addr: 0x2ab, Data A: 0xaaaaaaaa, Data B: 0xaaaaaaaa
     21415 SB: Read verified against memory model at address 0x2ab
     21435 Mon: Write to Addr: 0x2aa, Data A: 0x55555554, Data B: 0x55555555
     21435 SB: Write matched! Addr: 0x2aa, Lower: 0x55555554, Upper: 0x55555555
     21465 [DRIVER] Init SRAM block 0 at Addr 0x155 with Data 0x55555555
     21465 Mon: Initialize SRAM; Write to SRAM A, Addr: 0x155, Data: 0x55555555
     21465 SB: Initialized memory A at address 0x155
     21475 [DRIVER] Init SRAM block 1 at Addr 0x155 with Data 0x55555555
     21475 Mon: Initialize SRAM; Write to SRAM B, Addr: 0x155, Data: 0x55555555
     21475 SB: Initialized memory B at address 0x155
     21485 [DRIVER] Init SRAM block 0 at Addr 0x156 with Data 0x55555555
     21485 Mon: Initialize SRAM; Write to SRAM A, Addr: 0x156, Data: 0x55555555
     21485 SB: Initialized memory A at address 0x156
     21495 [DRIVER] Init SRAM block 1 at Addr 0x156 with Data 0x55555555
     21495 Mon: Initialize SRAM; Write to SRAM B, Addr: 0x156, Data: 0x55555555
     21495 [DRIVER] Starting Calc: Read 0x155 to 0x156 | Write 0x155 to 0x155
     21495 SB: Initialized memory B at address 0x156
     21625 Mon: Read from Addr: 0x155, Data A: 0x55555555, Data B: 0x55555555
     21625 SB: Read verified against memory model at address 0x155
     21635 Mon: Read from Addr: 0x156, Data A: 0x55555555, Data B: 0x55555555
     21635 SB: Read verified against memory model at address 0x156
     21655 Mon: Write to Addr: 0x155, Data A: 0xaaaaaaaa, Data B: 0xaaaaaaaa
     21655 SB: Write matched! Addr: 0x155, Lower: 0xaaaaaaaa, Upper: 0xaaaaaaaa
--- Starting Randomized Testing ---
--- Triggering Mid-Flight Reset ---
     21675 [DRIVER] Starting Calc: Read 0x00a to 0x032 | Write 0x0c8 to 0x0f0
     21795 [DRIVER] Starting Calc: Read 0x258 to 0x28e | Write 0x170 to 0x19f
     21925 Mon: Read from Addr: 0x258, Data A: 0x1fb0d13f, Data B: 0x2a2ff554
     21925 SB: Read verified against memory model at address 0x258
     21935 Mon: Read from Addr: 0x259, Data A: 0x2a565f54, Data B: 0xa62c344c
     21935 SB: Read verified against memory model at address 0x259
     21955 Mon: Write to Addr: 0x170, Data A: 0x4a073093, Data B: 0xd05c29a0
     21955 SB: Write matched! Addr: 0x170, Lower: 0x4a073093, Upper: 0xd05c29a0
     21985 Mon: Read from Addr: 0x25a, Data A: 0x83449006, Data B: 0x286f1350
     21985 SB: Read verified against memory model at address 0x25a
     21995 Mon: Read from Addr: 0x25b, Data A: 0x16b46d2d, Data B: 0xc34ddc86
     21995 SB: Read verified against memory model at address 0x25b
     22015 Mon: Write to Addr: 0x171, Data A: 0x99f8fd33, Data B: 0xebbcefd6
     22015 SB: Write matched! Addr: 0x171, Lower: 0x99f8fd33, Upper: 0xebbcefd6
     22045 Mon: Read from Addr: 0x25c, Data A: 0x3564836a, Data B: 0x5c2afdb8
     22045 SB: Read verified against memory model at address 0x25c
     22055 Mon: Read from Addr: 0x25d, Data A: 0xf7fecaef, Data B: 0x506a57a0
     22055 SB: Read verified against memory model at address 0x25d
     22075 Mon: Write to Addr: 0x172, Data A: 0x2d634e59, Data B: 0xac955559
     22075 SB: Write matched! Addr: 0x172, Lower: 0x2d634e59, Upper: 0xac955559
     22105 Mon: Read from Addr: 0x25e, Data A: 0x1fa98f3f, Data B: 0x84d4aa09
     22105 SB: Read verified against memory model at address 0x25e
     22115 Mon: Read from Addr: 0x25f, Data A: 0xd47b42a8, Data B: 0xaac1fa55
     22115 SB: Read verified against memory model at address 0x25f
     22135 Mon: Write to Addr: 0x173, Data A: 0xf424d1e7, Data B: 0x2f96a45e
     22135 SB: Write matched! Addr: 0x173, Lower: 0xf424d1e7, Upper: 0x2f96a45e
     22165 Mon: Read from Addr: 0x260, Data A: 0x8f49661e, Data B: 0xdc22dcb8
     22165 SB: Read verified against memory model at address 0x260
     22175 Mon: Read from Addr: 0x261, Data A: 0xe70a62ce, Data B: 0xeb40e6d6
     22175 SB: Read verified against memory model at address 0x261
     22195 Mon: Write to Addr: 0x174, Data A: 0x7653c8ec, Data B: 0xc763c38f
     22195 SB: Write matched! Addr: 0x174, Lower: 0x7653c8ec, Upper: 0xc763c38f
     22225 Mon: Read from Addr: 0x262, Data A: 0x92c27025, Data B: 0xd4ce0aa9
     22225 SB: Read verified against memory model at address 0x262
     22235 Mon: Read from Addr: 0x263, Data A: 0xe7b374cf, Data B: 0x1a9af535
     22235 SB: Read verified against memory model at address 0x263
     22255 Mon: Write to Addr: 0x175, Data A: 0x7a75e4f4, Data B: 0xef68ffdf
     22255 SB: Write matched! Addr: 0x175, Lower: 0x7a75e4f4, Upper: 0xef68ffdf
     22285 Mon: Read from Addr: 0x264, Data A: 0x2047dd40, Data B: 0x5b0c73b6
     22285 SB: Read verified against memory model at address 0x264
     22295 Mon: Read from Addr: 0x265, Data A: 0xfaf084f5, Data B: 0xad27c45a
     22295 SB: Read verified against memory model at address 0x265
     22315 Mon: Write to Addr: 0x176, Data A: 0x1b386235, Data B: 0x8343811
     22315 SB: Write matched! Addr: 0x176, Lower: 0x1b386235, Upper: 0x8343811
     22345 Mon: Read from Addr: 0x266, Data A: 0x70ed97e1, Data B: 0x12ce1125
     22345 SB: Read verified against memory model at address 0x266
     22355 Mon: Read from Addr: 0x267, Data A: 0x93ba6027, Data B: 0x227eb144
     22355 SB: Read verified against memory model at address 0x267
     22375 Mon: Write to Addr: 0x177, Data A: 0x4a7f808, Data B: 0x354cc26a
     22375 SB: Write matched! Addr: 0x177, Lower: 0x4a7f808, Upper: 0x354cc26a
     22405 Mon: Read from Addr: 0x268, Data A: 0xbc944679, Data B: 0xcfb89e9f
     22405 SB: Read verified against memory model at address 0x268
     22415 Mon: Read from Addr: 0x269, Data A: 0x545493a8, Data B: 0x64d2d3c9
     22415 SB: Read verified against memory model at address 0x269
     22435 Mon: Write to Addr: 0x178, Data A: 0x10e8da21, Data B: 0x348b7269
     22435 SB: Write matched! Addr: 0x178, Lower: 0x10e8da21, Upper: 0x348b7269
     22465 Mon: Read from Addr: 0x26a, Data A: 0x42955d85, Data B: 0x42e39d85
     22465 SB: Read verified against memory model at address 0x26a
     22475 Mon: Read from Addr: 0x26b, Data A: 0xb9d96873, Data B: 0x440f0988
     22475 SB: Read verified against memory model at address 0x26b
     22495 Mon: Write to Addr: 0x179, Data A: 0xfc6ec5f8, Data B: 0x86f2a70d
     22495 SB: Write matched! Addr: 0x179, Lower: 0xfc6ec5f8, Upper: 0x86f2a70d
     22525 Mon: Read from Addr: 0x26c, Data A: 0x4b2f0596, Data B: 0x9a544234
     22525 SB: Read verified against memory model at address 0x26c
     22535 Mon: Read from Addr: 0x26d, Data A: 0x1e85ed3d, Data B: 0x28b1f151
     22535 SB: Read verified against memory model at address 0x26d
     22555 Mon: Write to Addr: 0x17a, Data A: 0x69b4f2d3, Data B: 0xc3063385
     22555 SB: Write matched! Addr: 0x17a, Lower: 0x69b4f2d3, Upper: 0xc3063385
     22585 Mon: Read from Addr: 0x26e, Data A: 0x8db0281b, Data B: 0x8e39901c
     22585 SB: Read verified against memory model at address 0x26e
     22595 Mon: Read from Addr: 0x26f, Data A: 0x5ec5ebbd, Data B: 0xda69e2b4
     22595 SB: Read verified against memory model at address 0x26f
     22615 Mon: Write to Addr: 0x17b, Data A: 0xec7613d8, Data B: 0x68a372d0
     22615 SB: Write matched! Addr: 0x17b, Lower: 0xec7613d8, Upper: 0x68a372d0
     22645 Mon: Read from Addr: 0x270, Data A: 0x2764754e, Data B: 0x17e83f2f
     22645 SB: Read verified against memory model at address 0x270
     22655 Mon: Read from Addr: 0x271, Data A: 0x2cfff159, Data B: 0xf670fcec
     22655 SB: Read verified against memory model at address 0x271
     22675 Mon: Write to Addr: 0x17c, Data A: 0x546466a7, Data B: 0xe593c1b
     22675 SB: Write matched! Addr: 0x17c, Lower: 0x546466a7, Upper: 0xe593c1b
     22705 Mon: Read from Addr: 0x272, Data A: 0xf40551e, Data B: 0xce96ca9d
     22705 SB: Read verified against memory model at address 0x272
     22715 Mon: Read from Addr: 0x273, Data A: 0xe02148c0, Data B: 0x71a919e3
     22715 SB: Read verified against memory model at address 0x273
     22735 Mon: Write to Addr: 0x17d, Data A: 0xef619dde, Data B: 0x403fe480
     22735 SB: Write matched! Addr: 0x17d, Lower: 0xef619dde, Upper: 0x403fe480
     22765 Mon: Read from Addr: 0x274, Data A: 0xb24cf664, Data B: 0xa5d9704b
     22765 SB: Read verified against memory model at address 0x274
     22775 Mon: Read from Addr: 0x275, Data A: 0x48e9ff91, Data B: 0x4277d784
     22775 SB: Read verified against memory model at address 0x275
     22795 Mon: Write to Addr: 0x17e, Data A: 0xfb36f5f5, Data B: 0xe85147cf
     22795 SB: Write matched! Addr: 0x17e, Lower: 0xfb36f5f5, Upper: 0xe85147cf
     22825 Mon: Read from Addr: 0x276, Data A: 0x24d44749, Data B: 0x89de2c13
     22825 SB: Read verified against memory model at address 0x276
     22835 Mon: Read from Addr: 0x277, Data A: 0xd9f8e0b3, Data B: 0xe62911c
     22835 SB: Read verified against memory model at address 0x277
     22855 Mon: Write to Addr: 0x17f, Data A: 0xfecd27fc, Data B: 0x9840bd2f
     22855 SB: Write matched! Addr: 0x17f, Lower: 0xfecd27fc, Upper: 0x9840bd2f
     22885 Mon: Read from Addr: 0x278, Data A: 0x144ced28, Data B: 0x1568bb2a
     22885 SB: Read verified against memory model at address 0x278
     22895 Mon: Read from Addr: 0x279, Data A: 0x2e97795d, Data B: 0x776a61ee
     22895 SB: Read verified against memory model at address 0x279
     22915 Mon: Write to Addr: 0x180, Data A: 0x42e46685, Data B: 0x8cd31d18
     22915 SB: Write matched! Addr: 0x180, Lower: 0x42e46685, Upper: 0x8cd31d18
     22945 Mon: Read from Addr: 0x27a, Data A: 0x66065bcc, Data B: 0x5d8e95bb
     22945 SB: Read verified against memory model at address 0x27a
     22955 Mon: Read from Addr: 0x27b, Data A: 0xbc461478, Data B: 0x652825ca
     22955 SB: Read verified against memory model at address 0x27b
     22975 Mon: Write to Addr: 0x181, Data A: 0x224c7044, Data B: 0xc2b6bb86
     22975 SB: Write matched! Addr: 0x181, Lower: 0x224c7044, Upper: 0xc2b6bb86
     23005 Mon: Read from Addr: 0x27c, Data A: 0x2e94b75d, Data B: 0x8f32fa1e
     23005 SB: Read verified against memory model at address 0x27c
     23015 Mon: Read from Addr: 0x27d, Data A: 0x3b07bd76, Data B: 0x65a879cb
     23015 SB: Read verified against memory model at address 0x27d
     23035 Mon: Write to Addr: 0x182, Data A: 0x699c74d3, Data B: 0xf4db73e9
     23035 SB: Write matched! Addr: 0x182, Lower: 0x699c74d3, Upper: 0xf4db73e9
     23065 Mon: Read from Addr: 0x27e, Data A: 0x6dfcf1db, Data B: 0xda42e4b4
     23065 SB: Read verified against memory model at address 0x27e
     23075 Mon: Read from Addr: 0x27f, Data A: 0x106e4320, Data B: 0x207bb04
     23075 SB: Read verified against memory model at address 0x27f
     23095 Mon: Write to Addr: 0x183, Data A: 0x7e6b34fb, Data B: 0xdc4a9fb8
     23095 SB: Write matched! Addr: 0x183, Lower: 0x7e6b34fb, Upper: 0xdc4a9fb8
     23125 Mon: Read from Addr: 0x280, Data A: 0xbca0b279, Data B: 0xe6b110cd
     23125 SB: Read verified against memory model at address 0x280
     23135 Mon: Read from Addr: 0x281, Data A: 0xc9662c92, Data B: 0xa2ce0045
     23135 SB: Read verified against memory model at address 0x281
     23155 Mon: Write to Addr: 0x184, Data A: 0x8606df0b, Data B: 0x897f1113
     23155 SB: Write matched! Addr: 0x184, Lower: 0x8606df0b, Upper: 0x897f1113
     23185 Mon: Read from Addr: 0x282, Data A: 0xd4ea6aa9, Data B: 0xcf31fc9e
     23185 SB: Read verified against memory model at address 0x282
     23195 Mon: Read from Addr: 0x283, Data A: 0x6ec2cbdd, Data B: 0x600b2dc0
     23195 SB: Read verified against memory model at address 0x283
     23215 Mon: Write to Addr: 0x185, Data A: 0x43ad3686, Data B: 0x2f3d2a5f
     23215 SB: Write matched! Addr: 0x185, Lower: 0x43ad3686, Upper: 0x2f3d2a5f
     23245 Mon: Read from Addr: 0x284, Data A: 0xa5b9424b, Data B: 0x5db7e1bb
     23245 SB: Read verified against memory model at address 0x284
     23255 Mon: Read from Addr: 0x285, Data A: 0x408a2981, Data B: 0xd932d8b2
     23255 SB: Read verified against memory model at address 0x285
     23275 Mon: Write to Addr: 0x186, Data A: 0xe6436bcc, Data B: 0x36eaba6d
     23275 SB: Write matched! Addr: 0x186, Lower: 0xe6436bcc, Upper: 0x36eaba6d
     23305 Mon: Read from Addr: 0x286, Data A: 0x598d27b3, Data B: 0x5aeb90b
     23305 SB: Read verified against memory model at address 0x286
     23315 Mon: Read from Addr: 0x287, Data A: 0x24011148, Data B: 0xf0b860e1
     23315 SB: Read verified against memory model at address 0x287
     23335 Mon: Write to Addr: 0x187, Data A: 0x7d8e38fb, Data B: 0xf66719ec
     23335 SB: Write matched! Addr: 0x187, Lower: 0x7d8e38fb, Upper: 0xf66719ec
     23365 Mon: Read from Addr: 0x288, Data A: 0x7e72c5fc, Data B: 0xd7f844af
     23365 SB: Read verified against memory model at address 0x288
     23375 Mon: Read from Addr: 0x289, Data A: 0xd0770ea0, Data B: 0x76adf0e
     23375 SB: Read verified against memory model at address 0x289
     23395 Mon: Write to Addr: 0x188, Data A: 0x4ee9d49c, Data B: 0xdf6323be
     23395 SB: Write matched! Addr: 0x188, Lower: 0x4ee9d49c, Upper: 0xdf6323be
     23425 Mon: Read from Addr: 0x28a, Data A: 0x3aaf8775, Data B: 0x6ca7ffd9
     23425 SB: Read verified against memory model at address 0x28a
     23435 Mon: Read from Addr: 0x28b, Data A: 0x86d26e0d, Data B: 0x13913127
     23435 SB: Read verified against memory model at address 0x28b
     23455 Mon: Write to Addr: 0x189, Data A: 0xc181f582, Data B: 0x80393100
     23455 SB: Write matched! Addr: 0x189, Lower: 0xc181f582, Upper: 0x80393100
     23485 Mon: Read from Addr: 0x28c, Data A: 0x3a2d9974, Data B: 0x7e7f21fc
     23485 SB: Read verified against memory model at address 0x28c
     23495 Mon: Read from Addr: 0x28d, Data A: 0xdfdc3ebf, Data B: 0xafc5f25f
     23495 SB: Read verified against memory model at address 0x28d
     23515 Mon: Write to Addr: 0x18a, Data A: 0x1a09d833, Data B: 0x2e45145c
     23515 SB: Write matched! Addr: 0x18a, Lower: 0x1a09d833, Upper: 0x2e45145c
     23545 Mon: Read from Addr: 0x28e, Data A: 0xc0a7e881, Data B: 0xb428aa68
     23545 SB: Read verified against memory model at address 0x28e
     23555 Mon: Read from Addr: 0x28f, Data A: 0xfd4c48fa, Data B: 0xfd9380fb
     23555 SB: Read verified against memory model at address 0x28f
     23575 Mon: Write to Addr: 0x18b, Data A: 0xbdf4317b, Data B: 0xb1bc2b64
     23575 SB: Write matched! Addr: 0x18b, Lower: 0xbdf4317b, Upper: 0xb1bc2b64
     23595 [DRIVER] Starting Calc: Read 0x0cc to 0x107 | Write 0x115 to 0x2dd
     23695 Mon: Read from Addr: 0xcc, Data A: 0x3e9b707, Data B: 0xb522406a
     23695 SB: Read verified against memory model at address 0xcc
     23705 Mon: Read from Addr: 0xcd, Data A: 0x895f911, Data B: 0x746affe8
     23705 SB: Read verified against memory model at address 0xcd
     23725 Mon: Write to Addr: 0x115, Data A: 0xc7fb018, Data B: 0x298d4052
     23725 SB: Write matched! Addr: 0x115, Lower: 0xc7fb018, Upper: 0x298d4052
     23755 Mon: Read from Addr: 0xce, Data A: 0xa5e79e4b, Data B: 0x39e48173
     23755 SB: Read verified against memory model at address 0xce
     23765 Mon: Read from Addr: 0xcf, Data A: 0x76295bec, Data B: 0x11fe0523
     23765 SB: Read verified against memory model at address 0xcf
     23785 Mon: Write to Addr: 0x116, Data A: 0x1c10fa37, Data B: 0x4be28697
     23785 SB: Write matched! Addr: 0x116, Lower: 0x1c10fa37, Upper: 0x4be28697
     23815 Mon: Read from Addr: 0xd0, Data A: 0x520eefa4, Data B: 0x64e165c9
     23815 SB: Read verified against memory model at address 0xd0
     23825 Mon: Read from Addr: 0xd1, Data A: 0x9ca70439, Data B: 0xef8372df
     23825 SB: Read verified against memory model at address 0xd1
     23845 Mon: Write to Addr: 0x117, Data A: 0xeeb5f3dd, Data B: 0x5464d8a8
     23845 SB: Write matched! Addr: 0x117, Lower: 0xeeb5f3dd, Upper: 0x5464d8a8
     23875 Mon: Read from Addr: 0xd2, Data A: 0xea5814d4, Data B: 0x33836567
     23875 SB: Read verified against memory model at address 0xd2
     23885 Mon: Read from Addr: 0xd3, Data A: 0x4ea0419d, Data B: 0x583125b0
     23885 SB: Read verified against memory model at address 0xd3
     23905 Mon: Write to Addr: 0x118, Data A: 0x38f85671, Data B: 0x8bb48b18
     23905 SB: Write matched! Addr: 0x118, Lower: 0x38f85671, Upper: 0x8bb48b18
     23935 Mon: Read from Addr: 0xd4, Data A: 0x41103982, Data B: 0x24d2bf49
     23935 SB: Read verified against memory model at address 0xd4
     23945 Mon: Read from Addr: 0xd5, Data A: 0xecb91ad9, Data B: 0x1000b720
     23945 SB: Read verified against memory model at address 0xd5
     23965 Mon: Write to Addr: 0x119, Data A: 0x2dc9545b, Data B: 0x34d3766a
     23965 SB: Write matched! Addr: 0x119, Lower: 0x2dc9545b, Upper: 0x34d3766a
     23995 Mon: Read from Addr: 0xd6, Data A: 0x8e054c1c, Data B: 0x49b16f93
     23995 SB: Read verified against memory model at address 0xd6
     24005 Mon: Read from Addr: 0xd7, Data A: 0x71b461e3, Data B: 0x954b822a
     24005 SB: Read verified against memory model at address 0xd7
     24025 Mon: Write to Addr: 0x11a, Data A: 0xffb9adff, Data B: 0xdefcf1bd
     24025 SB: Write matched! Addr: 0x11a, Lower: 0xffb9adff, Upper: 0xdefcf1bd
     24055 Mon: Read from Addr: 0xd8, Data A: 0xe471f8c8, Data B: 0xaed72e5d
     24055 SB: Read verified against memory model at address 0xd8
     24065 Mon: Read from Addr: 0xd9, Data A: 0x1d3f9d3a, Data B: 0x4226a984
     24065 SB: Read verified against memory model at address 0xd9
     24085 Mon: Write to Addr: 0x11b, Data A: 0x1b19602, Data B: 0xf0fdd7e2
     24085 SB: Write matched! Addr: 0x11b, Lower: 0x1b19602, Upper: 0xf0fdd7e2
     24115 Mon: Read from Addr: 0xda, Data A: 0x95a9a82b, Data B: 0x1c8d7f39
     24115 SB: Read verified against memory model at address 0xda
     24125 Mon: Read from Addr: 0xdb, Data A: 0x897f1c12, Data B: 0xa97f0052
     24125 SB: Read verified against memory model at address 0xdb
     24145 Mon: Write to Addr: 0x11c, Data A: 0x1f28c43d, Data B: 0xc60c7f8c
     24145 SB: Write matched! Addr: 0x11c, Lower: 0x1f28c43d, Upper: 0xc60c7f8c
     24175 Mon: Read from Addr: 0xdc, Data A: 0x2c848959, Data B: 0xe82b96d0
     24175 SB: Read verified against memory model at address 0xdc
     24185 Mon: Read from Addr: 0xdd, Data A: 0xb759ea6e, Data B: 0x4bf52997
     24185 SB: Read verified against memory model at address 0xdd
     24205 Mon: Write to Addr: 0x11d, Data A: 0xe3de73c7, Data B: 0x3420c067
     24205 SB: Write matched! Addr: 0x11d, Lower: 0xe3de73c7, Upper: 0x3420c067
     24235 Mon: Read from Addr: 0xde, Data A: 0x6d8b87db, Data B: 0x535277a6
     24235 SB: Read verified against memory model at address 0xde
     24245 Mon: Read from Addr: 0xdf, Data A: 0x5d85d3bb, Data B: 0x80797c00
     24245 SB: Read verified against memory model at address 0xdf
     24265 Mon: Write to Addr: 0x11e, Data A: 0xcb115b96, Data B: 0xd3cbf3a6
     24265 SB: Write matched! Addr: 0x11e, Lower: 0xcb115b96, Upper: 0xd3cbf3a6
     24295 Mon: Read from Addr: 0xe0, Data A: 0x87e44c0f, Data B: 0xb4e8d669
     24295 SB: Read verified against memory model at address 0xe0
     24305 Mon: Read from Addr: 0xe1, Data A: 0x8653620c, Data B: 0x2ca81959
     24305 SB: Read verified against memory model at address 0xe1
     24325 Mon: Write to Addr: 0x11f, Data A: 0xe37ae1b, Data B: 0xe190efc3
     24325 SB: Write matched! Addr: 0x11f, Lower: 0xe37ae1b, Upper: 0xe190efc3
     24355 Mon: Read from Addr: 0xe2, Data A: 0x62fd49c5, Data B: 0x67d735cf
     24355 SB: Read verified against memory model at address 0xe2
     24365 Mon: Read from Addr: 0xe3, Data A: 0x4839e590, Data B: 0xa8e4d851
     24365 SB: Read verified against memory model at address 0xe3
     24385 Mon: Write to Addr: 0x120, Data A: 0xab372f55, Data B: 0x10bc0e20
     24385 SB: Write matched! Addr: 0x120, Lower: 0xab372f55, Upper: 0x10bc0e20
     24415 Mon: Read from Addr: 0xe4, Data A: 0xb4f9a469, Data B: 0x3b83cd77
     24415 SB: Read verified against memory model at address 0xe4
     24425 Mon: Read from Addr: 0xe5, Data A: 0x2523654a, Data B: 0xec3758d8
     24425 SB: Read verified against memory model at address 0xe5
     24445 Mon: Write to Addr: 0x121, Data A: 0xda1d09b3, Data B: 0x27bb264f
     24445 SB: Write matched! Addr: 0x121, Lower: 0xda1d09b3, Upper: 0x27bb264f
     24475 Mon: Read from Addr: 0xe6, Data A: 0x4ddd4d9b, Data B: 0xe20e9ac4
     24475 SB: Read verified against memory model at address 0xe6
     24485 Mon: Read from Addr: 0xe7, Data A: 0x5c78b1b8, Data B: 0xdbe6f2b7
     24485 SB: Read verified against memory model at address 0xe7
     24505 Mon: Write to Addr: 0x122, Data A: 0xaa55ff53, Data B: 0xbdf58d7b
     24505 SB: Write matched! Addr: 0x122, Lower: 0xaa55ff53, Upper: 0xbdf58d7b
     24535 Mon: Read from Addr: 0xe8, Data A: 0xc378ee86, Data B: 0x984d5a30
     24535 SB: Read verified against memory model at address 0xe8
     24545 Mon: Read from Addr: 0xe9, Data A: 0x3bed5377, Data B: 0x5ad6c7b5
     24545 SB: Read verified against memory model at address 0xe9
     24565 Mon: Write to Addr: 0x123, Data A: 0xff6641fd, Data B: 0xf32421e5
     24565 SB: Write matched! Addr: 0x123, Lower: 0xff6641fd, Upper: 0xf32421e5
     24595 Mon: Read from Addr: 0xea, Data A: 0x6a15f5d4, Data B: 0x3878707
     24595 SB: Read verified against memory model at address 0xea
     24605 Mon: Read from Addr: 0xeb, Data A: 0x3b0b9776, Data B: 0x74a1ade9
     24605 SB: Read verified against memory model at address 0xeb
     24625 Mon: Write to Addr: 0x124, Data A: 0xa5218d4a, Data B: 0x782934f0
     24625 SB: Write matched! Addr: 0x124, Lower: 0xa5218d4a, Upper: 0x782934f0
     24655 Mon: Read from Addr: 0xec, Data A: 0x45e28b8b, Data B: 0xf25f01
     24655 SB: Read verified against memory model at address 0xec
     24665 Mon: Read from Addr: 0xed, Data A: 0x6d808bdb, Data B: 0xc0764280
     24665 SB: Read verified against memory model at address 0xed
     24685 Mon: Write to Addr: 0x125, Data A: 0xb3631766, Data B: 0xc168a181
     24685 SB: Write matched! Addr: 0x125, Lower: 0xb3631766, Upper: 0xc168a181
     24715 Mon: Read from Addr: 0xee, Data A: 0x611d9fc2, Data B: 0xe2ecdac5
     24715 SB: Read verified against memory model at address 0xee
     24725 Mon: Read from Addr: 0xef, Data A: 0x9827fa30, Data B: 0xd7b2e4af
     24725 SB: Read verified against memory model at address 0xef
     24745 Mon: Write to Addr: 0x126, Data A: 0xf94599f2, Data B: 0xba9fbf74
     24745 SB: Write matched! Addr: 0x126, Lower: 0xf94599f2, Upper: 0xba9fbf74
TEST PASSED
Simulation complete via $finish(1) at time 24775 NS + 0
./sym_links/calc_tb_top.sv:125     $finish;
xcelium> exit

coverage setup:
  workdir  :  ./cov_work
  dutinst  :  calc_tb_top(calc_tb_top)
  scope    :  scope
  testname :  test

coverage files:
  model(design data) :  ./cov_work/scope/icc_6725b30b_161e1ebe.ucm
  data               :  ./cov_work/scope/test/icc_6725b30b_161e1ebe.ucd
TOOL:	xrun(64)	25.03-s003: Exiting on Feb 20, 2026 at 16:55:16 EST  (total: 00:00:01)
